"cellID","Lamp5","Vip"
"CTATTAGGCTTATGCAGTTACATTGCGAGT-HYA__combined__20210323_cortex_phu_dv_etssb_1-4_S4",3.1375010013580322,1.9903597831726074
"ACGAGGATTGGTATTGAGCCGTCAACTAAC-HYA__combined__20210323_cortex_phu_dv_etssb_1-2_S2",3.108384847640991,2.1551856994628906
"CTAGAAGGCTACTTAGGCGACGTCAGACAA-HYA__combined__20210323_cortex_phu_dv_etssb_1-1_S1",2.973489761352539,2.3521780967712402
"GCCGACATTAATCTCAACAGATGAATCGAG-HYA__combined__20210323_cortex_phu_dv_etssb_1-5_S5",2.867811918258667,2.6101272106170654
"TGGTCTACTCCTCACATTCACGTAGTTACA-HYA__combined__20210323_cortex_phu_dv_etssb_1-4_S4",3.033109664916992,2.372624158859253
"AGCGGATACACATTCGCGTACCGTTCGTCC-HYA__combined__20210323_cortex_phu_dv_etssb_1-2_S2",2.831285238265991,2.766263723373413
"GGTTAGCAGAGACGTCTCCTTGGAATAGAC-HYA__combined__20210323_cortex_phu_dv_etssb_1-2_S2",3.1850414276123047,2.29308819770813
"TCATGTGAAGGCTACGACAGCATCTCAGGT-HYA__combined__20210323_cortex_phu_dv_etssb_1-3_S3",2.9068503379821777,2.7588298320770264
"TAGTTGGACTGACGGACGGTAACATACTCG-HYA__combined__20210323_cortex_phu_dv_etssb_1-4_S4",2.830547332763672,2.904184341430664
"CTATTAGGCTACCAAGGAGACGTCATCCTA-HYA__combined__20210323_cortex_phu_dv_etssb_1-2_S2",3.426333427429199,2.0210037231445312
"GGTTAATCACCTTCTGGTATTACCTAGATC-HYA__af8d60__20210309_mouse_cortex_MCF-7_PC3_1-2_S3",2.8880257606506348,2.8392012119293213
"CTTGAAGAAGATCCGAAGTCATGAATCGAG-HYA__combined__20210323_cortex_phu_dv_etssb_1-1_S1",3.13924503326416,2.5001723766326904
"AGATATCGAGGTGATAGGAAGATTCAGGAG-HYA__combined__20210323_cortex_phu_dv_etssb_1-2_S2",2.9310755729675293,2.8131117820739746
"GCAATGATTGACACGTTGTGTGCTGTATCA-HYA__combined__20210323_cortex_phu_dv_etssb_1-4_S4",3.122669219970703,2.53084135055542
"AATGCCGTGCGCGGTGGTTACATTGCGAGT-HYA__combined__20210323_cortex_phu_dv_etssb_1-4_S4",3.0260074138641357,2.6991991996765137
"ACTAGCTCTCACTTAGGCGAGTTCGTCAGC-HYA__combined__20210323_cortex_phu_dv_etssb_1-1_S1",2.9224672317504883,2.8831353187561035
"GAGGTACTACATCTTGCATCCGGCATAAGG-HYA__combined__20210323_cortex_phu_dv_etssb_1-1_S1",3.076881170272827,2.676530122756958
"GCATCAGAAGTTAGTTGGACTTGCCACAAT-HYA__combined__20210323_cortex_phu_dv_etssb_1-5_S5",3.431975841522217,2.160351037979126
"CTATTAGGCTTATGCAGTTATACCTAGATC-HYA__combined__20210323_cortex_phu_dv_etssb_1-3_S3",3.2304680347442627,2.443803071975708
"GCAGACCAGAATGAGCCAGATGACCGGAAC-HYA__af8d60__20210309_mouse_cortex_MCF-7_PC3_1-2_S3",3.5073368549346924,2.0586302280426025
"ACCTCGAATCATACGAGCCACGTTATACGT-HYA__combined__20210323_cortex_phu_dv_etssb_1-4_S4",2.9158899784088135,2.9362375736236572
"TAAGTGATCGTAACCGATTCAGGACGACTG-HYA__combined__20210323_cortex_phu_dv_etssb_1-5_S5",3.0550360679626465,2.733560800552368
"TGTCACAACAACTGTACGCACCTTCGTTAA-HYA__932b0e__20210309_mouse_cortex_MCF-7_PC3_1-1_S2",3.38815975189209,2.2799417972564697
"ACTAGGCTTCGCGGTGGTTATCTACAGTGC-HYA__combined__20210323_cortex_phu_dv_etssb_1-5_S5",3.2847554683685303,2.4251017570495605
"TGTCACAACACTCGATCAACAACCAACTTA-HYA__combined__20210323_cortex_phu_dv_etssb_1-5_S5",2.8781239986419678,3.036198139190674
"CAGTGTGGAAATCCGAAGTCACACACTAGG-HYA__combined__20210323_cortex_phu_dv_etssb_1-3_S3",3.0282342433929443,2.8185582160949707
"GACCAATCGAACTGTACGCACGAACTTCCT-HYA__af8d60__20210309_mouse_cortex_MCF-7_PC3_1-2_S3",3.380094289779663,2.3185770511627197
"TGGTCTACTCATACGAGCCACTGAGACCAA-HYA__combined__20210323_cortex_phu_dv_etssb_1-3_S3",3.1365206241607666,2.6713457107543945
"GCTGTCCTAGATACGAGCCATTCATGAGGT-HYA__af8d60__20210309_mouse_cortex_MCF-7_PC3_1-2_S3",2.884763717651367,3.0509848594665527
"CACTGGTGGTTAGGCTGATTCTGGAACACG-HYA__combined__20210323_cortex_phu_dv_etssb_1-4_S4",3.0985865592956543,2.738210678100586
"AAGAGGCTAAGTCCAGGCTTTTAGGACCAG-HYA__combined__20210323_cortex_phu_dv_etssb_1-3_S3",3.080716609954834,2.7656025886535645
"AGGACGTTCGTGAGGTAGTCTGTGTCTGCC-HYA__932b0e__20210309_mouse_cortex_MCF-7_PC3_1-1_S2",3.1295082569122314,2.7089333534240723
"CATGTCTGCAGACTTGTAACACCGATTGAC-HYA__combined__20210323_cortex_phu_dv_etssb_1-4_S4",3.054090738296509,2.8088033199310303
"AGGACGTTCGTCCGCTATCGTTGCCACAAT-HYA__af8d60__20210309_mouse_cortex_MCF-7_PC3_1-2_S3",3.348755359649658,2.39132022857666
"TTCACATTCCTCGTGTGATAATGAATCGAG-HYA__932b0e__20210309_mouse_cortex_MCF-7_PC3_1-1_S2",3.0646719932556152,2.8199217319488525
"CATCGTCGTAGGCTTGAGAGCCTTCGTTAA-HYA__combined__20210323_cortex_phu_dv_etssb_1-2_S2",3.243790626525879,2.606938123703003
"GTGTGAAGAATGAATATCAGGTGTCAGCAC-HYA__combined__20210323_cortex_phu_dv_etssb_1-2_S2",3.3049304485321045,2.511556625366211
"CAAGCACCGTATACGAGCCATCACTCGAAG-HYA__combined__20210323_cortex_phu_dv_etssb_1-1_S1",3.2311322689056396,2.615514039993286
"TGCTTGCCGTATCCGAAGTCTTAGGACCAG-HYA__combined__20210323_cortex_phu_dv_etssb_1-3_S3",3.184269666671753,2.6971352100372314
"TGACCGTACTTTAGTTGGACGGCTTCCAGA-HYA__combined__20210323_cortex_phu_dv_etssb_1-2_S2",3.0784010887145996,2.8693411350250244
"TGACCGTACTTTAGTTGGACGTAATCGGTG-HYA__combined__20210323_cortex_phu_dv_etssb_1-5_S5",3.2216930389404297,2.66044020652771
"AGGAGACTCACGTTCAATCTCTTCGTGTTA-HYA__combined__20210323_cortex_phu_dv_etssb_1-2_S2",3.1652915477752686,2.7631232738494873
"ACCAGACGTATAGGCTGATTTTGCAGTTCT-HYA__combined__20210323_cortex_phu_dv_etssb_1-4_S4",3.2726852893829346,2.6209723949432373
"TAGTTCTTGATGAGGTAGTCAACATACTCG-HYA__af8d60__20210309_mouse_cortex_MCF-7_PC3_1-2_S3",3.175384998321533,2.765793561935425
"GAACTTGTAGCAACCAACGGCAATACGTCT-HYA__combined__20210323_cortex_phu_dv_etssb_1-3_S3",2.939802408218384,3.113415241241455
"ACCTATCAGATTAGAGCACACACCAACCTA-HYA__af8d60__20210309_mouse_cortex_MCF-7_PC3_1-2_S3",2.798614025115967,3.3337690830230713
"ACGAGGATTGTGAACCTTACAATAGGCAGG-HYA__combined__20210323_cortex_phu_dv_etssb_1-1_S1",3.184619903564453,2.7919955253601074
"ACGAACCGACGCGGTGGTTATATGCGGCTT-HYA__combined__20210323_cortex_phu_dv_etssb_1-1_S1",3.2782557010650635,2.7195467948913574
"TGTCACAACAGTGAAGAGTAGTGTCAGCAC-HYA__combined__20210323_cortex_phu_dv_etssb_1-4_S4",3.2867794036865234,2.7068889141082764
"CAGTAAGGTCAATAGCGTGGAGTATAGTCC-HYA__combined__20210323_cortex_phu_dv_etssb_1-5_S5",3.4308009147644043,2.502121925354004
"GATTAGAGAAAAGCTGTATCTCTGAGATCG-HYA__combined__20210323_cortex_phu_dv_etssb_1-3_S3",3.327131986618042,2.6615283489227295
"GTGAGTAGCCTTAGAGCACATCCGTAACCT-HYA__combined__20210323_cortex_phu_dv_etssb_1-1_S1",3.113381862640381,2.9954872131347656
"ACTAGCTCTCTTGGTCTCGTCTTCGTGTTA-HYA__combined__20210323_cortex_phu_dv_etssb_1-4_S4",3.2386844158172607,2.812875270843506
"ACTCTCTACGATGAGCCAGAGGCTTCCAGA-HYA__combined__20210323_cortex_phu_dv_etssb_1-2_S2",3.094845771789551,3.0371999740600586
"ATTGAACCACACCAAGGAGAAATCTGCACA-HYA__combined__20210323_cortex_phu_dv_etssb_1-5_S5",3.296950578689575,2.7381296157836914
"TCCTGATAAGATTCAGGACGTGTGCGATTA-HYA__combined__20210323_cortex_phu_dv_etssb_1-5_S5",3.2095258235931396,2.8632609844207764
"TGGTCTACTCCCTCAATTACAGAGAATGTC-HYA__combined__20210323_cortex_phu_dv_etssb_1-5_S5",3.3272221088409424,2.6919379234313965
"ACTAGGCTTCGATGCCTCAATGTAGCAAGT-HYA__combined__20210323_cortex_phu_dv_etssb_1-1_S1",3.4539153575897217,2.5213730335235596
"CCAGTCAATCATCCGAAGTCCTATCCGTCA-HYA__combined__20210323_cortex_phu_dv_etssb_1-5_S5",3.3833625316619873,2.630606174468994
"GATTAGAGAAGACGTCTCCTCAATACGTCT-HYA__combined__20210323_cortex_phu_dv_etssb_1-5_S5",3.4302470684051514,2.57000470161438
"TTGTCCGCCATATGCAGTTACTCCTCATCC-HYA__combined__20210323_cortex_phu_dv_etssb_1-5_S5",3.2746875286102295,2.7949769496917725
"GAGGTACTACGTGATAGGAAAGATTGCTCA-HYA__combined__20210323_cortex_phu_dv_etssb_1-2_S2",3.3658480644226074,2.675130844116211
"ACCTCGAATCTAAGCGGTGGTGCTGTATCA-HYA__combined__20210323_cortex_phu_dv_etssb_1-2_S2",3.461026906967163,2.5435285568237305
"TAGTTCTTGAGACCTAAGGATGTAGCAAGT-HYA__combined__20210323_cortex_phu_dv_etssb_1-2_S2",3.444577217102051,2.578491449356079
"TAGCTGTTGGGGTTGGAATAACCAATATCG-HYA__combined__20210323_cortex_phu_dv_etssb_1-1_S1",3.2826950550079346,2.813330888748169
"GACCAATCGACAGGTTCGTGTATGCGGCTT-HYA__combined__20210323_cortex_phu_dv_etssb_1-4_S4",3.3899738788604736,2.665186882019043
"ACCTATCAGAGTACACACATTCCGTAACCT-HYA__combined__20210323_cortex_phu_dv_etssb_1-5_S5",3.456615924835205,2.5614140033721924
"CACAGACAACGACCTAAGGACATCTCAGGT-HYA__932b0e__20210309_mouse_cortex_MCF-7_PC3_1-1_S2",3.2339887619018555,2.897244691848755
"TGCTTGCCGTATTCGGTCAGATTACCACTA-HYA__combined__20210323_cortex_phu_dv_etssb_1-4_S4",3.4255359172821045,2.640702962875366
"AATGATGCGGATCCGAAGTCTCCAGTGTTC-HYA__combined__20210323_cortex_phu_dv_etssb_1-5_S5",3.3320508003234863,2.777395248413086
"ACCAGACGTATAGGAGTCAAGTCAAGCCAA-HYA__combined__20210323_cortex_phu_dv_etssb_1-4_S4",3.1289114952087402,3.0801658630371094
"CACAGACAACCTCCAACTATATTACCACTA-HYA__932b0e__20210309_mouse_cortex_MCF-7_PC3_1-1_S2",3.2657852172851562,2.89336895942688
"CTTGGATGCACTATGTGCTGTCTGAGATCG-HYA__combined__20210323_cortex_phu_dv_etssb_1-3_S3",3.077169179916382,3.164285659790039
"CTAGAAGGCTTGACTGTTAAAGGACGACTG-HYA__combined__20210323_cortex_phu_dv_etssb_1-4_S4",3.1974809169769287,3.000638484954834
"GTATCAGCCGACTCGCACGAAGGACGACTG-HYA__combined__20210323_cortex_phu_dv_etssb_1-1_S1",3.5005462169647217,2.5740809440612793
"CTTGAAGAAGCTCGCTGTATCTTACAGCCA-HYA__combined__20210323_cortex_phu_dv_etssb_1-3_S3",3.2162928581237793,2.995030164718628
"GTGAGTAGCCTTGCGAATATGTAATCGGTG-HYA__combined__20210323_cortex_phu_dv_etssb_1-2_S2",3.3293001651763916,2.851820230484009
"GCAATGATTGTGAACCTTACGTGTTGAAGT-HYA__combined__20210323_cortex_phu_dv_etssb_1-3_S3",3.515407085418701,2.6068758964538574
"TACCTTCGATTGTCAGAGCACACCAACCTA-HYA__combined__20210323_cortex_phu_dv_etssb_1-3_S3",3.515491485595703,2.6059553623199463
"GTATCAGCCGCGTTCAATCTTGTAGCAAGT-HYA__combined__20210323_cortex_phu_dv_etssb_1-5_S5",3.427476644515991,2.7680296897888184
"ACTAATGACGGAGCAGCGATTGCGTAGTAA-HYA__combined__20210323_cortex_phu_dv_etssb_1-1_S1",3.616830587387085,2.5049378871917725
"TAAGTGATCGAAGCTGTATCAGATTGCTCA-HYA__combined__20210323_cortex_phu_dv_etssb_1-4_S4",3.3355703353881836,2.9054067134857178
"TGGTCTACTCTTAGAGCACACCTCTATGTA-HYA__combined__20210323_cortex_phu_dv_etssb_1-5_S5",3.1581387519836426,3.1608834266662598
"AGCGGATACAGTACACACATTGCCGTACTG-HYA__af8d60__20210309_mouse_cortex_MCF-7_PC3_1-2_S3",3.240628719329834,3.0672619342803955
"TCCTGATAAGTTCGCTTGGTTTCATGTCCT-HYA__combined__20210323_cortex_phu_dv_etssb_1-5_S5",3.313961982727051,2.962550401687622
"CAGTGTGGAAACACGTTGTGTCCGTAACCT-HYA__combined__20210323_cortex_phu_dv_etssb_1-5_S5",2.9890503883361816,3.4487924575805664
"AGCGGATACACGTTCAATCTCATTAACCTC-HYA__combined__20210323_cortex_phu_dv_etssb_1-2_S2",3.2516062259674072,3.092156410217285
"CACAGACAACAGCTTGAGAGCATTAACCTC-HYA__combined__20210323_cortex_phu_dv_etssb_1-5_S5",3.3057477474212646,3.0295937061309814
"TCTACGAACGACCGTACTATCCGTGCTATG-HYA__combined__20210323_cortex_phu_dv_etssb_1-4_S4",3.256329298019409,3.116910457611084
"AGGACGTTCGGATGCCTCAAAGATTGCTCA-HYA__combined__20210323_cortex_phu_dv_etssb_1-5_S5",3.3716342449188232,2.949862003326416
"GGTTAATCACCAGTTAAGGAAGGACGACTG-HYA__combined__20210323_cortex_phu_dv_etssb_1-5_S5",3.2696125507354736,3.0978424549102783
"ACTAATGACGATCAGAAGAACGTCATCCTA-HYA__combined__20210323_cortex_phu_dv_etssb_1-1_S1",3.4993717670440674,2.7917301654815674
"GGTTAGCAGAATACGAGCCATACAATCCAG-HYA__combined__20210323_cortex_phu_dv_etssb_1-5_S5",3.294743537902832,3.0904064178466797
"CAGTAAGGTCTGAACCTTACCCTTCGTTAA-HYA__combined__20210323_cortex_phu_dv_etssb_1-3_S3",3.4928183555603027,2.795832395553589
"CAGTAAGGTCTGAAGCGAACAGAACAATCC-HYA__combined__20210323_cortex_phu_dv_etssb_1-3_S3",3.338876724243164,3.0371274948120117
"CATTCCAAGAGAGCAGCGATTTCATGAGGT-HYA__combined__20210323_cortex_phu_dv_etssb_1-5_S5",3.3524880409240723,3.027961254119873
"GGTGACTATACTTCTGGTATCTGGAACACG-HYA__combined__20210323_cortex_phu_dv_etssb_1-3_S3",3.588017463684082,2.704134702682495
"GAGCTAGTAAGACGTCTCCTCGAGGATCAT-HYA__combined__20210323_cortex_phu_dv_etssb_1-4_S4",3.2248899936676025,3.240994453430176
"CTTGAAGAAGATACGAGCCAGATTCAGGAG-HYA__combined__20210323_cortex_phu_dv_etssb_1-3_S3",3.6125261783599854,2.695370674133301
"GCAGACCAGAATCTCAACAGCGGCATAAGG-HYA__combined__20210323_cortex_phu_dv_etssb_1-3_S3",3.4459197521209717,2.926612377166748
"AGGAGACTCAATGAGCCAGAAGGACGACTG-HYA__combined__20210323_cortex_phu_dv_etssb_1-1_S1",3.3815231323242188,3.0734331607818604
"AGTTGGAAGAGAGCAGCGATTGACCGGAAC-HYA__combined__20210323_cortex_phu_dv_etssb_1-5_S5",3.213202953338623,3.311032295227051
"GAACTTGTAGTGGCGATGTATAATACCAGG-HYA__combined__20210323_cortex_phu_dv_etssb_1-2_S2",3.2561254501342773,3.26692795753479
"CGTTATCGTGGTACACACATTGTAGCAAGT-HYA__combined__20210323_cortex_phu_dv_etssb_1-2_S2",3.5749895572662354,2.815847158432007
"TAGCTGTTGGTTAGAGCACATCTACAGTGC-HYA__combined__20210323_cortex_phu_dv_etssb_1-1_S1",3.506481885910034,2.922732353210449
"CTAGAAGGCTCTTCTGGTATGTGTCAGCAC-HYA__combined__20210323_cortex_phu_dv_etssb_1-2_S2",3.4990296363830566,2.9641175270080566
"TAAGTGATCGATAGCAGGCAGACTTCTCTC-HYA__combined__20210323_cortex_phu_dv_etssb_1-2_S2",3.8034002780914307,2.5803942680358887
"CTGTAATCCAACCACACCTTTACCTAGATC-HYA__combined__20210323_cortex_phu_dv_etssb_1-5_S5",3.5446226596832275,2.9375362396240234
"AATGATGCGGTTAGTTGGACTGCCGTACTG-HYA__combined__20210323_cortex_phu_dv_etssb_1-3_S3",3.497343063354492,3.117293357849121
"TCCTGATAAGGGTTGGAATATAATACCAGG-HYA__combined__20210323_cortex_phu_dv_etssb_1-3_S3",3.6164164543151855,2.9536893367767334
"ATGACTCCAAATACAGAGAGTCTACAGTGC-HYA__af8d60__20210309_mouse_cortex_MCF-7_PC3_1-2_S3",3.516597032546997,3.109873056411743