"cellID","Lef1"
"CACTGGTGGTAATCGGAGAAGAACAGTAGT-HYA__af8d60__20210309_mouse_cortex_MCF-7_PC3_1-2_S3",2.737335205078125
"TGACCGTACTATTCGGTCAGCTGAGACCAA-HYA__combined__20210323_cortex_phu_dv_etssb_1-5_S5",2.756772756576538
"ATGACTCCAACTCGATCAACACCTCGCCAT-HYA__combined__20210323_cortex_phu_dv_etssb_1-3_S3",2.8194165229797363
"TTGTCCGCCATAAGCGGTGGCAATACGTCT-HYA__combined__20210323_cortex_phu_dv_etssb_1-1_S1",2.8317620754241943
"ACTAATGACGAATCGGAGAATCACTCGAAG-HYA__combined__20210323_cortex_phu_dv_etssb_1-4_S4",2.8477466106414795
"GAGGACAAGGCTCACATTCACGTCAGACAA-HYA__combined__20210323_cortex_phu_dv_etssb_1-2_S2",2.913111686706543
"GTGAGTAGCCTAACCGATTCCAATACGTCT-HYA__combined__20210323_cortex_phu_dv_etssb_1-5_S5",2.918226718902588
"GATACAAGAGTACACCGCACTGCTGTATCA-HYA__combined__20210323_cortex_phu_dv_etssb_1-4_S4",2.9210214614868164
"ATCCAGTGCAACCGTACTATCTTCGTGTTA-HYA__combined__20210323_cortex_phu_dv_etssb_1-5_S5",2.956904172897339
"AGGACGTTCGGCTACAGGACGTCGAAGCAC-HYA__combined__20210323_cortex_phu_dv_etssb_1-4_S4",2.9984333515167236
"ACGTATCCAAATTCAGGACGAGAGAATGTC-HYA__combined__20210323_cortex_phu_dv_etssb_1-2_S2",3.496511697769165
"ACTAATGACGGCTACAGGACGAGCTGTGAA-HYA__combined__20210323_cortex_phu_dv_etssb_1-2_S2",3.055284261703491
"ACTAGGCTTCTTAGTTGGACACTAAGTAGC-HYA__combined__20210323_cortex_phu_dv_etssb_1-2_S2",3.5828604698181152
"AGCTAACTACTGAGGTAGTCGTCACTCAAT-HYA__combined__20210323_cortex_phu_dv_etssb_1-2_S2",3.313120126724243
"AGGTTAGAGCTGAGGTAGTCAATAGGCAGG-HYA__combined__20210323_cortex_phu_dv_etssb_1-2_S2",3.5225884914398193
"ATTGAACCACTAACCGATTCCACCAACCTA-HYA__combined__20210323_cortex_phu_dv_etssb_1-2_S2",3.401839256286621
"GAGGTACTACGGTTGGAATACCTCTATGTA-HYA__combined__20210323_cortex_phu_dv_etssb_1-2_S2",3.1621673107147217
"GCAGACCAGATATGCAGTTATATGCGGCTT-HYA__combined__20210323_cortex_phu_dv_etssb_1-2_S2",3.3307619094848633
"GCTGACAACGGTACACACATGTCAACTAAC-HYA__combined__20210323_cortex_phu_dv_etssb_1-2_S2",3.3730525970458984
"GCTGTCCTAGATAGGTACGGCTGGAACACG-HYA__combined__20210323_cortex_phu_dv_etssb_1-2_S2",3.2856853008270264
"ACCAGACGTATGCGAATGATATGAATCGAG-HYA__932b0e__20210309_mouse_cortex_MCF-7_PC3_1-1_S2",3.4057884216308594
"ACTAGCTCTCCTCGATCAACTTGCCACAAT-HYA__932b0e__20210309_mouse_cortex_MCF-7_PC3_1-1_S2",3.3893003463745117
"CCAGTCAATCAATCGGAGAATGTAGCAAGT-HYA__932b0e__20210309_mouse_cortex_MCF-7_PC3_1-1_S2",3.593484878540039
"CCATCTCTGTGCGGTGGTTACTTCGTGTTA-HYA__932b0e__20210309_mouse_cortex_MCF-7_PC3_1-1_S2",3.5379819869995117
"AACATTCAGGATACAGAGAGGAACAGTAGT-HYA__combined__20210323_cortex_phu_dv_etssb_1-1_S1",3.2862513065338135
"ACGAGGATTGCTTCTGGTATCACTACTACG-HYA__combined__20210323_cortex_phu_dv_etssb_1-1_S1",3.3714258670806885
"AGGACGTTCGATACAGAGAGACCGATTGAC-HYA__combined__20210323_cortex_phu_dv_etssb_1-1_S1",3.3507192134857178
"ATTGAACCACACATAGCGAACAAGGTCGAT-HYA__combined__20210323_cortex_phu_dv_etssb_1-1_S1",3.3554468154907227
"CATTCCTAAGATACAGAGAGTCCAGTGTTC-HYA__combined__20210323_cortex_phu_dv_etssb_1-1_S1",3.383147954940796
"CTATCTGCTTGAAGGTAGTGCGTCAGACAA-HYA__combined__20210323_cortex_phu_dv_etssb_1-1_S1",3.34660267829895
"GCCATTGAGGCTTCTGGTATACCTCGCCAT-HYA__combined__20210323_cortex_phu_dv_etssb_1-1_S1",3.166804075241089
"ACGTATCCAACTATGTGCTGTGGAATAGAC-HYA__af8d60__20210309_mouse_cortex_MCF-7_PC3_1-2_S3",3.1331212520599365
"AGGTTAGAGCTAGGTCAACCAAGTGTAGAA-HYA__af8d60__20210309_mouse_cortex_MCF-7_PC3_1-2_S3",3.6238720417022705
"CAGTAAGGTCACACGTTGTGCTTCGTGTTA-HYA__af8d60__20210309_mouse_cortex_MCF-7_PC3_1-2_S3",3.333282947540283
"CTAACGGCTACCGGTTACATTTGCAGTTCT-HYA__af8d60__20210309_mouse_cortex_MCF-7_PC3_1-2_S3",3.4982564449310303
"CTTGAAGAAGGTACACACATCTTGGATTCA-HYA__af8d60__20210309_mouse_cortex_MCF-7_PC3_1-2_S3",3.3921849727630615
"CTTGGATGCACACGTTAAGAGTTCGTCAGC-HYA__af8d60__20210309_mouse_cortex_MCF-7_PC3_1-2_S3",3.003009080886841
"GAGGACAAGGGATGCCTCAATGTAGCAAGT-HYA__af8d60__20210309_mouse_cortex_MCF-7_PC3_1-2_S3",3.293578863143921
"GCAATGATTGTTCGCTTGGTAGAACAATCC-HYA__af8d60__20210309_mouse_cortex_MCF-7_PC3_1-2_S3",3.1079635620117188
"GCATCAGAAGACTTGAGACCCTTGGATTCA-HYA__af8d60__20210309_mouse_cortex_MCF-7_PC3_1-2_S3",3.534067392349243
"GCATCAGAAGCTTCTGGTATGATTCAGGAG-HYA__af8d60__20210309_mouse_cortex_MCF-7_PC3_1-2_S3",3.4501333236694336
"TAAGTGATCGTGAATATCAGGAACAGTAGT-HYA__af8d60__20210309_mouse_cortex_MCF-7_PC3_1-2_S3",3.3435280323028564
"TGCTTGCCGTCTCACATTCAGAGCTGTGAA-HYA__af8d60__20210309_mouse_cortex_MCF-7_PC3_1-2_S3",3.1679186820983887
"AATGCCGTGCCTATGTGCTGTATGCGGCTT-HYA__combined__20210323_cortex_phu_dv_etssb_1-4_S4",3.4594051837921143
"ACTAGGCTTCATCTCAACAGCATTGCGAGT-HYA__combined__20210323_cortex_phu_dv_etssb_1-4_S4",3.413579225540161
"ATGACTCCAAGTGAAGAGTAAACGCCTGCT-HYA__combined__20210323_cortex_phu_dv_etssb_1-4_S4",3.204341411590576
"CATCGTCGTACTATGTGCTGGTTCGTCAGC-HYA__combined__20210323_cortex_phu_dv_etssb_1-4_S4",3.3101603984832764
"CATTCCAAGAACATAATCAGACCTCGCCAT-HYA__combined__20210323_cortex_phu_dv_etssb_1-4_S4",3.309973955154419
"CTATCTGCTTACATAATCAGGAGCTGTGAA-HYA__combined__20210323_cortex_phu_dv_etssb_1-4_S4",3.376505136489868
"CTGTAATCCAATAGGTACGGCACCAACCTA-HYA__combined__20210323_cortex_phu_dv_etssb_1-4_S4",3.374279499053955
"GGTTAGCAGAGCTACAGGACCTATCCGTCA-HYA__combined__20210323_cortex_phu_dv_etssb_1-4_S4",3.2991013526916504
"GTGACGTTGAACTTAGGCGACCTCTATGTA-HYA__combined__20210323_cortex_phu_dv_etssb_1-4_S4",3.205601692199707
"TCCTGATAAGACATAATCAGTGACGAGATG-HYA__combined__20210323_cortex_phu_dv_etssb_1-4_S4",3.169238805770874
"ACCAGACGTAATCCGAAGTCTGTGTCTGCC-HYA__combined__20210323_cortex_phu_dv_etssb_1-5_S5",3.146622657775879
"ACGAGGATTGTGTGGTTATCAATCTGCACA-HYA__combined__20210323_cortex_phu_dv_etssb_1-5_S5",3.1718640327453613
"ACGTATCCAAATACAGAGAGGAGCTGTGAA-HYA__combined__20210323_cortex_phu_dv_etssb_1-5_S5",3.077073574066162
"CACAGACAACCTCACATTCATTGTCACGGC-HYA__combined__20210323_cortex_phu_dv_etssb_1-5_S5",3.3632609844207764
"CATTCCTAAGGGAGCTTGTCTGCGTAGTAA-HYA__combined__20210323_cortex_phu_dv_etssb_1-5_S5",3.132136821746826
"CTATTAGGCTATAGGTACGGCACCAACCTA-HYA__combined__20210323_cortex_phu_dv_etssb_1-5_S5",3.2845120429992676
"GAGGTACTACATAGCAGGCACATTAACCTC-HYA__combined__20210323_cortex_phu_dv_etssb_1-5_S5",3.4820096492767334
"GGTGACTATAGGAGCTTGTCATTACCACTA-HYA__combined__20210323_cortex_phu_dv_etssb_1-5_S5",3.082829713821411
"GGTTAATCACTTCGCTTGGTAAGTGTAGAA-HYA__combined__20210323_cortex_phu_dv_etssb_1-5_S5",3.063629627227783
"TACCTTCGATTTAGTTGGACGTGGAAGGTC-HYA__combined__20210323_cortex_phu_dv_etssb_1-5_S5",3.2194268703460693
"AATGCCGTGCCCTCAATTACGAAGGTGAAG-HYA__combined__20210323_cortex_phu_dv_etssb_1-3_S3",3.2074050903320312
"AATGCCGTGCCTCACATTCACAAGGTCGAT-HYA__combined__20210323_cortex_phu_dv_etssb_1-3_S3",3.3374083042144775
"AATGCCGTGCCTTGATTACGGGCTTCCAGA-HYA__combined__20210323_cortex_phu_dv_etssb_1-3_S3",3.1742587089538574
"ACCAGACGTAACTGTACGCACAAGGTCGAT-HYA__combined__20210323_cortex_phu_dv_etssb_1-3_S3",3.1812872886657715
"AGATATCGAGATTCGGTCAGGAGCTGTGAA-HYA__combined__20210323_cortex_phu_dv_etssb_1-3_S3",3.4352293014526367
"AGGATCTATTTTCGCTTGGTAATAGGCAGG-HYA__combined__20210323_cortex_phu_dv_etssb_1-3_S3",3.4349801540374756
"ATCCAGTGCAGACGTCTCCTAGATACAGCG-HYA__combined__20210323_cortex_phu_dv_etssb_1-3_S3",3.1446657180786133
"ATGACTCCAATGCGAATGATCGAACTTCCT-HYA__combined__20210323_cortex_phu_dv_etssb_1-3_S3",3.510326623916626
"CTAGAAGGCTGTACACACATTTAGGACCAG-HYA__combined__20210323_cortex_phu_dv_etssb_1-3_S3",3.0002405643463135
"CTATCTGCTTACTCGCACGATATGCGGCTT-HYA__combined__20210323_cortex_phu_dv_etssb_1-3_S3",3.5810554027557373
"GATGGTTGTTGCTGATGGTATAATACCAGG-HYA__combined__20210323_cortex_phu_dv_etssb_1-3_S3",3.0961191654205322
"GCTGACAACGGACCTAAGGATATGCGGCTT-HYA__combined__20210323_cortex_phu_dv_etssb_1-3_S3",3.3490257263183594
"GGTTAATCACGGCTTGAGAGCACCAACCTA-HYA__combined__20210323_cortex_phu_dv_etssb_1-3_S3",3.514307975769043
"GGTTAGCAGAGATGCCTCAACGTAGTTACA-HYA__combined__20210323_cortex_phu_dv_etssb_1-3_S3",3.3173325061798096
"GTGACGTTGAGACGGACGGTCAATACGTCT-HYA__combined__20210323_cortex_phu_dv_etssb_1-3_S3",3.4679372310638428
"GTGAGTAGCCGCGGTGGTTACTTGGATTCA-HYA__combined__20210323_cortex_phu_dv_etssb_1-3_S3",3.4271228313446045
"TAGTGTGTTGTGCGAATGATTGCCGTACTG-HYA__combined__20210323_cortex_phu_dv_etssb_1-3_S3",3.0442922115325928
"TCATGTGAAGGGAGCTTGTCTCTACAGTGC-HYA__combined__20210323_cortex_phu_dv_etssb_1-3_S3",3.470985174179077
"TTGTCCGCCAATAGCAGGCACACAAGCATT-HYA__combined__20210323_cortex_phu_dv_etssb_1-3_S3",3.071913242340088