"cellID","Obscn","Nxph3"
"CTATCTGCTTCAACCAACGGTGAATCCACC-HYA__combined__20210323_cortex_phu_dv_etssb_1-5_S5",2.365192174911499,3.4604835510253906
"CGTTATCGTGCAGGTTCGTGGATTCAGGAG-HYA__combined__20210323_cortex_phu_dv_etssb_1-2_S2",2.1856255531311035,3.503561019897461
"GACCAATCGAATAGGTACGGTTCATGTCCT-HYA__combined__20210323_cortex_phu_dv_etssb_1-5_S5",2.2412197589874268,3.508641242980957
"ACCAGACGTACTCCAACTATTGACGAGATG-HYA__combined__20210323_cortex_phu_dv_etssb_1-2_S2",2.2553255558013916,3.522382974624634
"CGTTATCGTGGGTAGGTAGGGATTCAGGAG-HYA__combined__20210323_cortex_phu_dv_etssb_1-2_S2",2.2084801197052,3.528820037841797
"GAGGACAAGGCCACACGGATAGATACAGCG-HYA__combined__20210323_cortex_phu_dv_etssb_1-3_S3",2.151517868041992,3.5561492443084717
"TAGTTCTTGAATAGGTACGGGTCGAAGCAC-HYA__af8d60__20210309_mouse_cortex_MCF-7_PC3_1-2_S3",1.9368481636047363,3.564941167831421
"TAATCTGTGCGCGGTGGTTAGTCAACTAAC-HYA__combined__20210323_cortex_phu_dv_etssb_1-4_S4",2.3064520359039307,3.5636186599731445
"GAACGTGCGTAAGCTGTATCGAAGGTGAAG-HYA__combined__20210323_cortex_phu_dv_etssb_1-3_S3",2.362290859222412,3.5597853660583496
"GACCAATCGAATAGCAGGCAAATAGGCAGG-HYA__combined__20210323_cortex_phu_dv_etssb_1-4_S4",2.5163819789886475,3.444758176803589
"CGTTATCGTGTAAGCGGTGGGATTCAGGAG-HYA__combined__20210323_cortex_phu_dv_etssb_1-2_S2",2.4479498863220215,3.5055370330810547
"GTGTATCAGAACTTGAGACCGTCAAGCCAA-HYA__combined__20210323_cortex_phu_dv_etssb_1-3_S3",2.294229030609131,3.6016390323638916
"ATTGAACCACGCTACGACAGCTGAGACCAA-HYA__combined__20210323_cortex_phu_dv_etssb_1-1_S1",2.3478140830993652,3.6240313053131104
"CTTGGATGCAATAGGTACGGCGTAGTTACA-HYA__combined__20210323_cortex_phu_dv_etssb_1-3_S3",2.3096399307250977,3.649251699447632
"GGTTAGCAGATAACCGATTCCGTTATACGT-HYA__combined__20210323_cortex_phu_dv_etssb_1-5_S5",2.228874683380127,3.666304588317871
"ATCGGAACCACAACCAACGGCCTCTATGTA-HYA__combined__20210323_cortex_phu_dv_etssb_1-4_S4",2.254304885864258,3.6700963973999023
"AGGTTAGAGCACTTAGGCGATATGCGGCTT-HYA__combined__20210323_cortex_phu_dv_etssb_1-2_S2",2.203822612762451,3.674290657043457
"GGTTAGCAGACTCCAACTATGTATGTGCGA-HYA__combined__20210323_cortex_phu_dv_etssb_1-4_S4",2.360320568084717,3.6734912395477295
"GTGTATCAGAACCGTACTATTTCATGAGGT-HYA__combined__20210323_cortex_phu_dv_etssb_1-5_S5",2.145720958709717,3.6888978481292725
"GTGCCAATAAGACGGACGGTAACCAACTTA-HYA__932b0e__20210309_mouse_cortex_MCF-7_PC3_1-1_S2",2.5385804176330566,3.5382039546966553
"AACATTCAGGGTGAAGAGTATCCGTAACCT-HYA__combined__20210323_cortex_phu_dv_etssb_1-2_S2",2.3648977279663086,3.6902363300323486
"GGTTAGCAGATGAACCTTACTCACTCGAAG-HYA__combined__20210323_cortex_phu_dv_etssb_1-3_S3",2.1301169395446777,3.7056691646575928
"TGTCACAACAGACTTGTAACTTAGGACCAG-HYA__combined__20210323_cortex_phu_dv_etssb_1-4_S4",2.3133060932159424,3.707584857940674
"AGGTTAGAGCTGAAGCGAACCGAACTTCCT-HYA__combined__20210323_cortex_phu_dv_etssb_1-3_S3",1.9981135129928589,3.707186698913574
"GGTTAATCACACCGTACTATGAGCTGTGAA-HYA__combined__20210323_cortex_phu_dv_etssb_1-5_S5",2.0717613697052,3.7099974155426025
"TAGTTCTTGACTCGCTGTATCTATCCGTCA-HYA__combined__20210323_cortex_phu_dv_etssb_1-3_S3",2.353001117706299,3.720304250717163
"ATCCAGTGCAGGTAGGTAGGGTCGAAGCAC-HYA__combined__20210323_cortex_phu_dv_etssb_1-3_S3",2.159330368041992,3.7289397716522217
"AGGATCTATTTAACCGATTCGAACAGTAGT-HYA__combined__20210323_cortex_phu_dv_etssb_1-3_S3",2.3160347938537598,3.730419397354126
"CTTGAAGAAGTGCGAATGATCTTCGTGTTA-HYA__combined__20210323_cortex_phu_dv_etssb_1-2_S2",2.1783013343811035,3.7532663345336914
"CAGTAAGGTCACCAAGGAGAGTTCGTCAGC-HYA__combined__20210323_cortex_phu_dv_etssb_1-2_S2",2.21724009513855,3.754249334335327
"GTTCCATGCTGACGGACGGTCTGGAACACG-HYA__af8d60__20210309_mouse_cortex_MCF-7_PC3_1-2_S3",2.3671412467956543,3.7550048828125
"AAGAGGCTAATGAATATCAGCGGCATAAGG-HYA__combined__20210323_cortex_phu_dv_etssb_1-3_S3",2.3608717918395996,3.7654831409454346
"TAATCTGTGCGAAGGTAGTGTTCATGTCCT-HYA__combined__20210323_cortex_phu_dv_etssb_1-4_S4",2.5271904468536377,3.6267099380493164
"CGTTATCGTGGCTACGACAGACACACTAGG-HYA__932b0e__20210309_mouse_cortex_MCF-7_PC3_1-1_S2",2.1312482357025146,3.779508590698242
"GGTGACTATAGACTTGTAACTGCTGTATCA-HYA__combined__20210323_cortex_phu_dv_etssb_1-4_S4",2.386228561401367,3.760560989379883
"AGGACGTTCGTAAGCGGTGGGTGTCAGCAC-HYA__932b0e__20210309_mouse_cortex_MCF-7_PC3_1-1_S2",2.5429234504699707,3.6328349113464355
"CAAGCACCGTACTTGAGACCATTACCACTA-HYA__combined__20210323_cortex_phu_dv_etssb_1-3_S3",2.3303425312042236,3.7891383171081543
"GAACGTGCGTGACGGACGGTTGAATCCACC-HYA__combined__20210323_cortex_phu_dv_etssb_1-5_S5",2.2009620666503906,3.79207181930542
"GATTAGAGAACTTCTGGTATCATTGCGAGT-HYA__combined__20210323_cortex_phu_dv_etssb_1-2_S2",2.400425910949707,3.7566425800323486
"ACTAGCTCTCATGAGCCAGACGTCATCCTA-HYA__combined__20210323_cortex_phu_dv_etssb_1-5_S5",2.2899951934814453,3.794619083404541
"TAGATGCTCATTGGTATGTACCGTGCTATG-HYA__combined__20210323_cortex_phu_dv_etssb_1-4_S4",2.2675552368164062,3.801121950149536
"AGGAGACTCACAGTTAAGGAACAACAGGAA-HYA__combined__20210323_cortex_phu_dv_etssb_1-2_S2",2.095392942428589,3.805478572845459
"TAGTTGGACTATACGAGCCACACAAGCATT-HYA__combined__20210323_cortex_phu_dv_etssb_1-5_S5",2.4289603233337402,3.7488574981689453
"GCTGACAACGTTGCGAATATCACAAGCATT-HYA__combined__20210323_cortex_phu_dv_etssb_1-3_S3",2.429100751876831,3.7478582859039307
"CTGGTTCTGACTCACATTCATGCTGTATCA-HYA__combined__20210323_cortex_phu_dv_etssb_1-4_S4",2.166933536529541,3.8155171871185303
"TAGTTGGACTCACGTTAAGAAGATACAGCG-HYA__combined__20210323_cortex_phu_dv_etssb_1-2_S2",2.315653085708618,3.8203513622283936
"GCCGACATTAGGAGCTTGTCTTGCCACAAT-HYA__combined__20210323_cortex_phu_dv_etssb_1-5_S5",2.3947768211364746,3.7880711555480957
"CAGTAAGGTCTTGGTCTCGTCTTCGTGTTA-HYA__combined__20210323_cortex_phu_dv_etssb_1-5_S5",2.2972631454467773,3.826554775238037
"GAGCTAGTAAACATAGCGAAAACATACTCG-HYA__combined__20210323_cortex_phu_dv_etssb_1-3_S3",2.284050941467285,3.82588791847229
"GACCAATCGAGTGATAGGAAACCAATATCG-HYA__combined__20210323_cortex_phu_dv_etssb_1-1_S1",2.1644792556762695,3.8288233280181885
"ACGTATCCAATAGGAGTCAAAATCTGCACA-HYA__combined__20210323_cortex_phu_dv_etssb_1-4_S4",1.9973334074020386,3.827603340148926
"ACTAGGCTTCGTGAAGAGTATTGTCACGGC-HYA__combined__20210323_cortex_phu_dv_etssb_1-1_S1",2.2291994094848633,3.831636905670166
"TTCACATTCCCCGGTTACATTGACCGGAAC-HYA__combined__20210323_cortex_phu_dv_etssb_1-4_S4",2.4535326957702637,3.7523629665374756
"ATCGGAACCAGCTGATGGTAGAGCTGTGAA-HYA__combined__20210323_cortex_phu_dv_etssb_1-3_S3",2.0099167823791504,3.834874391555786
"CCAGTCAATCGTGCGAACGTGTATGTGCGA-HYA__af8d60__20210309_mouse_cortex_MCF-7_PC3_1-2_S3",2.3229527473449707,3.84088397026062
"TAGCTGTTGGACATAGCGAATGGAATAGAC-HYA__combined__20210323_cortex_phu_dv_etssb_1-4_S4",2.226297378540039,3.839534044265747
"CAGTGTGGAAGAGCAGCGATTGCGTAGTAA-HYA__932b0e__20210309_mouse_cortex_MCF-7_PC3_1-1_S2",2.2004611492156982,3.8481221199035645
"ACCAGACGTACCTCAATTACTAATACCAGG-HYA__combined__20210323_cortex_phu_dv_etssb_1-5_S5",2.0749738216400146,3.8485991954803467
"ACTCTCTACGGTGATAGGAAGTGCTTACTT-HYA__combined__20210323_cortex_phu_dv_etssb_1-3_S3",2.234111785888672,3.851268768310547
"CATGTCTGCATGCGAATGATAAGTGTAGAA-HYA__combined__20210323_cortex_phu_dv_etssb_1-4_S4",2.097600221633911,3.8536031246185303
"CTAGAAGGCTCTTGATTACGTACCTAGATC-HYA__combined__20210323_cortex_phu_dv_etssb_1-4_S4",2.3992602825164795,3.8181538581848145
"CAAGCACCGTTGTCAGAGCATCCAGTGTTC-HYA__combined__20210323_cortex_phu_dv_etssb_1-3_S3",2.21502423286438,3.8617637157440186
"GTGCCAATAAATCTCAACAGGTCAAGCCAA-HYA__combined__20210323_cortex_phu_dv_etssb_1-2_S2",2.2390456199645996,3.862795352935791
"ACCTCGAATCCGTTCAATCTGTGTCAGCAC-HYA__combined__20210323_cortex_phu_dv_etssb_1-1_S1",2.1454858779907227,3.8641886711120605
"GCAATGATTGTCGTGTGATATACCTAGATC-HYA__combined__20210323_cortex_phu_dv_etssb_1-2_S2",2.2570343017578125,3.86828875541687
"CTATCTGCTTTACACCGCACTATGCGGCTT-HYA__932b0e__20210309_mouse_cortex_MCF-7_PC3_1-1_S2",2.1188743114471436,3.8702738285064697
"CTAGAAGGCTCAGTTAAGGACGTAGTTACA-HYA__combined__20210323_cortex_phu_dv_etssb_1-2_S2",2.274726152420044,3.872612237930298
"GTGAGTAGCCATCTTGCATCAGAGAATGTC-HYA__combined__20210323_cortex_phu_dv_etssb_1-5_S5",2.5014023780822754,3.749324321746826
"GAGCTAGTAAATACAGAGAGCATCTCAGGT-HYA__combined__20210323_cortex_phu_dv_etssb_1-5_S5",2.4484097957611084,3.796358346939087
"CAAGCACCGTGGTAGGTAGGAATAGGCAGG-HYA__combined__20210323_cortex_phu_dv_etssb_1-3_S3",2.064070463180542,3.875986337661743
"GCAGACCAGAGTGAAGAGTATCACTCGAAG-HYA__combined__20210323_cortex_phu_dv_etssb_1-2_S2",2.2873597145080566,3.877181053161621
"TCTACGAACGAAGCTGTATCGTGCTTACTT-HYA__combined__20210323_cortex_phu_dv_etssb_1-3_S3",2.3386080265045166,3.8771207332611084
"GTGACGTTGATTAGTTGGACCTTGGATTCA-HYA__combined__20210323_cortex_phu_dv_etssb_1-2_S2",2.24118971824646,3.8824777603149414
"ACCTCGAATCCTCCAACTATTACAATCCAG-HYA__combined__20210323_cortex_phu_dv_etssb_1-4_S4",2.250586748123169,3.8824586868286133
"ACTAGCTCTCCTCGCTGTATTGACGAGATG-HYA__932b0e__20210309_mouse_cortex_MCF-7_PC3_1-1_S2",2.221205472946167,3.8837833404541016
"CTTGAAGAAGCTCGCTGTATAATCTGCACA-HYA__combined__20210323_cortex_phu_dv_etssb_1-3_S3",2.240950345993042,3.8870866298675537
"ACACAACGCCATCTCAACAGGACTTCTCTC-HYA__combined__20210323_cortex_phu_dv_etssb_1-2_S2",2.0724878311157227,3.8897864818573
"GTGACGTTGATGCGAATGATGGCTTCCAGA-HYA__combined__20210323_cortex_phu_dv_etssb_1-3_S3",2.3515138626098633,3.892948865890503
"CAGTAAGGTCGGCGTGTTAGTGCTGTATCA-HYA__combined__20210323_cortex_phu_dv_etssb_1-2_S2",2.393051862716675,3.864471912384033
"GTGACGTTGATAAGCGGTGGTAATACCAGG-HYA__combined__20210323_cortex_phu_dv_etssb_1-2_S2",2.5989484786987305,3.6908986568450928
"CTAGAAGGCTGACGTCTCCTACTGGTAATA-HYA__combined__20210323_cortex_phu_dv_etssb_1-5_S5",2.2006351947784424,3.894418954849243
"GGTGACTATAACCGTACTATTGGAATAGAC-HYA__combined__20210323_cortex_phu_dv_etssb_1-4_S4",2.1359803676605225,3.8995819091796875
"ACGTATCCAAGTGCGAACGTCCGTGCTATG-HYA__combined__20210323_cortex_phu_dv_etssb_1-4_S4",2.288688898086548,3.9035887718200684
"TCTACGAACGGAGTAACAGGACTGGTAATA-HYA__combined__20210323_cortex_phu_dv_etssb_1-3_S3",2.373539447784424,3.8910465240478516
"GATGGTTGTTATCTCAACAGAAGTGTAGAA-HYA__combined__20210323_cortex_phu_dv_etssb_1-2_S2",2.112989664077759,3.9119069576263428
"GCAATGATTGACTTAGGCGATCTACAGTGC-HYA__combined__20210323_cortex_phu_dv_etssb_1-2_S2",2.3400204181671143,4.013210773468018
"GCAATGATTGATCTCAACAGTGCTGTATCA-HYA__combined__20210323_cortex_phu_dv_etssb_1-2_S2",2.342434883117676,4.0067033767700195
"GTGTGAAGAAGACGTCTCCTGTGTCAGCAC-HYA__combined__20210323_cortex_phu_dv_etssb_1-2_S2",2.0701723098754883,3.9746644496917725
"TAGATGCTCAACTCGCACGATACAATCCAG-HYA__combined__20210323_cortex_phu_dv_etssb_1-2_S2",2.2091870307922363,4.038153171539307
"TAGTTGGACTAATAGCGTGGTAATACCAGG-HYA__combined__20210323_cortex_phu_dv_etssb_1-2_S2",2.2586991786956787,4.005085468292236
"ACTCTCTACGTGGCGATGTACATTGCGAGT-HYA__combined__20210323_cortex_phu_dv_etssb_1-1_S1",2.243394136428833,3.9900665283203125
"CAAGCACCGTTAGGAGTCAATCTGAGATCG-HYA__combined__20210323_cortex_phu_dv_etssb_1-1_S1",2.0479037761688232,3.965986490249634
"CATGTCTGCAACACGTTGTGGTAATCGGTG-HYA__combined__20210323_cortex_phu_dv_etssb_1-1_S1",2.1944570541381836,4.002738952636719
"GCAATGATTGCATTCGCGTAGCAAGCGTGT-HYA__combined__20210323_cortex_phu_dv_etssb_1-1_S1",2.2613272666931152,3.9551315307617188
"GCAGACCAGAACTTGAGACCAATCTGCACA-HYA__combined__20210323_cortex_phu_dv_etssb_1-1_S1",2.2271203994750977,4.010204792022705
"GTGCCAATAATCCGCTATCGGTTCGTCAGC-HYA__combined__20210323_cortex_phu_dv_etssb_1-1_S1",2.1800434589385986,4.009461402893066
"TGACCGTACTTAGGAGTCAAGAAGGTGAAG-HYA__combined__20210323_cortex_phu_dv_etssb_1-1_S1",2.3145036697387695,3.9535467624664307
"AATGCCGTGCTGAACCTTACAGGACGACTG-HYA__combined__20210323_cortex_phu_dv_etssb_1-4_S4",2.152031660079956,4.073915958404541
"GAGGACAAGGCAGGTTCGTGAGGACGACTG-HYA__combined__20210323_cortex_phu_dv_etssb_1-4_S4",2.289064407348633,4.002071857452393
"GCCGACATTACCGGTTACATTTGTCACGGC-HYA__combined__20210323_cortex_phu_dv_etssb_1-4_S4",2.3329925537109375,3.9281742572784424
"GGTGACTATAACACGTTGTGGTGTTGAAGT-HYA__combined__20210323_cortex_phu_dv_etssb_1-4_S4",2.0930380821228027,3.9538729190826416
"ACGAACCGACCATACAAGGTCCTCTATGTA-HYA__combined__20210323_cortex_phu_dv_etssb_1-5_S5",2.2136337757110596,3.9835705757141113
"AGCTAACTACACTTAGGCGACGGCATAAGG-HYA__combined__20210323_cortex_phu_dv_etssb_1-5_S5",2.217832326889038,4.087123870849609
"GCAGACCAGATAGGTCAACCGTAATCGGTG-HYA__combined__20210323_cortex_phu_dv_etssb_1-5_S5",2.146669626235962,3.9772748947143555
"TAGTGTGTTGAATAGCGTGGTGTTAAGCCA-HYA__combined__20210323_cortex_phu_dv_etssb_1-5_S5",2.3523483276367188,3.9818687438964844
"ACTAGCTCTCACCAAGGAGAGTATGTGCGA-HYA__combined__20210323_cortex_phu_dv_etssb_1-3_S3",2.313724994659424,4.0478410720825195
"ACTCTCTACGCATACAAGGTGATTCAGGAG-HYA__combined__20210323_cortex_phu_dv_etssb_1-3_S3",2.334597587585449,4.032188892364502
"ATCCAGTGCACTGACCAGATGAGCTGTGAA-HYA__combined__20210323_cortex_phu_dv_etssb_1-3_S3",2.168412446975708,4.0087409019470215
"GAGCGGTAACTTCGCTTGGTGTGGAAGGTC-HYA__combined__20210323_cortex_phu_dv_etssb_1-3_S3",2.2096264362335205,3.9852888584136963
"GAGGACAAGGGCGGTGGTTAATGAAGTGCG-HYA__combined__20210323_cortex_phu_dv_etssb_1-3_S3",2.14569091796875,4.042306423187256
"GCAGACCAGATTCGCTTGGTTGTAGCAAGT-HYA__combined__20210323_cortex_phu_dv_etssb_1-3_S3",2.0609798431396484,3.948110342025757
"TACCTTCGATCCGGTTACATCACTACTACG-HYA__combined__20210323_cortex_phu_dv_etssb_1-3_S3",2.1537461280822754,3.9527111053466797
"AACATTCAGGACTTAGGCGACTTACAGCCA-HYA__combined__20210323_cortex_phu_dv_etssb_1-4_S4",2.3641152381896973,4.189236164093018
"GATGGTTGTTATACGAGCCACACCAACCTA-HYA__combined__20210323_cortex_phu_dv_etssb_1-5_S5",2.423410177230835,3.86385440826416
"ACTAGCTCTCCATACAAGGTCGTAGTTACA-HYA__combined__20210323_cortex_phu_dv_etssb_1-5_S5",2.4154837131500244,3.875868797302246
"TACCTTCGATGCTACAGGACCTTCGTGTTA-HYA__combined__20210323_cortex_phu_dv_etssb_1-5_S5",2.537766456604004,3.7706105709075928
"CATTCCAAGAATACAGAGAGCTTAGCACTC-HYA__combined__20210323_cortex_phu_dv_etssb_1-3_S3",2.366424083709717,3.939011573791504
"TTCGCACAACTGACTGTTAACGGCATAAGG-HYA__combined__20210323_cortex_phu_dv_etssb_1-2_S2",2.437375783920288,3.857393980026245
"AGGAGACTCAGTATTGAGCCAACATACTCG-HYA__combined__20210323_cortex_phu_dv_etssb_1-1_S1",2.3686470985412598,4.057462692260742
"CTGTAATCCATCGTGTGATAGATTCAGGAG-HYA__combined__20210323_cortex_phu_dv_etssb_1-4_S4",2.3739829063415527,4.027798175811768
"GTGTATCAGATCCGCTATCGACCAATATCG-HYA__combined__20210323_cortex_phu_dv_etssb_1-1_S1",2.5518243312835693,3.7672808170318604
"CATGTCTGCACTCGATCAACGTAATCGGTG-HYA__combined__20210323_cortex_phu_dv_etssb_1-5_S5",2.5963895320892334,3.7282981872558594
"TAGTTGGACTGACAAGTGGACGAGGATCAT-HYA__932b0e__20210309_mouse_cortex_MCF-7_PC3_1-1_S2",2.4225664138793945,3.883906364440918
"AGGTTAGAGCTGAAGCGAACCTTCGTGTTA-HYA__af8d60__20210309_mouse_cortex_MCF-7_PC3_1-2_S3",2.386160135269165,3.9900341033935547
"GAGGACAAGGATGAGCCAGAAGAGAATGTC-HYA__932b0e__20210309_mouse_cortex_MCF-7_PC3_1-1_S2",2.455329656600952,3.861318588256836
"GGTGACTATATTAGTTGGACCTTGGATTCA-HYA__combined__20210323_cortex_phu_dv_etssb_1-2_S2",2.3972485065460205,4.087611675262451
"CTGTAATCCATTGCGAATATACACACTAGG-HYA__combined__20210323_cortex_phu_dv_etssb_1-4_S4",2.3973708152770996,3.984442949295044
"GTGACGTTGATTGGTCTCGTCTTGGATTCA-HYA__combined__20210323_cortex_phu_dv_etssb_1-3_S3",2.3981497287750244,3.9318625926971436
"TTCTAGGTCGGAGTAACAGGCATTAACCTC-HYA__combined__20210323_cortex_phu_dv_etssb_1-1_S1",2.400827646255493,4.002143383026123
"GAGGACAAGGTGCGAATGATCATTGCGAGT-HYA__combined__20210323_cortex_phu_dv_etssb_1-5_S5",2.4202868938446045,3.921456813812256
"AGGACGTTCGATCCGAAGTCACACACTAGG-HYA__combined__20210323_cortex_phu_dv_etssb_1-4_S4",2.4274392127990723,3.92248797416687
"TAGTTGGACTCTCCAACTATCTGGAACACG-HYA__combined__20210323_cortex_phu_dv_etssb_1-4_S4",2.428893566131592,4.155525207519531
"CTATTAGGCTGGTAGGTAGGTGAATCCACC-HYA__combined__20210323_cortex_phu_dv_etssb_1-3_S3",2.5917367935180664,3.778663396835327
"CTAATGTGTGGGTAGGTAGGCTTGGATTCA-HYA__combined__20210323_cortex_phu_dv_etssb_1-3_S3",2.437297821044922,4.180883407592773
"TAGTGTGTTGGATGCCTCAACCTTCGTTAA-HYA__combined__20210323_cortex_phu_dv_etssb_1-3_S3",2.6218206882476807,3.761937379837036
"AGGATCTATTGACCTAAGGATTAGGACCAG-HYA__combined__20210323_cortex_phu_dv_etssb_1-2_S2",2.443887948989868,3.993947982788086
"TCATGTGAAGTATGCAGTTATTGCAGTTCT-HYA__combined__20210323_cortex_phu_dv_etssb_1-1_S1",2.44492769241333,3.9463915824890137
"CTAGAAGGCTCTGACCAGATCTCCTCATCC-HYA__combined__20210323_cortex_phu_dv_etssb_1-4_S4",2.4475128650665283,3.9570348262786865
"TTGAGTTCTCCCAATACTCGACCAATATCG-HYA__combined__20210323_cortex_phu_dv_etssb_1-1_S1",2.4527297019958496,4.011183261871338
"TTGTCCGCCACAGTTAAGGAAGAACAATCC-HYA__combined__20210323_cortex_phu_dv_etssb_1-4_S4",2.578554153442383,3.8095624446868896
"TTGTCCGCCACTCGCTGTATCAAGGTCGAT-HYA__combined__20210323_cortex_phu_dv_etssb_1-2_S2",2.609360694885254,3.791912078857422
"ATTGAACCACTAGGAGTCAAAGTATAGTCC-HYA__combined__20210323_cortex_phu_dv_etssb_1-2_S2",2.5105719566345215,3.880136728286743
"AGCTAACTACACATAATCAGAGAACAATCC-HYA__combined__20210323_cortex_phu_dv_etssb_1-2_S2",2.473632335662842,3.9693751335144043
"CTGGTTCTGATGAACCTTACAATAGGCAGG-HYA__combined__20210323_cortex_phu_dv_etssb_1-3_S3",2.5153496265411377,3.8826563358306885
"GATGGTTGTTACACGTTGTGGTCAAGCCAA-HYA__combined__20210323_cortex_phu_dv_etssb_1-1_S1",2.5069239139556885,3.9776389598846436
"ATGACTCCAAAAGCTGTATCTATGCGGCTT-HYA__combined__20210323_cortex_phu_dv_etssb_1-2_S2",2.5179858207702637,3.954195261001587
"CTAATGTGTGTGACTGTTAATGTGCGATTA-HYA__combined__20210323_cortex_phu_dv_etssb_1-1_S1",2.5205657482147217,3.9198732376098633
"GCTGACAACGCATACAAGGTAACATACTCG-HYA__combined__20210323_cortex_phu_dv_etssb_1-2_S2",2.5352914333343506,4.0504608154296875
"CTAGAAGGCTGAGCAGCGATCGGCATAAGG-HYA__af8d60__20210309_mouse_cortex_MCF-7_PC3_1-2_S3",2.6289589405059814,3.840066432952881
"ACACAACGCCACTTGAGACCATGAAGTGCG-HYA__combined__20210323_cortex_phu_dv_etssb_1-1_S1",2.642895460128784,3.8310554027557373
"GTGTATCAGATAGGAGTCAATGCTGTATCA-HYA__combined__20210323_cortex_phu_dv_etssb_1-4_S4",2.5436248779296875,4.0388360023498535
"ATCCAGTGCAAAGAACGGTGAACATACTCG-HYA__combined__20210323_cortex_phu_dv_etssb_1-2_S2",2.556957483291626,4.0332207679748535
"ATCGGAACCACTTGATTACGCACCAACCTA-HYA__combined__20210323_cortex_phu_dv_etssb_1-3_S3",2.667236804962158,3.8280391693115234
"GAGGTACTACGACGGACGGTCTGAGACCAA-HYA__combined__20210323_cortex_phu_dv_etssb_1-2_S2",2.6187024116516113,3.8750808238983154
"GCCGACATTAGCTGATGGTACGTTATACGT-HYA__combined__20210323_cortex_phu_dv_etssb_1-1_S1",2.5816943645477295,3.964806318283081
"GAGGTACTACTTAGAGCACAACTGGTAATA-HYA__combined__20210323_cortex_phu_dv_etssb_1-3_S3",2.5804529190063477,4.079947471618652
"TCCTGATAAGATACGAGCCATACAATCCAG-HYA__af8d60__20210309_mouse_cortex_MCF-7_PC3_1-2_S3",2.6322999000549316,3.8789267539978027
"AGGATCTATTCAGTTAAGGACGAACTTCCT-HYA__combined__20210323_cortex_phu_dv_etssb_1-5_S5",2.6006510257720947,4.047069072723389
"CCATCTCTGTCCGGTTACATGAACAGTAGT-HYA__combined__20210323_cortex_phu_dv_etssb_1-4_S4",2.606367588043213,4.121344089508057
"GATGGTTGTTTTAGTTGGACACCAATATCG-HYA__combined__20210323_cortex_phu_dv_etssb_1-2_S2",2.6384806632995605,3.904578924179077
"ATGACTCCAAGTACACACATCATTAACCTC-HYA__combined__20210323_cortex_phu_dv_etssb_1-2_S2",2.629513740539551,3.930358409881592
"CATTCCTAAGTTGGTCTCGTCCTCTATGTA-HYA__combined__20210323_cortex_phu_dv_etssb_1-5_S5",2.650254726409912,3.8975565433502197
"ACGAGGATTGTTGGTATGTATTGCCACAAT-HYA__combined__20210323_cortex_phu_dv_etssb_1-4_S4",2.6740949153900146,4.027493953704834
"TCCTGATAAGGAGCAGCGATTTCATGTCCT-HYA__combined__20210323_cortex_phu_dv_etssb_1-2_S2",2.6843013763427734,4.015473365783691
"TGGTCTACTCGATGCCTCAATAATACCAGG-HYA__combined__20210323_cortex_phu_dv_etssb_1-4_S4",2.6945412158966064,3.9971816539764404
"AGGAGACTCATGAACCTTACTTGCCACAAT-HYA__combined__20210323_cortex_phu_dv_etssb_1-3_S3",2.6940207481384277,4.061042308807373
"GTTCCATGCTGGCGTGTTAGGTGTTGAAGT-HYA__combined__20210323_cortex_phu_dv_etssb_1-3_S3",2.6979849338531494,3.975501537322998
"GATGGTTGTTATCAGAAGAATCACTCGAAG-HYA__combined__20210323_cortex_phu_dv_etssb_1-4_S4",2.7104849815368652,4.035076141357422
"ACGTATCCAACATACAAGGTGACTTCTCTC-HYA__combined__20210323_cortex_phu_dv_etssb_1-4_S4",2.7249274253845215,3.9769012928009033
"GAGGTACTACGACTTGTAACCGTCATCCTA-HYA__combined__20210323_cortex_phu_dv_etssb_1-1_S1",2.733931303024292,3.9581117630004883
"CTAATGTGTGATTCAGGACGGACTTCTCTC-HYA__combined__20210323_cortex_phu_dv_etssb_1-5_S5",2.7563109397888184,3.9554569721221924
"CTATTAGGCTAATCGGAGAACCGTTCGTCC-HYA__combined__20210323_cortex_phu_dv_etssb_1-4_S4",2.776567220687866,3.9172523021698
"AGATATCGAGGTACACACATGTCACTCAAT-HYA__932b0e__20210309_mouse_cortex_MCF-7_PC3_1-1_S2",2.8061294555664062,4.014054298400879
"GCAGACCAGAACCACACCTTACTAAGTAGC-HYA__combined__20210323_cortex_phu_dv_etssb_1-1_S1",2.8578402996063232,4.084787845611572
"ATGACTCCAATGAGGTAGTCCGTTATACGT-HYA__combined__20210323_cortex_phu_dv_etssb_1-4_S4",2.8636274337768555,4.112628936767578
"GGTTAATCACATAGGTACGGCGTCAGACAA-HYA__combined__20210323_cortex_phu_dv_etssb_1-1_S1",2.8763234615325928,4.062819480895996
"AACATTCAGGGACTTGTAACAGAGAATGTC-HYA__combined__20210323_cortex_phu_dv_etssb_1-4_S4",2.8987343311309814,4.044326305389404