cellID,Sst,Pvalb
GCTGTCCTAGCTCACATTCAAGGACGACTG-HYA__combined__20210323_cortex_phu_dv_etssb_1-5_S5,3.343324661,2.698485613
CACAGACAACGGCTTGAGAGCATTAACCTC-HYA__combined__20210323_cortex_phu_dv_etssb_1-5_S5,3.049999714,3.01937747
CTATTAGGCTACTTAGGCGACAAGGTCGAT-HYA__combined__20210323_cortex_phu_dv_etssb_1-5_S5,3.373713732,3.030838013
CTGTAATCCACCGGTTACATTACAATCCAG-HYA__combined__20210323_cortex_phu_dv_etssb_1-3_S3,2.909952402,3.028587818
GTTCCATGCTAATAGCGTGGCTATCCGTCA-HYA__combined__20210323_cortex_phu_dv_etssb_1-4_S4,3.548258781,2.939269781
AGGACGTTCGTTGCGAATATGTGTCAGCAC-HYA__combined__20210323_cortex_phu_dv_etssb_1-4_S4,3.304436207,3.061730862
GATACAAGAGGTGAAGAGTACATTGCGAGT-HYA__af8d60__20210309_mouse_cortex_MCF-7_PC3_1-2_S3,2.881518602,3.081891775
AAGAGGCTAAGAAGGTAGTGAACGCCTGCT-HYA__combined__20210323_cortex_phu_dv_etssb_1-3_S3,3.44771266,3.057800531
GCTGTCCTAGACCAAGGAGAGATGACCAAC-HYA__combined__20210323_cortex_phu_dv_etssb_1-1_S1,3.307898521,3.091787338
GGTGACTATAATTCGGTCAGCTTAGCACTC-HYA__combined__20210323_cortex_phu_dv_etssb_1-5_S5,3.437095881,3.091255188
GATACAAGAGTCGTGTGATACGGCATAAGG-HYA__combined__20210323_cortex_phu_dv_etssb_1-2_S2,3.268680811,3.120543718
TGACCGTACTTAGGAGTCAACTTCGTGTTA-HYA__combined__20210323_cortex_phu_dv_etssb_1-4_S4,3.484530926,3.055592537
GGTTAGCAGATATGCAGTTAGGCTTCCAGA-HYA__combined__20210323_cortex_phu_dv_etssb_1-5_S5,3.405003786,3.146257639
GATACAAGAGAGCTTGAGAGTTCATGTCCT-HYA__combined__20210323_cortex_phu_dv_etssb_1-3_S3,3.373745441,3.149686813
GGTTAGCAGACAGGTTCGTGTACAATCCAG-HYA__combined__20210323_cortex_phu_dv_etssb_1-1_S1,3.55904603,3.04164052
TTCTAGGTCGTGCGAATGATAGAACAATCC-HYA__combined__20210323_cortex_phu_dv_etssb_1-4_S4,3.322249413,3.166933298
TTCACATTCCATCAGAAGAAAGAGAATGTC-HYA__combined__20210323_cortex_phu_dv_etssb_1-5_S5,3.510632515,3.087560415
CTAGAAGGCTAATAGCGTGGGTAATCGGTG-HYA__combined__20210323_cortex_phu_dv_etssb_1-5_S5,3.019243717,3.174321175
AATGCCGTGCGAAGGTAGTGTCTGAGATCG-HYA__combined__20210323_cortex_phu_dv_etssb_1-3_S3,3.519550562,3.087652922
GTGACGTTGATGGCGATGTAACCGATTGAC-HYA__combined__20210323_cortex_phu_dv_etssb_1-1_S1,3.087589502,3.180965662
TGTCACAACAACCACACCTTACCAATATCG-HYA__combined__20210323_cortex_phu_dv_etssb_1-5_S5,3.628873348,2.990203857
GATGGTTGTTAATCGGAGAATAATACCAGG-HYA__combined__20210323_cortex_phu_dv_etssb_1-1_S1,3.16476059,3.18841362
AGGACGTTCGACTCGCACGACATCTCAGGT-HYA__combined__20210323_cortex_phu_dv_etssb_1-4_S4,3.131374121,3.204206228
CAGTGTGGAATACACCGCACAATCTGCACA-HYA__af8d60__20210309_mouse_cortex_MCF-7_PC3_1-2_S3,2.884213686,3.209928036
ACCTCGAATCTGAAGCGAACAGATTGCTCA-HYA__combined__20210323_cortex_phu_dv_etssb_1-5_S5,2.929872513,3.209832668
ACACAACGCCGTGAAGAGTAAACCAACTTA-HYA__combined__20210323_cortex_phu_dv_etssb_1-4_S4,2.963628054,3.244180441
GGTTAATCACATTCGGTCAGAACCAACTTA-HYA__combined__20210323_cortex_phu_dv_etssb_1-3_S3,3.363429785,3.259718895
CATTCCAAGAACATAATCAGCACCAACCTA-HYA__af8d60__20210309_mouse_cortex_MCF-7_PC3_1-2_S3,2.986601591,3.263995409
CTAACGGCTATGAAGCGAACTACAATCCAG-HYA__combined__20210323_cortex_phu_dv_etssb_1-5_S5,3.368477345,3.278563976
TGTCACAACAGTGCGAACGTTGTTAAGCCA-HYA__combined__20210323_cortex_phu_dv_etssb_1-5_S5,3.352314472,3.282058716
CTTGAAGAAGACGGTGGACTCGGCATAAGG-HYA__combined__20210323_cortex_phu_dv_etssb_1-2_S2,3.443297863,3.261430264
TTCTAGGTCGTGAATATCAGCTGGAACACG-HYA__combined__20210323_cortex_phu_dv_etssb_1-3_S3,3.61994195,3.107913733
CATTCCAAGACCTCAATTACGTCAACTAAC-HYA__combined__20210323_cortex_phu_dv_etssb_1-2_S2,3.36951828,3.291089535
TAGTTGGACTGAGCAGCGATGAAGGTGAAG-HYA__combined__20210323_cortex_phu_dv_etssb_1-2_S2,3.421099424,3.297080517
TGCTTGCCGTGCGGTGGTTACGGCATAAGG-HYA__af8d60__20210309_mouse_cortex_MCF-7_PC3_1-2_S3,3.307332039,3.294418573
AGGACGTTCGACACGTTGTGATGAATCGAG-HYA__combined__20210323_cortex_phu_dv_etssb_1-5_S5,2.917075872,3.299510002
CTTGGATGCATGACTGTTAATTCATGAGGT-HYA__combined__20210323_cortex_phu_dv_etssb_1-1_S1,3.141994715,3.304574251
GCAGACCAGAAGCTTGAGAGCCTTCGTTAA-HYA__combined__20210323_cortex_phu_dv_etssb_1-4_S4,3.345207214,3.303754568
ACGTATCCAAATAGGTACGGCGTCAGACAA-HYA__combined__20210323_cortex_phu_dv_etssb_1-3_S3,3.405659199,3.312159777
ACTCTCTACGACATAATCAGTCACTCGAAG-HYA__combined__20210323_cortex_phu_dv_etssb_1-5_S5,3.658578634,3.107655048
AGGAGACTCATGAACCTTACTTCATGTCCT-HYA__combined__20210323_cortex_phu_dv_etssb_1-4_S4,3.41085434,3.323062181
ATTGAACCACTAGGTCAACCTGCGACAATG-HYA__combined__20210323_cortex_phu_dv_etssb_1-4_S4,3.473894358,3.277379036
GAGGTACTACCTATGTGCTGCATTAACCTC-HYA__combined__20210323_cortex_phu_dv_etssb_1-3_S3,3.602532148,3.169070482
TGTCACAACAATACAGAGAGACACACTAGG-HYA__combined__20210323_cortex_phu_dv_etssb_1-1_S1,3.165313959,3.348202467
TGTCACAACACTTCTGGTATTCCAGTGTTC-HYA__combined__20210323_cortex_phu_dv_etssb_1-5_S5,3.39063549,3.349233866
CTGGTTCTGAATCTTGCATCCGTTATACGT-HYA__combined__20210323_cortex_phu_dv_etssb_1-3_S3,3.550286531,3.232589483
ACTAGCTCTCTGACTGTTAAACCTCGCCAT-HYA__combined__20210323_cortex_phu_dv_etssb_1-2_S2,3.441582441,3.331495285
GTGTGAAGAATAGGTCAACCTGACCGGAAC-HYA__combined__20210323_cortex_phu_dv_etssb_1-2_S2,3.162898302,3.350260735
CTATCTGCTTCAGGTTCGTGGAAGGTGAAG-HYA__932b0e__20210309_mouse_cortex_MCF-7_PC3_1-1_S2,3.469135523,3.31197381
CTATTAGGCTTAACCGATTCTGTAGCAAGT-HYA__combined__20210323_cortex_phu_dv_etssb_1-1_S1,3.370606899,3.360141754
CTAATGTGTGACTCGCACGAGATTCAGGAG-HYA__combined__20210323_cortex_phu_dv_etssb_1-4_S4,3.174098253,3.356470585
GGTGACTATACCACACGGATGTTCGTCAGC-HYA__combined__20210323_cortex_phu_dv_etssb_1-1_S1,3.171501637,3.364655256
CTAATGTGTGTTGGTCTCGTAACCAACTTA-HYA__af8d60__20210309_mouse_cortex_MCF-7_PC3_1-2_S3,3.888331175,2.94606781
TTCTAGGTCGATCTCAACAGTGACCGGAAC-HYA__combined__20210323_cortex_phu_dv_etssb_1-2_S2,3.239199877,3.367865801
ACGAACCGACTGAACCTTACCAAGGTCGAT-HYA__combined__20210323_cortex_phu_dv_etssb_1-4_S4,3.218486547,3.370910645
TGTCACAACAGACGGACGGTTCCGTAACCT-HYA__combined__20210323_cortex_phu_dv_etssb_1-5_S5,3.783542156,3.045441866
TGGTCTACTCGCGGTGGTTAGACTTCTCTC-HYA__combined__20210323_cortex_phu_dv_etssb_1-4_S4,3.457834721,3.348686218
TTGTCCGCCATCCGCTATCGTGTAGCAAGT-HYA__combined__20210323_cortex_phu_dv_etssb_1-1_S1,3.775213003,3.066539526
GGTGACTATAGATGCCTCAAAACATACTCG-HYA__combined__20210323_cortex_phu_dv_etssb_1-4_S4,3.52813983,3.288669348
ACGAGGATTGACTTGAGACCAGAGAATGTC-HYA__combined__20210323_cortex_phu_dv_etssb_1-2_S2,3.263591051,3.392049313
GGTTAATCACTTGCGAATATCATTGCGAGT-HYA__932b0e__20210309_mouse_cortex_MCF-7_PC3_1-1_S2,3.437828779,3.375926971
ACCTATCAGATTAGAGCACACTCCTCATCC-HYA__combined__20210323_cortex_phu_dv_etssb_1-1_S1,3.303005934,3.396402597
AGCTAACTACCTCGCTGTATGTGGAAGGTC-HYA__combined__20210323_cortex_phu_dv_etssb_1-5_S5,3.412977457,3.398075104
GTTCCATGCTGTGAAGAGTATGTTAAGCCA-HYA__combined__20210323_cortex_phu_dv_etssb_1-1_S1,3.746388674,3.120085001
TAGCTGTTGGACCGTACTATAACCAACTTA-HYA__combined__20210323_cortex_phu_dv_etssb_1-5_S5,3.271580219,3.415370464
CATTCCAAGATGACTGTTAAACAACAGGAA-HYA__combined__20210323_cortex_phu_dv_etssb_1-3_S3,3.329792976,3.420666456
ACCTCGAATCGACTTGTAACGAAGGTGAAG-HYA__combined__20210323_cortex_phu_dv_etssb_1-3_S3,3.409176588,3.429088593
TTGTCCGCCAATAGGTACGGGTTCGTCAGC-HYA__combined__20210323_cortex_phu_dv_etssb_1-3_S3,3.102665663,3.428670168
AGGATCTATTACTTAGGCGATCTGAGATCG-HYA__combined__20210323_cortex_phu_dv_etssb_1-3_S3,3.34520936,3.4346416
AGCTAACTACCCACACGGATCATCTCAGGT-HYA__combined__20210323_cortex_phu_dv_etssb_1-1_S1,2.947854996,3.441707611
GATGGTTGTTGTGCGAACGTCAAGGTCGAT-HYA__combined__20210323_cortex_phu_dv_etssb_1-3_S3,3.047333956,3.444509268
CCAGTCAATCAGCTTGAGAGACACACTAGG-HYA__combined__20210323_cortex_phu_dv_etssb_1-1_S1,3.100986958,3.453346014
GCTGACAACGATCAGAAGAAGCAAGCGTGT-HYA__combined__20210323_cortex_phu_dv_etssb_1-1_S1,3.380404234,3.45075202
AGCGGATACACAACCAACGGTGAATCCACC-HYA__combined__20210323_cortex_phu_dv_etssb_1-4_S4,3.691107035,3.213114262
ATTGAACCACTGTCAGAGCATTGCAGTTCT-HYA__combined__20210323_cortex_phu_dv_etssb_1-3_S3,3.429475069,3.445329905
CTAATGTGTGATACGAGCCATCTGAGATCG-HYA__combined__20210323_cortex_phu_dv_etssb_1-2_S2,3.363498926,3.462842464
CTGGTTCTGATACACCGCACAACATACTCG-HYA__combined__20210323_cortex_phu_dv_etssb_1-2_S2,3.406875134,3.466933966
ATTGAACCACACATAATCAGCACAAGCATT-HYA__combined__20210323_cortex_phu_dv_etssb_1-3_S3,3.058209181,3.464584112
TCCTGATAAGCGTTCAATCTGGCTTCCAGA-HYA__combined__20210323_cortex_phu_dv_etssb_1-2_S2,3.407452583,3.467395067
ACTCTCTACGGCGGTGGTTAAAGTGTAGAA-HYA__combined__20210323_cortex_phu_dv_etssb_1-4_S4,3.334041357,3.474588633
TGCTTGCCGTGTGCGAACGTCGTCAGACAA-HYA__combined__20210323_cortex_phu_dv_etssb_1-3_S3,3.552904606,3.354920864
GTATCAGCCGTTGGTATGTAAAGTGTAGAA-HYA__combined__20210323_cortex_phu_dv_etssb_1-2_S2,3.481402159,3.425383568
TAGTTGGACTCAGTTAAGGACTTGGATTCA-HYA__combined__20210323_cortex_phu_dv_etssb_1-2_S2,2.970760584,3.482800961
GACCAATCGACCACACGGATCATTAACCTC-HYA__af8d60__20210309_mouse_cortex_MCF-7_PC3_1-2_S3,3.658579826,3.269782543
CACAGACAACCATACAAGGTGTCAACTAAC-HYA__af8d60__20210309_mouse_cortex_MCF-7_PC3_1-2_S3,3.02827549,3.488766432
ACTAATGACGAAGAACGGTGAACGCCTGCT-HYA__combined__20210323_cortex_phu_dv_etssb_1-4_S4,2.986945152,3.485657215
CTATTAGGCTGGTTGGAATACTGAGACCAA-HYA__combined__20210323_cortex_phu_dv_etssb_1-3_S3,3.694792509,3.242183208
GTGCCAATAATAGGTCAACCCACAAGCATT-HYA__combined__20210323_cortex_phu_dv_etssb_1-3_S3,3.195430517,3.48809576
AGCGGATACATCCGCTATCGCTTAGCACTC-HYA__combined__20210323_cortex_phu_dv_etssb_1-2_S2,3.696595907,3.249001026
GATACAAGAGTTCGCTTGGTGATGACCAAC-HYA__combined__20210323_cortex_phu_dv_etssb_1-2_S2,2.643482447,3.498067141
GTGTATCAGAGTGAAGAGTAATGAATCGAG-HYA__combined__20210323_cortex_phu_dv_etssb_1-5_S5,3.314962864,3.496861696
AATGATGCGGACTGTACGCACTTAGCACTC-HYA__combined__20210323_cortex_phu_dv_etssb_1-3_S3,3.245137453,3.496903658
AGGATCTATTAGCTTGAGAGCCTTCGTTAA-HYA__combined__20210323_cortex_phu_dv_etssb_1-3_S3,3.341947794,3.499135733
TCTACGAACGAATAGCGTGGTATGCGGCTT-HYA__combined__20210323_cortex_phu_dv_etssb_1-3_S3,2.799196005,3.500096083
CTTGAAGAAGATTCAGGACGAGATTGCTCA-HYA__combined__20210323_cortex_phu_dv_etssb_1-1_S1,3.58529973,3.353647947
GCCGACATTAGATGCCTCAAAACGCCTGCT-HYA__combined__20210323_cortex_phu_dv_etssb_1-3_S3,3.149929285,3.504263163
GAACGTGCGTTTGGTATGTAGTCGAAGCAC-HYA__combined__20210323_cortex_phu_dv_etssb_1-5_S5,3.411705494,3.516682625
TGACCGTACTTGAAGCGAACAACCAACTTA-HYA__combined__20210323_cortex_phu_dv_etssb_1-2_S2,3.080854177,3.521980762
GTGACGTTGAATACAGAGAGAGAACAATCC-HYA__combined__20210323_cortex_phu_dv_etssb_1-1_S1,3.451679707,3.499830484
TACCTTCGATCCGGTTACATCGTAGTTACA-HYA__combined__20210323_cortex_phu_dv_etssb_1-1_S1,3.436972141,3.512495995
GATACAAGAGGGTTGGAATAGTCAACTAAC-HYA__combined__20210323_cortex_phu_dv_etssb_1-2_S2,3.731416941,3.25717926
CATTCCAAGAGTGCGAACGTGACTTCTCTC-HYA__combined__20210323_cortex_phu_dv_etssb_1-4_S4,3.213433266,3.538230658
GCAGACCAGAACTTAGGCGACGTCAGACAA-HYA__combined__20210323_cortex_phu_dv_etssb_1-3_S3,3.665594339,3.313839197
TGCTTGCCGTGCTACGACAGTTGTCACGGC-HYA__combined__20210323_cortex_phu_dv_etssb_1-3_S3,3.180871248,3.538041115
GTGACGTTGAACTTGAGACCTCCGTAACCT-HYA__combined__20210323_cortex_phu_dv_etssb_1-1_S1,3.564707518,3.414141178
AGATATCGAGTGTCAGAGCATGTAGCAAGT-HYA__combined__20210323_cortex_phu_dv_etssb_1-5_S5,3.501319647,3.469957352
CTCCTATCATTAGGTCAACCACCAATATCG-HYA__combined__20210323_cortex_phu_dv_etssb_1-3_S3,3.918684244,3.100642443
GTGCCAATAATGAAGCGAACGTGGAAGGTC-HYA__combined__20210323_cortex_phu_dv_etssb_1-2_S2,2.96198082,3.555426359
GCTGTCCTAGCTGACCAGATCGTAGTTACA-HYA__combined__20210323_cortex_phu_dv_etssb_1-3_S3,3.303119659,3.555870533
TGCTTGCCGTGAGCAGCGATGTAATCGGTG-HYA__combined__20210323_cortex_phu_dv_etssb_1-1_S1,3.296262741,3.561582327
ACCTATCAGAAAGAACGGTGCAAGGTCGAT-HYA__932b0e__20210309_mouse_cortex_MCF-7_PC3_1-1_S2,3.961440086,3.080364943
GTGAGTAGCCAAGCTGTATCCTTAGCACTC-HYA__combined__20210323_cortex_phu_dv_etssb_1-3_S3,3.318973064,3.563238859
GAGGACAAGGTGAATATCAGCAAGGTCGAT-HYA__combined__20210323_cortex_phu_dv_etssb_1-2_S2,3.616169453,3.394196987
CTTGAAGAAGATCTTGCATCCATCTCAGGT-HYA__combined__20210323_cortex_phu_dv_etssb_1-1_S1,2.924150705,3.567976236
TAGTTGGACTCTCACATTCACGGCATAAGG-HYA__combined__20210323_cortex_phu_dv_etssb_1-4_S4,3.599176168,3.414421558
GATTAGAGAATAGTGTCAGAGAACAGTAGT-HYA__combined__20210323_cortex_phu_dv_etssb_1-4_S4,3.369543552,3.579067469
GTGTGAAGAACTCGCTGTATCGAACTTCCT-HYA__combined__20210323_cortex_phu_dv_etssb_1-5_S5,3.799222231,3.247962475
GCCATTGAGGACTTAGGCGACACTACTACG-HYA__combined__20210323_cortex_phu_dv_etssb_1-1_S1,3.329067945,3.592494488
GGTTAATCACGTGATAGGAAGTCACTCAAT-HYA__combined__20210323_cortex_phu_dv_etssb_1-1_S1,3.454754114,3.575112343
CTAACGGCTATATGCAGTTAGGCTTCCAGA-HYA__combined__20210323_cortex_phu_dv_etssb_1-1_S1,3.429952383,3.607548952
ATCCAGTGCAAGCTTGAGAGCATCTCAGGT-HYA__combined__20210323_cortex_phu_dv_etssb_1-2_S2,3.464600563,3.587621689
CATGTCTGCAGGCGTGTTAGACCTCGCCAT-HYA__combined__20210323_cortex_phu_dv_etssb_1-1_S1,3.587246895,3.476779461
TGGTCTACTCGTGAAGAGTAACACACTAGG-HYA__combined__20210323_cortex_phu_dv_etssb_1-5_S5,3.546722174,3.510113239
ACACAACGCCCTTACCTGAGCATCTCAGGT-HYA__combined__20210323_cortex_phu_dv_etssb_1-3_S3,3.33309865,3.625054359
AATGCCGTGCCTCCAACTATGTAATCGGTG-HYA__combined__20210323_cortex_phu_dv_etssb_1-4_S4,3.876164675,3.225691795
ACACAACGCCGTATTGAGCCATGAAGTGCG-HYA__combined__20210323_cortex_phu_dv_etssb_1-5_S5,3.560008049,3.504640818
AGATATCGAGCAGTTAAGGAACAACAGGAA-HYA__combined__20210323_cortex_phu_dv_etssb_1-3_S3,3.675376177,3.401178837
AGGACGTTCGTTGGTATGTACAATACGTCT-HYA__combined__20210323_cortex_phu_dv_etssb_1-2_S2,3.707213879,3.383324862
AGCTAACTACTGTCAGAGCATTCATGTCCT-HYA__combined__20210323_cortex_phu_dv_etssb_1-5_S5,2.9471066,3.637399197
CACAGACAACATTCAGGACGCTTAGCACTC-HYA__combined__20210323_cortex_phu_dv_etssb_1-1_S1,3.453038931,3.616237879
GCTGTCCTAGATACAGAGAGCGAGGATCAT-HYA__combined__20210323_cortex_phu_dv_etssb_1-4_S4,3.522261381,3.550788403
GACCAATCGAGCTACAGGACTTAGGACCAG-HYA__combined__20210323_cortex_phu_dv_etssb_1-5_S5,3.51893425,3.555390358
CGTTATCGTGACCGTACTATCACCAACCTA-HYA__combined__20210323_cortex_phu_dv_etssb_1-5_S5,3.630274057,3.460265875
GCTGACAACGGGCGTGTTAGTGGAATAGAC-HYA__combined__20210323_cortex_phu_dv_etssb_1-2_S2,3.196394444,3.653241873
CTTGAAGAAGTTGGTATGTAGACTTCTCTC-HYA__combined__20210323_cortex_phu_dv_etssb_1-1_S1,3.615302563,3.47424674
TGCTTGCCGTGGCTTGAGAGCGTCATCCTA-HYA__af8d60__20210309_mouse_cortex_MCF-7_PC3_1-2_S3,3.418622971,3.653168917
GAGCGGTAACTGGCGATGTATTGCAGTTCT-HYA__combined__20210323_cortex_phu_dv_etssb_1-5_S5,3.585977554,3.505539179
CACTGGTGGTATCAGAAGAATGCTGTATCA-HYA__932b0e__20210309_mouse_cortex_MCF-7_PC3_1-1_S2,3.55076766,3.541087151
ACGTATCCAACTCCAACTATCCGTGCTATG-HYA__combined__20210323_cortex_phu_dv_etssb_1-3_S3,3.623404264,3.48260951
GCATCAGAAGTTAGAGCACAAAGTGTAGAA-HYA__combined__20210323_cortex_phu_dv_etssb_1-4_S4,3.731886864,3.393799543
AGCGGATACACTTGATTACGCTTCGTGTTA-HYA__combined__20210323_cortex_phu_dv_etssb_1-2_S2,3.441851377,3.652579069
CATCGTCGTAGTGAAGAGTACTTACAGCCA-HYA__combined__20210323_cortex_phu_dv_etssb_1-4_S4,3.585437775,3.522979498
TCCTGATAAGAATCGGAGAATTCATGTCCT-HYA__combined__20210323_cortex_phu_dv_etssb_1-4_S4,3.421939373,3.668807745
CGTTATCGTGCTCGATCAACGTATGTGCGA-HYA__932b0e__20210309_mouse_cortex_MCF-7_PC3_1-1_S2,3.791264534,3.34866786
TGACCGTACTGCTACAGGACACACACTAGG-HYA__932b0e__20210309_mouse_cortex_MCF-7_PC3_1-1_S2,3.90137434,3.264550209
AGCGGATACAATACAGAGAGCCTCTATGTA-HYA__combined__20210323_cortex_phu_dv_etssb_1-4_S4,3.266628265,3.694341421
GATACAAGAGGCGGTGGTTATCTGAGATCG-HYA__combined__20210323_cortex_phu_dv_etssb_1-4_S4,3.202441454,3.692588806
AACATTCAGGACCGTACTATTATGCGGCTT-HYA__combined__20210323_cortex_phu_dv_etssb_1-5_S5,3.268264532,3.690869331
TTCTAGGTCGTACACCGCACCTGGAACACG-HYA__932b0e__20210309_mouse_cortex_MCF-7_PC3_1-1_S2,2.878963232,3.696259737
CATGTCTGCAACTTGAGACCCGTTATACGT-HYA__combined__20210323_cortex_phu_dv_etssb_1-4_S4,3.160990953,3.701431036
TTCGCACAACGGCGTGTTAGCTATCCGTCA-HYA__combined__20210323_cortex_phu_dv_etssb_1-5_S5,3.446931601,3.680855274
AGTTGGAAGAGGTAGGTAGGAAGTGTAGAA-HYA__combined__20210323_cortex_phu_dv_etssb_1-2_S2,3.417649031,3.715641499
ACTAATGACGCTCCAACTATTCACTCGAAG-HYA__af8d60__20210309_mouse_cortex_MCF-7_PC3_1-2_S3,3.45225358,3.685572147
TCCTGATAAGTCCGCTATCGGTATGTGCGA-HYA__combined__20210323_cortex_phu_dv_etssb_1-2_S2,3.132237434,3.720656157
GTTCCATGCTGAGCAGCGATTACAATCCAG-HYA__932b0e__20210309_mouse_cortex_MCF-7_PC3_1-1_S2,3.477373123,3.669091225
GATACAAGAGATAGCAGGCATTCATGAGGT-HYA__combined__20210323_cortex_phu_dv_etssb_1-2_S2,3.458619118,3.694576025
GAGGTACTACGATGCCTCAAACCAATATCG-HYA__combined__20210323_cortex_phu_dv_etssb_1-2_S2,3.12043643,3.731991529
TGTCACAACAATCCGAAGTCTGCGTAGTAA-HYA__combined__20210323_cortex_phu_dv_etssb_1-4_S4,3.595432997,3.576311827
TCCTGATAAGCTCCAACTATCGTTATACGT-HYA__combined__20210323_cortex_phu_dv_etssb_1-2_S2,3.471203566,3.694961071
CTATCTGCTTTGAACCTTACGTAATCGGTG-HYA__af8d60__20210309_mouse_cortex_MCF-7_PC3_1-2_S3,3.674271345,3.511448383
TAATCTGTGCACACGTTGTGAAGTGTAGAA-HYA__combined__20210323_cortex_phu_dv_etssb_1-5_S5,3.595893145,3.578787565
CAAGCACCGTCCGGTTACATCGTAGTTACA-HYA__combined__20210323_cortex_phu_dv_etssb_1-3_S3,3.494521618,3.668616295
GTGAGTAGCCACTGTACGCAGTCACTCAAT-HYA__combined__20210323_cortex_phu_dv_etssb_1-2_S2,2.733744383,3.749455452
GAGCTAGTAAACTGTACGCACTTCGTGTTA-HYA__combined__20210323_cortex_phu_dv_etssb_1-2_S2,3.841767788,3.376384258
TAAGTGATCGGTGATAGGAATTAGGACCAG-HYA__combined__20210323_cortex_phu_dv_etssb_1-2_S2,3.475700378,3.704545259
AACATTCAGGTCGTGTGATACCTTCGTTAA-HYA__combined__20210323_cortex_phu_dv_etssb_1-4_S4,3.296939135,3.754405022
CTGGTTCTGATGACTGTTAAGCAAGCGTGT-HYA__combined__20210323_cortex_phu_dv_etssb_1-1_S1,3.494019747,3.70059967
ATCGGAACCAGACTTGTAACGATGACCAAC-HYA__combined__20210323_cortex_phu_dv_etssb_1-5_S5,3.052115917,3.765437841
TAAGTGATCGTGACTGTTAAGTGCTTACTT-HYA__combined__20210323_cortex_phu_dv_etssb_1-3_S3,3.337311506,3.76367259
GCTGTCCTAGGTGCGAACGTCTTACAGCCA-HYA__combined__20210323_cortex_phu_dv_etssb_1-4_S4,3.893460035,3.349938154
CTTGAAGAAGGGTAGGTAGGGTCAACTAAC-HYA__combined__20210323_cortex_phu_dv_etssb_1-5_S5,3.588268042,3.618926048
CTGTAATCCAGAGCAGCGATTGTTAAGCCA-HYA__combined__20210323_cortex_phu_dv_etssb_1-2_S2,3.322000504,3.776764393
CGTTATCGTGGTGATAGGAATTGTCACGGC-HYA__combined__20210323_cortex_phu_dv_etssb_1-1_S1,3.335587502,3.783483267
GAACTTGTAGCTTGATTACGAACGCCTGCT-HYA__combined__20210323_cortex_phu_dv_etssb_1-3_S3,3.341985464,3.782540798
CATTCCTAAGCCTCAATTACACTAAGTAGC-HYA__combined__20210323_cortex_phu_dv_etssb_1-4_S4,3.479269743,3.729982615
CGTTATCGTGGTGATAGGAAAATAGGCAGG-HYA__combined__20210323_cortex_phu_dv_etssb_1-3_S3,3.739803314,3.504070044
CACAGACAACTGAAGCGAACCGAACTTCCT-HYA__combined__20210323_cortex_phu_dv_etssb_1-3_S3,3.596796036,3.629706144
GATACAAGAGATAGGTACGGAACCAACTTA-HYA__combined__20210323_cortex_phu_dv_etssb_1-3_S3,3.844918489,3.412491798
CAGTGTGGAAACCGTACTATCATCTCAGGT-HYA__combined__20210323_cortex_phu_dv_etssb_1-2_S2,3.323894978,3.803522587
AGCGGATACAATCCGAAGTCTCCGTAACCT-HYA__combined__20210323_cortex_phu_dv_etssb_1-4_S4,3.442131996,3.784828901
TCTACGAACGATAGGTACGGTTGCCACAAT-HYA__combined__20210323_cortex_phu_dv_etssb_1-4_S4,3.65310216,3.593824863
CGTTATCGTGGCTGATGGTAGGCTTCCAGA-HYA__combined__20210323_cortex_phu_dv_etssb_1-5_S5,2.929883718,3.80558753
AATGCCGTGCACACGTTGTGCCTTCGTTAA-HYA__combined__20210323_cortex_phu_dv_etssb_1-3_S3,3.609423399,3.632023573
CTGTAATCCAGGTTGGAATACCGTGCTATG-HYA__combined__20210323_cortex_phu_dv_etssb_1-2_S2,3.972430468,3.312665462
AAGAGGCTAATGAATATCAGAATCTGCACA-HYA__combined__20210323_cortex_phu_dv_etssb_1-1_S1,3.194911718,3.811907291
TTCGCACAACACTTGAGACCTGACGAGATG-HYA__combined__20210323_cortex_phu_dv_etssb_1-1_S1,3.442854881,3.786670208
GTGCCAATAAGACGGACGGTCTGAGACCAA-HYA__combined__20210323_cortex_phu_dv_etssb_1-4_S4,3.408228636,3.810081482
ACACAACGCCTTGGTCTCGTCGGCATAAGG-HYA__combined__20210323_cortex_phu_dv_etssb_1-5_S5,3.647387505,3.605953932
GAGGTACTACATTCGGTCAGGATTCAGGAG-HYA__combined__20210323_cortex_phu_dv_etssb_1-2_S2,3.804563522,3.475777149
GACCAATCGACTCACATTCATTGCCACAAT-HYA__combined__20210323_cortex_phu_dv_etssb_1-1_S1,3.748263359,3.525357962
TTGTCCGCCAGGTTGGAATAGTGCTTACTT-HYA__combined__20210323_cortex_phu_dv_etssb_1-1_S1,3.524032831,3.727997541
AGCGGATACATTGCGAATATAACGCCTGCT-HYA__combined__20210323_cortex_phu_dv_etssb_1-2_S2,3.633841276,3.637306452
AGCGGATACAACTCGCACGACGTAGTTACA-HYA__combined__20210323_cortex_phu_dv_etssb_1-3_S3,3.370465994,3.826177359
GTATCAGCCGAGCTTGAGAGTGTGCGATTA-HYA__932b0e__20210309_mouse_cortex_MCF-7_PC3_1-1_S2,3.530725479,3.731328726
TGCTTGCCGTTGAAGCGAACCGATGTAACG-HYA__combined__20210323_cortex_phu_dv_etssb_1-1_S1,3.372729301,3.833563089
CTGTAATCCAGTATTGAGCCGACTTCTCTC-HYA__combined__20210323_cortex_phu_dv_etssb_1-4_S4,3.666345119,3.607511282
AGCTAACTACTCGTGTGATACACCAACCTA-HYA__combined__20210323_cortex_phu_dv_etssb_1-4_S4,3.435144901,3.821063519
AAGAGGCTAATACACCGCACTGACCGGAAC-HYA__combined__20210323_cortex_phu_dv_etssb_1-5_S5,3.833532333,3.475750208
ACTAATGACGTTGGTATGTATGCGACAATG-HYA__combined__20210323_cortex_phu_dv_etssb_1-2_S2,3.226485968,3.847273827
ATCCAGTGCAAATAGCGTGGTGAATCCACC-HYA__combined__20210323_cortex_phu_dv_etssb_1-2_S2,3.662698746,3.630353928
ACTAGCTCTCGACGGACGGTTGCGTAGTAA-HYA__combined__20210323_cortex_phu_dv_etssb_1-3_S3,3.428021669,3.844633818
CTATTAGGCTGTATTGAGCCGTAATCGGTG-HYA__combined__20210323_cortex_phu_dv_etssb_1-2_S2,4.17979908,3.174874544
GTGACGTTGACACGTTAAGATTGCCACAAT-HYA__combined__20210323_cortex_phu_dv_etssb_1-3_S3,3.642228842,3.653701782
GCATCAGAAGAGCTTGAGAGGACTTCTCTC-HYA__combined__20210323_cortex_phu_dv_etssb_1-5_S5,3.383041859,3.858190298
GCCATTGAGGATACAGAGAGCTATCCGTCA-HYA__combined__20210323_cortex_phu_dv_etssb_1-5_S5,3.343427658,3.860902309
ACACAACGCCCCAATACTCGGATGACCAAC-HYA__combined__20210323_cortex_phu_dv_etssb_1-3_S3,2.783012867,3.85801053
CGTTATCGTGCTCGATCAACAACATACTCG-HYA__combined__20210323_cortex_phu_dv_etssb_1-1_S1,3.56530714,3.750395536
ACCTATCAGAGCTACGACAGACTGGTAATA-HYA__combined__20210323_cortex_phu_dv_etssb_1-4_S4,3.587240458,3.723898649
AATGATGCGGCCGGTTACATAACATACTCG-HYA__combined__20210323_cortex_phu_dv_etssb_1-3_S3,3.363646269,3.878177166
CTTGAAGAAGTAAGCGGTGGGTGCTTACTT-HYA__combined__20210323_cortex_phu_dv_etssb_1-2_S2,3.882569551,3.469343662
GAGGACAAGGCTCGCTGTATGACTTCTCTC-HYA__combined__20210323_cortex_phu_dv_etssb_1-1_S1,3.453975201,3.851441383
AGGACGTTCGGACAAGTGGACTTAGCACTC-HYA__combined__20210323_cortex_phu_dv_etssb_1-4_S4,3.615618229,3.710772514
CATTCCTAAGCTATGTGCTGCGAACTTCCT-HYA__combined__20210323_cortex_phu_dv_etssb_1-3_S3,3.488998652,3.827785492
CTTGAAGAAGCAGGTTCGTGGACTTCTCTC-HYA__combined__20210323_cortex_phu_dv_etssb_1-1_S1,3.545922756,3.782488823
CTAACGGCTAACCAAGGAGAAATAGGCAGG-HYA__combined__20210323_cortex_phu_dv_etssb_1-3_S3,3.470145226,3.846416473
GACCAATCGATTGGTATGTATTCATGTCCT-HYA__af8d60__20210309_mouse_cortex_MCF-7_PC3_1-2_S3,3.312225103,3.901892662
CCAGTCAATCTGCGAATGATGAACAGTAGT-HYA__combined__20210323_cortex_phu_dv_etssb_1-5_S5,3.555399895,3.776755095
TACCTTCGATTGAAGCGAACGTATGTGCGA-HYA__combined__20210323_cortex_phu_dv_etssb_1-2_S2,3.475940228,3.85445118
CTAATGTGTGGTGCGAACGTCGTCATCCTA-HYA__combined__20210323_cortex_phu_dv_etssb_1-5_S5,3.596060038,3.747132063
CTGTAATCCATAAGCGGTGGCCTTCGTTAA-HYA__combined__20210323_cortex_phu_dv_etssb_1-3_S3,3.615463018,3.7331388
GAGCGGTAACTTGCGAATATCGGCATAAGG-HYA__combined__20210323_cortex_phu_dv_etssb_1-1_S1,3.483295202,3.859368086
ACTCTCTACGTGAATATCAGACAACAGGAA-HYA__combined__20210323_cortex_phu_dv_etssb_1-3_S3,3.395366907,3.913814306
GATGGTTGTTTAGGTCAACCCAATACGTCT-HYA__combined__20210323_cortex_phu_dv_etssb_1-1_S1,3.445574522,3.900236607
TCATGTGAAGTAGGCTGATTCAATACGTCT-HYA__combined__20210323_cortex_phu_dv_etssb_1-2_S2,4.060648918,3.359072208
CTAATGTGTGGGTAGGTAGGCGTAGTTACA-HYA__932b0e__20210309_mouse_cortex_MCF-7_PC3_1-1_S2,3.648466825,3.753355026
GTGTATCAGACTATGTGCTGCCGTGCTATG-HYA__combined__20210323_cortex_phu_dv_etssb_1-5_S5,3.772409916,3.641176224
ACCTATCAGAGACGGACGGTCGATGTAACG-HYA__combined__20210323_cortex_phu_dv_etssb_1-1_S1,3.464611769,3.938684702
TCTACGAACGCTCGCTGTATAACGCCTGCT-HYA__combined__20210323_cortex_phu_dv_etssb_1-5_S5,3.357717752,3.978265285
GCATCAGAAGGATGCCTCAATTAGGACCAG-HYA__combined__20210323_cortex_phu_dv_etssb_1-5_S5,3.594310522,3.825722694
CTAACGGCTAACTTGAGACCACCTCGCCAT-HYA__af8d60__20210309_mouse_cortex_MCF-7_PC3_1-2_S3,3.97539115,3.493688107
AGCTAACTACATCTCAACAGCATTAACCTC-HYA__combined__20210323_cortex_phu_dv_etssb_1-4_S4,3.348437309,3.990170717
TTGTCCGCCAATCTCAACAGACCAATATCG-HYA__combined__20210323_cortex_phu_dv_etssb_1-3_S3,4.143219471,3.345333099
AGTTGGAAGAATGAGCCAGATGCTGTATCA-HYA__combined__20210323_cortex_phu_dv_etssb_1-4_S4,3.276800394,3.999650955
TAGATGCTCATGAATATCAGAACATACTCG-HYA__combined__20210323_cortex_phu_dv_etssb_1-3_S3,3.697089195,3.750737667
GCAATGATTGATAGCAGGCACTTAGCACTC-HYA__combined__20210323_cortex_phu_dv_etssb_1-3_S3,3.64701438,3.799850702
CACAGACAACGTATTGAGCCGTAATCGGTG-HYA__combined__20210323_cortex_phu_dv_etssb_1-2_S2,3.518752575,3.921296835
TCTACGAACGAAGAACGGTGCGATGTAACG-HYA__combined__20210323_cortex_phu_dv_etssb_1-1_S1,4.177885532,3.334950209
TACCTTCGATTTGGTATGTATGTAGCAAGT-HYA__combined__20210323_cortex_phu_dv_etssb_1-4_S4,3.700851917,3.763386965
CTATTAGGCTGACTTGTAACTATGCGGCTT-HYA__combined__20210323_cortex_phu_dv_etssb_1-3_S3,3.411673307,4.01718092
CCATCTCTGTGTCCAGGCTTTCTGAGATCG-HYA__combined__20210323_cortex_phu_dv_etssb_1-2_S2,3.635085821,3.838238716
GCTGTCCTAGACCGTACTATGTAATCGGTG-HYA__combined__20210323_cortex_phu_dv_etssb_1-4_S4,3.583909035,3.899533987
AACATTCAGGAATAGCGTGGTCCAGTGTTC-HYA__combined__20210323_cortex_phu_dv_etssb_1-4_S4,3.756470919,3.760188341
CTAACGGCTAGCTACGACAGCATCTCAGGT-HYA__combined__20210323_cortex_phu_dv_etssb_1-3_S3,4.0615201,3.494622946
GATGGTTGTTATCCGAAGTCATGAAGTGCG-HYA__combined__20210323_cortex_phu_dv_etssb_1-1_S1,3.809386492,3.723579168
GTGTATCAGATGAATATCAGACTGGTAATA-HYA__combined__20210323_cortex_phu_dv_etssb_1-3_S3,3.906316757,3.643310785
GTGAGTAGCCTTGGTCTCGTCCGTTCGTCC-HYA__combined__20210323_cortex_phu_dv_etssb_1-2_S2,3.591730595,3.927098989
TTCACATTCCCTCACATTCAATGAAGTGCG-HYA__combined__20210323_cortex_phu_dv_etssb_1-4_S4,3.511343241,4.000411034
AATGCCGTGCTAGGCTGATTTCTACAGTGC-HYA__combined__20210323_cortex_phu_dv_etssb_1-5_S5,4.018007755,3.571092129
AGGTTAGAGCTAGGCTGATTCGTAGTTACA-HYA__combined__20210323_cortex_phu_dv_etssb_1-2_S2,4.036761284,3.569819927
ACCAGACGTAACTGTACGCATGTGCGATTA-HYA__combined__20210323_cortex_phu_dv_etssb_1-1_S1,4.011035442,3.597666502
GCCATTGAGGGAGTAACAGGTGTGCGATTA-HYA__combined__20210323_cortex_phu_dv_etssb_1-2_S2,3.887093782,3.737627983
TTCTAGGTCGGGAGCTTGTCAGATTGCTCA-HYA__combined__20210323_cortex_phu_dv_etssb_1-5_S5,3.506195784,4.086054802
AATGATGCGGGTATTGAGCCATGAAGTGCG-HYA__combined__20210323_cortex_phu_dv_etssb_1-4_S4,3.609708071,3.994284391
CTTGGATGCACCTCAATTACCTTAGCACTC-HYA__combined__20210323_cortex_phu_dv_etssb_1-2_S2,3.721432924,3.979795218
AATGATGCGGACCAAGGAGATCTACAGTGC-HYA__af8d60__20210309_mouse_cortex_MCF-7_PC3_1-2_S3,3.911515713,3.832128286
