bcBYJG	4346
bcIHJO	1896
bcCMYE	1531
bcHIZB	1358
bcDXZO	1364
bcFFMQ	1183
bcICYW	1090
bcIJYF	1186
bcCVNN	1116
bcBCLI	1045
bcARGB	993
bcBUSP	1186
bcIJVI	946
bcGAGZ	905
bcEMFL	963
bcEYDH	1062
bcDBBD	707
bcCOLR	747
bcDPHI	889
bcBAUK	674
bcFRDP	768
bcHKOK	666
bcGHBO	561
bcIDPF	556
bcDYQL	614
bcEKNO	453
bcEGZW	610
bcASTX	377
bcADHJ	403
bcECAY	480
bcAVMV	484
bcDDHV	386
bcEMPY	451
bcBZKA	349
bcCRHT	280
bcCGRK	336
bcBVKV	316
bcBNRX	366
bcAUTI	331
bcIEBJ	299
bcGQZM	279
bcCBFW	302
bcHEQW	264
bcGCBB	275
bcERKV	265
bcAGRG	261
bcGWQO	233
bcETGM	264
bcAMMK	261
bcDSIC	187
bcIIQG	221
bcGPTM	268
bcCGVM	245
bcAKNW	221
bcBAKR	238
bcBBWB	245
bcDWLT	209
bcDDPC	254
bcGVPR	249
bcFHRV	221
bcCDGL	202
bcFOTS	234
bcFKCT	203
bcIJYT	201
bcABLQ	176
bcGXNG	167
bcBSKQ	207
bcIGVP	187
bcHHDD	192
bcCJGD	185
bcFJRM	188
bcIERC	196
bcCOWF	155
bcFHCH	180
bcDATD	175
bcBXWL	198
bcARWN	177
bcFBXS	145
bcBQQX	174
bcFBUK	210
bcHSWN	202
bcCYYG	156
bcCUDY	215
bcAHFH	172
bcBVQW	172
bcFXRR	155
bcEUGF	165
bcAVJX	192
bcGXSQ	151
bcIHTG	147
bcCYQD	168
bcGSHR	162
bcEEQL	179
bcFBPD	158
bcFJVI	197
bcELEE	156
bcGFGU	136
bcFTTC	134
bcDVPT	156
bcBMAD	104
bcBMXK	155
bcBOUS	130
bcDQLQ	153
bcAWTT	156
bcCJRK	141
bcDXAN	122
bcCUJS	152
bcBKRI	138
bcCHHI	4078
bcCCJS	1821
bcGENJ	1392
bcBXGN	1629
bcDBVH	1433
bcBCIF	1604
bcIHBC	1157
bcBNXS	1221
bcCFAA	1082
bcATBZ	927
bcAELL	992
bcANEZ	999
bcDZHJ	1043
bcAKGH	1044
bcGTAH	1001
bcGCDX	839
bcAYQG	890
bcBXPJ	712
bcCPBJ	874
bcDOMG	993
bcDSQE	747
bcBVKE	669
bcAGTN	676
bcEQTT	605
bcAKTT	615
bcHLYB	147
bcFOTD	579
bcFGTL	414
bcETII	447
bcCBDU	498
bcFLFF	472
bcCNNK	366
bcHEMI	397
bcHHZD	431
bcAYOB	389
bcGNPO	189
bcHHWP	376
bcCFLO	317
bcEWRV	339
bcDSZD	283
bcBAVV	235
bcEKTT	332
bcHMVG	258
bcDWXK	284
bcCISS	269
bcFHLS	270
bcEFJV	251
bcHCDP	277
bcBQGR	242
bcEIPS	264
bcDJYC	261
bcGGPR	250
bcBXVO	226
bcEYAY	263
bcCLEV	70
bcDJBV	201
bcBBXY	203
bcBMIA	211
bcANMF	232
bcGEOP	247
bcALJA	214
bcHZZI	220
bcHZLG	186
bcGMEK	230
bcGQNW	208
bcHLOG	165
bcFLRI	195
bcGKTJ	198
bcFODD	196
bcGOPO	190
bcGWSL	200
bcECKV	188
bcCTSB	203
bcECBA	191
bcEXCB	192
bcFYQR	193
bcHWOS	152
bcESES	190
bcHZSS	152
bcHQDH	196
bcIFVY	170
bcEGPW	204
bcGEBJ	165
bcGHLZ	165
bcAXGH	176
bcFODU	175
bcBGGU	172
bcCGRH	146
bcHNRL	146
bcFDOC	177
bcBJMN	175
bcBKBD	149
bcEEUF	158
bcAVVB	156
bcDAHR	167
bcFOSX	161
bcAYJY	78
bcHCXR	168
bcBTDJ	114
bcGPAY	168
bcAAFJ	172
bcCQVG	100
bcCJUG	157
bcCEDT	141
bcGKSZ	159
bcFLSO	131
bcBYRV	140
bcCMVG	160
bcGRBM	3773
bcDNJF	2016
bcBTGW	1593
bcICTJ	1321
bcCXZZ	1343
bcANNA	1286
bcIGKC	1031
bcHFEE	1112
bcAJZF	1164
bcAZLQ	993
bcCUQH	1099
bcDYFZ	916
bcFSFP	1105
bcDPAE	1022
bcBNKA	912
bcBNPL	1048
bcCXPQ	996
bcDETS	787
bcGIPT	821
bcAYDO	797
bcDJQK	685
bcEYRB	519
bcCMKN	750
bcGQQE	591
bcEQSY	524
bcGART	594
bcFRYP	434
bcHUAE	492
bcGFSE	474
bcEBFU	466
bcFWLP	357
bcHEWO	419
bcBQLS	324
bcIFVR	153
bcBEIS	331
bcANMG	249
bcADWF	286
bcFWDS	270
bcCBXS	300
bcGOXG	185
bcHXRN	271
bcFVVP	276
bcAZHF	191
bcGSPO	288
bcDYKU	255
bcHEZU	154
bcAVVU	183
bcIIHD	256
bcERUA	240
bcDCUS	276
bcCONF	231
bcHMZR	252
bcGGOS	228
bcFKIV	252
bcEQLB	182
bcGRUT	251
bcFELV	216
bcCUIN	241
bcBTHK	208
bcCFWM	206
bcERVE	182
bcAHMX	243
bcCGBQ	191
bcCAPS	186
bcFUYM	210
bcBCDL	173
bcGMBK	262
bcBVMH	178
bcEFBV	202
bcFGLX	202
bcCGDE	186
bcHGMN	160
bcDRJT	197
bcCWPA	185
bcAQDZ	140
bcGIGS	94
bcGEKV	161
bcEDDY	178
bcEMSI	178
bcCBIC	183
bcCKVC	162
bcCANU	158
bcGAYS	159
bcCCBZ	197
bcEGIK	174
bcBDKB	183
bcDXXH	190
bcEGIM	187
bcCBJW	146
bcGHDM	110
bcFFRC	164
bcAMTW	86
bcBWRJ	111
bcDFIE	174
bcDETF	189
bcFWLD	163
bcHCDM	145
bcCVOW	121
bcCAEK	153
bcEJET	145
bcDKLS	149
bcDDBG	164
bcALTV	169
bcCZEW	134
bcAFRU	157
bcESPI	130
bcGOMD	139
bcBDJX	142
bcCAVB	3554
bcGNET	1567
bcGXYR	1623
bcHPAP	1413
bcHSNH	1315
bcFJRL	1215
bcFWCT	963
bcHJGT	1420
bcAUVL	1158
bcAOIM	1012
bcFRPW	1198
bcFLCR	1140
bcHIVJ	880
bcGPBA	1060
bcBMHN	858
bcDIHU	913
bcASHI	824
bcCCRG	813
bcFMLE	798
bcDAIM	803
bcHNBE	634
bcCAZE	599
bcDSPP	574
bcEYBU	904
bcDJZE	524
bcHVDD	416
bcDSZO	642
bcBNZF	474
bcCNUE	367
bcFIMR	438
bcCKDP	433
bcGOQU	167
bcAXZN	376
bcBWFQ	311
bcEDHC	391
bcGJFD	198
bcCRGQ	333
bcBEIH	313
bcCOCP	303
bcDZMY	351
bcGTHQ	320
bcDURM	266
bcBFHE	347
bcIGJU	284
bcIISG	242
bcHHAI	219
bcIHHK	226
bcFLZF	237
bcBVPD	258
bcGRDE	234
bcHDHX	232
bcDXNK	231
bcFBFP	244
bcGLYB	270
bcDZOS	264
bcGZBL	208
bcGMTP	242
bcAFXD	232
bcEJSH	245
bcFHKA	200
bcGUDR	218
bcDQTO	203
bcBMLN	195
bcBCTN	220
bcFVQB	186
bcCPJP	194
bcGWLX	220
bcHEUN	205
bcBVUQ	230
bcCWBI	187
bcETAV	242
bcCADJ	185
bcFSGN	200
bcEVZX	207
bcCRQY	210
bcDOSB	177
bcCXEE	177
bcGAOD	176
bcHXUQ	204
bcCUTG	186
bcGBGY	178
bcDAYY	186
bcAXGL	140
bcEQTA	197
bcFOCZ	196
bcABJX	114
bcEHOB	201
bcBTFJ	114
bcDKWK	180
bcBXDG	154
bcDXJE	175
bcBTBG	163
bcAXDI	158
bcEIEF	133
bcFINN	146
bcDCAH	180
bcDHYG	175
bcGPDX	204
bcAGOB	147
bcGTJJ	161
bcHYUY	147
bcFRDU	162
bcCRXC	158
bcFXLY	118
bcGXMT	114
bcFPTM	157
bcBWWG	143
bcCZLJ	139
bcGAWM	4017
bcBVFQ	1997
bcCBLU	1622
bcDXOA	1293
bcDWKJ	1274
bcEMBG	1588
bcBRRL	1350
bcBOTZ	1410
bcBOHT	1166
bcBKDO	1074
bcDAGL	1012
bcBCOT	1062
bcDDFW	894
bcFMDY	986
bcADMC	828
bcDMVN	1059
bcCEUZ	852
bcAPKM	756
bcDYXB	938
bcEQUF	724
bcDQXQ	732
bcEHNJ	568
bcGSWO	605
bcCFWI	450
bcABFO	596
bcHWAU	354
bcEDYT	177
bcEJDG	453
bcIDJA	453
bcABYD	344
bcEHGA	475
bcGVLF	444
bcAYVJ	394
bcIIWT	235
bcBICY	412
bcFHRN	361
bcHUQL	322
bcFTIB	349
bcGLLL	285
bcCJNI	330
bcDPRS	291
bcCDZD	294
bcBDKN	300
bcHMNY	101
bcGAAB	282
bcCSCP	287
bcGQVW	235
bcBNRI	258
bcDBKA	257
bcHTIB	240
bcHNVO	254
bcGZXS	240
bcCWAS	205
bcFVKS	192
bcCZEQ	258
bcARXS	240
bcBQMK	200
bcCAJH	210
bcGNTI	203
bcFKCP	198
bcAPPD	216
bcBYRF	218
bcAQUJ	151
bcHMXL	239
bcAYUN	206
bcHWYV	149
bcAOGN	202
bcAKVK	181
bcEBPC	234
bcEFRE	204
bcHGPJ	179
bcFIOS	191
bcCJVU	193
bcCDMV	190
bcBWMF	140
bcDNZC	223
bcBJWZ	231
bcBTTQ	205
bcAQMA	157
bcBTHP	148
bcAXBF	156
bcASBQ	178
bcFBWA	203
bcAYZG	156
bcHQJY	161
bcCIFV	149
bcHQPA	156
bcHYXI	168
bcBLJU	130
bcBXFJ	166
bcHOVR	152
bcBTSW	171
bcAQET	158
bcGDMC	170
bcDQVF	181
bcAVHD	146
bcHKQZ	148
bcFJAR	160
bcDUIU	186
bcCLPO	146
bcIDVV	103
bcEFSN	156
bcIFYY	136
bcDJFJ	136
bcAOGW	161
bcHRMT	152
bcBZWL	122
bcAJPY	112
bcHGGY	3921
bcGVEQ	2366
bcEESL	1502
bcIDJS	1630
bcAIIY	1314
bcGPMH	1627
bcDSPF	1397
bcCWFV	970
bcFPWP	1049
bcCGFT	1049
bcEJZR	876
bcBITN	974
bcALDF	978
bcACBV	1202
bcETMJ	896
bcEDBS	943
bcFNHF	891
bcCYLM	942
bcDLSK	686
bcDSRM	730
bcGVAL	684
bcFKAN	679
bcAXCH	677
bcBHXL	810
bcBCYI	524
bcGICK	426
bcFGUO	464
bcGIHA	578
bcDPOH	519
bcCVDR	373
bcHFLK	385
bcCLKD	421
bcGXXN	248
bcBWLC	350
bcDUUI	389
bcHKYH	430
bcHYDH	340
bcBYND	290
bcDIUR	292
bcFDIM	282
bcCBLG	217
bcBQHI	242
bcCHMC	249
bcBIMV	290
bcAMDQ	239
bcCIDP	228
bcCRWX	283
bcASKP	266
bcBCYA	182
bcGYQH	247
bcGWRT	223
bcBFQP	230
bcCJZS	223
bcDCSZ	265
bcGZZN	240
bcCEUJ	240
bcENBF	252
bcEZHC	231
bcBRJP	225
bcDWVX	176
bcFVLY	217
bcCASJ	181
bcCCDI	203
bcFJTK	192
bcHMOF	198
bcHNZL	218
bcBEKL	177
bcHJII	214
bcBVQC	169
bcACCM	199
bcBJEH	135
bcIFFF	210
bcEBTQ	187
bcAMBM	212
bcCMYC	223
bcCACI	198
bcAAJC	214
bcCJBL	181
bcBINZ	193
bcHTQP	169
bcBQFD	157
bcFNGO	211
bcCMQR	118
bcFIPN	151
bcGRRK	124
bcDWTO	166
bcIBMW	133
bcDMTT	183
bcIAJD	165
bcHERA	156
bcDMUL	177
bcEHOK	157
bcDIKP	151
bcDVAR	181
bcIAJO	174
bcGVGL	141
bcDPLO	155
bcBYGW	162
bcCMHT	198
bcFGRT	168
bcFQYU	150
bcEHPX	177
bcGUHG	162
bcBKGB	160
bcEMVK	157
bcHMOY	150
bcIIHJ	133
bcAPCG	149
bcCXUT	3760
bcCULD	1957
bcARTX	1644
bcEKRB	1351
bcFETJ	1471
bcFTBA	1263
bcCUAO	1243
bcFKLS	1200
bcFRMH	1140
bcCNNI	996
bcCLSS	1006
bcGQYQ	876
bcBDBO	953
bcEYKA	876
bcBCVX	885
bcFSWM	875
bcADTZ	769
bcDKWE	793
bcAFTQ	776
bcCJLK	650
bcDGHM	722
bcBTTD	825
bcHONI	647
bcCHKG	588
bcFGMB	451
bcDOAS	408
bcHOZE	549
bcAMVZ	485
bcFHOI	373
bcCMUN	481
bcCPSL	279
bcCTQM	456
bcFBOQ	443
bcFPVI	388
bcANHC	378
bcHSJB	302
bcCNNZ	275
bcHLNJ	325
bcFDPC	301
bcHHPQ	161
bcBZVP	356
bcAZDR	281
bcACWM	304
bcCGCV	286
bcGFUR	257
bcETDF	272
bcCHFW	248
bcFLGO	276
bcCGGP	228
bcHVEU	224
bcCNCW	222
bcGUMD	289
bcAWPN	254
bcGYRD	231
bcHVFY	216
bcIAOY	265
bcHWBL	192
bcAJDW	236
bcHWOM	221
bcBEKE	205
bcHMTO	233
bcFHDZ	121
bcHOTB	208
bcBZXY	217
bcGIUI	210
bcHWGP	151
bcDIHF	206
bcIEYT	210
bcFVJT	193
bcEMKR	214
bcDYCJ	173
bcDFHY	212
bcCFDX	175
bcEXTL	273
bcFJNQ	191
bcFMVV	174
bcGFZW	160
bcCTHV	181
bcICJU	171
bcDBQP	234
bcFQBH	192
bcBLYB	157
bcAKWF	165
bcHUTA	184
bcGACF	170
bcFLSE	145
bcANJB	171
bcAYVG	167
bcBCFH	130
bcFRSJ	188
bcCGHA	138
bcBNFI	174
bcEWMK	186
bcBVTG	166
bcFYUH	168
bcDAAS	169
bcEZYE	172
bcGIYW	136
bcDSJW	176
bcBQVA	167
bcAICW	139
bcCJSN	138
bcGUDB	165
bcGKLX	168
bcDMRD	165
bcHPOW	134
bcBUXN	147
bcDQIQ	153
bcFVRM	3208
bcGRXI	1878
bcFRKD	1880
bcGJDU	1394
bcDAIA	1434
bcAAYM	1453
bcDIOO	1199
bcAXDP	1598
bcEIYV	976
bcBZDX	999
bcHJOC	924
bcDBYM	1050
bcEHJD	803
bcCMYR	959
bcGTVW	778
bcFFYJ	816
bcFAHC	865
bcDMIW	918
bcENNO	787
bcDAFC	828
bcFCMA	635
bcFAUZ	693
bcIFER	645
bcCOFE	565
bcEQGW	643
bcGAFP	447
bcDCCC	566
bcCCGA	342
bcBTUH	544
bcAOOM	330
bcBNCN	377
bcBKZD	302
bcHGES	393
bcBKPB	418
bcAPVC	387
bcHKNW	349
bcBBHX	324
bcCAVQ	344
bcCQHV	254
bcCCEB	299
bcBTUY	315
bcBHSW	246
bcDMXK	347
bcBBGS	302
bcCGOE	258
bcAELS	261
bcCEKU	258
bcFXBM	185
bcFNCR	208
bcCLAO	251
bcASCU	244
bcCMNG	293
bcEAQD	243
bcCUVN	254
bcAGDY	229
bcGXRV	193
bcHAEK	234
bcFFHH	197
bcICJJ	209
bcGYZO	220
bcDYYQ	238
bcELJE	203
bcBPSO	204
bcDZKS	239
bcDPMC	213
bcFTQV	123
bcEVJZ	204
bcCNSJ	169
bcDQMF	199
bcCIBT	181
bcHSWH	160
bcCZVX	200
bcGELK	116
bcIILL	169
bcHWAC	157
bcBFAC	149
bcACDA	180
bcAKBJ	166
bcCEKL	175
bcDVMF	197
bcEFKZ	168
bcCBGW	176
bcGVSZ	162
bcAVKV	200
bcGKDB	166
bcEEZS	153
bcGIDL	189
bcFRLP	169
bcCJAS	156
bcHROH	150
bcDQTA	181
bcFYYR	161
bcIJHI	149
bcEXAD	135
bcGUAM	169
bcHDIX	150
bcAORF	155
bcCLTQ	163
bcIIIO	139
bcCUQR	157
bcHJZT	139
bcANQQ	144
bcCKYM	123
bcGKHT	143
bcHFNY	171
bcAHFA	139
bcBYOA	129
bcCQQA	141
bcEYNO	2471
bcCIXZ	1680
bcFVRN	1464
bcGZZS	1539
bcBVBR	1779
bcFFCL	1538
bcBALK	1122
bcFZEW	949
bcGGFR	987
bcHRNM	1050
bcHZEF	946
bcIGSX	1050
bcGKIG	1158
bcBKDU	1023
bcFXHQ	823
bcDXRV	925
bcIAGM	726
bcCKOJ	946
bcAWMQ	893
bcCBTP	726
bcCVPO	612
bcBNRH	694
bcCUIB	604
bcBMJG	736
bcEWMJ	741
bcHUQO	663
bcHLJV	512
bcEYSP	447
bcHETD	471
bcGUWN	496
bcEIQA	406
bcCHHV	446
bcHFIU	385
bcBQMR	133
bcFTJA	360
bcAXCA	286
bcFHJE	313
bcCXEA	330
bcHOQW	310
bcGGFE	284
bcHVWI	298
bcBTOK	295
bcAZXX	177
bcDULJ	311
bcEMWF	314
bcALFM	255
bcCWIU	226
bcCNVS	293
bcGYJU	265
bcACWZ	258
bcBWKF	192
bcBDAQ	264
bcDZYW	283
bcCHUI	218
bcBCND	244
bcFDJJ	241
bcAMCH	219
bcGVAV	146
bcCZSE	189
bcHSQD	211
bcGYHU	173
bcERFD	211
bcHLNE	231
bcAQED	105
bcGBEZ	192
bcGWSZ	194
bcCTXL	209
bcHHPR	218
bcDNEF	202
bcHUEI	221
bcBWVA	114
bcBIAY	153
bcBLAR	176
bcGMPB	189
bcAVMX	198
bcCKMF	146
bcGGZP	174
bcBCXN	146
bcEHQR	182
bcIIIH	164
bcBEDA	183
bcHZDU	145
bcGBFW	190
bcDAYR	188
bcEKII	139
bcGTWA	154
bcAMWM	175
bcGPUE	168
bcBQSL	175
bcHKNT	156
bcAVEZ	166
bcBQMS	116
bcBKMU	175
bcAZQH	189
bcEBAI	185
bcBORT	159
bcBUNW	138
bcAHIY	144
bcFADZ	81
bcHINC	176
bcHDPV	140
bcBYUH	131
bcABRN	163
bcGTZL	148
bcAMIN	128
bcCWUQ	142
bcAMIS	130
bcAPQY	131
bcHWBO	3170
bcBNUG	2554
bcCUTM	1781
bcFURH	1873
bcAOBY	1485
bcEKKK	1144
bcHSND	1130
bcCRHX	1243
bcIAAK	1079
bcBCBK	993
bcAOFV	998
bcBLMZ	1044
bcDGZW	1098
bcBWFK	875
bcAVKU	823
bcDQRG	820
bcBBNG	677
bcHSBK	795
bcBRGI	663
bcHPYB	808
bcEKWD	787
bcIHBH	696
bcEHJC	973
bcEIDJ	610
bcHRQQ	597
bcHCMK	708
bcCBBH	567
bcEAFW	396
bcGNFJ	491
bcCJYC	430
bcHHMQ	446
bcIHER	326
bcBXWU	352
bcHWPX	344
bcGZXQ	312
bcBZHU	297
bcAORZ	369
bcHOPJ	280
bcACQZ	315
bcBTVA	314
bcFXFT	320
bcDWKH	307
bcBXVD	269
bcCOOQ	270
bcHWQE	240
bcAUHK	252
bcDSXK	238
bcHKDX	270
bcBVGR	261
bcHYXA	266
bcGFFI	254
bcGAAF	198
bcGLOE	249
bcCNVP	122
bcIIBV	239
bcCVYG	165
bcFMGF	179
bcHURP	179
bcCWFN	194
bcDUCA	227
bcCVSR	185
bcGHHF	205
bcGSYE	197
bcAWNL	218
bcDHBF	253
bcADLN	238
bcFGCZ	205
bcDVVE	218
bcCWUW	181
bcAUPE	181
bcCQSF	243
bcGWLO	216
bcBGVA	214
bcCQBE	190
bcDKVT	193
bcAMVO	162
bcDBIC	198
bcDPBB	175
bcFGDM	192
bcGCAD	186
bcBLIL	148
bcBFUI	182
bcHCWB	171
bcCEQY	154
bcCAKH	153
bcBBAG	175
bcETWL	188
bcDFJQ	167
bcEQTO	174
bcBVUY	177
bcBFBM	165
bcIFTR	148
bcAFLD	164
bcCELE	144
bcAVMB	168
bcEBXG	133
bcCGDW	157
bcDZLR	172
bcAUWA	163
bcHJUH	132
bcDFDL	161
bcFEFO	191
bcGYXC	87
bcGBSR	139
bcCPVF	143
bcEVFE	162
bcFHSX	139
bcFUXW	141
bcABLF	3028
bcEYYB	1705
bcGXWI	1383
bcIAOE	1699
bcHTPJ	1460
bcCXOQ	1230
bcGYRR	1099
bcHIXY	1218
bcGVUK	898
bcCKFT	934
bcAGXX	1140
bcEJZY	916
bcGRHX	948
bcGIMB	954
bcDZIF	1137
bcFMXM	791
bcIHGC	843
bcHHTE	882
bcGQFS	765
bcGPLT	708
bcEXVZ	697
bcFDIW	711
bcBFTX	605
bcGSMS	528
bcBZCI	503
bcDGMP	759
bcCHYM	383
bcFNEW	572
bcDZSP	348
bcCNDO	522
bcHDSO	455
bcHWVW	303
bcDZWC	347
bcCNQN	305
bcCGDZ	330
bcGPYT	347
bcHLQU	198
bcBZAB	337
bcCBBR	310
bcIIKG	280
bcEZLB	335
bcAKZR	315
bcFEAS	254
bcHUNS	290
bcATYM	286
bcGNDJ	287
bcAOBG	283
bcAUWS	242
bcEOPR	244
bcBLCQ	250
bcEJKK	238
bcBKZS	233
bcFXND	208
bcBOEJ	245
bcBVHM	249
bcHLGX	224
bcBBIC	230
bcHTPZ	169
bcEEXW	241
bcBRQE	203
bcETWQ	206
bcHINN	237
bcHGNO	209
bcBQWB	194
bcAJUH	240
bcFJKG	183
bcHVRR	191
bcFZVS	207
bcIBJI	188
bcGVRY	165
bcCMCU	216
bcDZHW	214
bcGMML	192
bcAHXO	182
bcAHCG	172
bcBSMY	190
bcDOWD	168
bcELDH	175
bcFMMJ	115
bcCQMB	184
bcCYLO	178
bcHSCD	160
bcGBDI	198
bcDXQE	203
bcCVXT	152
bcFMZI	194
bcAUWV	160
bcGTEZ	191
bcEETC	129
bcDWNF	133
bcBXVX	162
bcHUKA	178
bcBYBI	160
bcHVFL	163
bcDFBZ	172
bcDOLS	166
bcCZBD	169
bcBJTI	119
bcCIUK	146
bcCFVM	136
bcAYAA	146
bcCZVU	152
bcCNWT	129
bcGAHI	141
bcEZVP	169
bcAYTU	122
bcAZOK	159
bcEWQE	192
bcHVTG	2913
bcBNBQ	1855
bcFORM	1668
bcBUAS	1647
bcGETE	1178
bcBUWX	1238
bcFBNY	1086
bcGXUM	984
bcEYDX	1160
bcCHRN	1052
bcBIKZ	1090
bcHJEJ	971
bcFCRA	1027
bcHKHO	969
bcCOUQ	862
bcCTYJ	939
bcIEUL	801
bcELKP	778
bcBKCE	748
bcAXRH	792
bcHYYN	690
bcFLFJ	664
bcFHTC	472
bcBFTK	718
bcHHOY	616
bcBFXA	659
bcEITM	596
bcHVTM	540
bcAENN	430
bcBWVD	373
bcCVYO	360
bcDZQZ	360
bcCYRZ	444
bcBGDV	425
bcHWXN	311
bcEVIL	388
bcAFQB	349
bcHGJK	336
bcBWGR	292
bcAQKO	313
bcHUMH	248
bcHIMW	343
bcHPWY	280
bcBYRB	260
bcGFGL	240
bcGQZL	251
bcIJLK	288
bcHVDP	237
bcDESP	297
bcDREQ	258
bcHVGN	239
bcGRZU	271
bcHERQ	229
bcCIEA	253
bcARKU	249
bcHDFC	243
bcDCIQ	216
bcEUGN	245
bcIENL	216
bcFPXO	138
bcADCU	180
bcECJO	219
bcFPYA	199
bcHZRD	182
bcIABT	180
bcEHLI	213
bcADKD	205
bcFEES	218
bcCKHP	168
bcEEHZ	218
bcDYHO	229
bcDUVB	205
bcIIVG	109
bcCUHA	207
bcGEBV	159
bcERMB	184
bcBWLM	153
bcCNEY	168
bcBJMR	131
bcEDWF	189
bcGHZF	179
bcFWFC	136
bcHZFW	183
bcBCRS	154
bcGVKV	160
bcBPXV	128
bcDOMB	190
bcBQPO	135
bcEBUA	163
bcIGLC	105
bcCSXS	150
bcBJFN	157
bcAJWH	202
bcADDH	151
bcCUAS	149
bcGVNZ	132
bcAHQY	171
bcEWQT	170
bcCJYP	164
bcDWNB	110
bcFUVM	169
bcEXBH	163
bcENTP	181
bcAUYS	177
bcHQDA	159
bcBJJT	163
bcDAQL	151
bcEAVO	129
bcEEJD	3045
bcGGGQ	1731
bcCFOF	2023
bcGEZM	1525
bcBNNE	1193
bcDCLP	1214
bcCKOD	1398
bcECUS	1164
bcGSOQ	1159
bcFQCH	951
bcHKND	1017
bcDRIT	992
bcHPCF	936
bcGWQY	738
bcEPBJ	1129
bcDEXD	1033
bcDXRF	712
bcFSBL	829
bcGQUN	714
bcENNS	869
bcEMIJ	820
bcDYLE	673
bcFINC	556
bcATGE	490
bcHKAD	629
bcDWFT	667
bcFYXJ	595
bcFZQW	568
bcCHWA	393
bcHGWU	421
bcCZVB	375
bcHCXK	455
bcBRML	348
bcENHU	410
bcCZMB	405
bcCRUM	342
bcFSQD	325
bcHRRC	229
bcBUCV	331
bcAFQH	260
bcHOVZ	290
bcCLLN	303
bcDUCK	307
bcEODV	301
bcHXTI	301
bcGIAO	257
bcDYSH	187
bcBKIJ	278
bcALXI	249
bcHFTK	247
bcIIOZ	207
bcDFJA	124
bcCPZF	245
bcDZXE	259
bcGKBJ	250
bcBVQQ	214
bcALCP	221
bcBXTL	243
bcFLEI	242
bcDPKH	213
bcEPEP	249
bcEONJ	230
bcFOUA	226
bcFXGZ	208
bcGQHR	233
bcIJGQ	200
bcHTFS	214
bcEKBA	173
bcBCDQ	227
bcHAHJ	159
bcHFSV	176
bcHGTY	192
bcCFRU	174
bcGHHG	168
bcCQGA	227
bcBUCT	189
bcHFEU	179
bcGRRG	192
bcAKET	163
bcBYKL	165
bcGWSE	158
bcHCAB	186
bcHSAI	188
bcFGKI	185
bcESFT	189
bcFJYY	183
bcBVTM	159
bcFIDU	152
bcAEMH	158
bcBVCD	180
bcGJZI	156
bcEFHG	172
bcFUJN	193
bcCNFB	157
bcFLYQ	135
bcDWGZ	160
bcDEBP	156
bcGXTE	110
bcFEJH	150
bcBKGD	156
bcFUTH	170
bcABQP	158
bcCPGK	154
bcDWPC	141
bcEFJT	100
bcBIYV	161
bcHSKT	144
bcAJXI	155
bcHUPY	2455
bcCDEG	1610
bcGACS	1647
bcECKT	2046
bcGDKN	1326
bcBANL	1227
bcFSTL	1097
bcBLQN	906
bcDFRP	1212
bcEHPZ	1023
bcAVHX	805
bcCUJF	928
bcFNBL	1039
bcCMCB	890
bcDZST	974
bcCAJK	740
bcGVQZ	727
bcFCJF	787
bcGAVN	824
bcCUON	1071
bcCTKX	688
bcEGPY	662
bcANMX	652
bcAKPO	555
bcAVJA	550
bcCNRD	661
bcBLKA	312
bcCVQB	192
bcFLBC	379
bcDBEW	526
bcBGOL	479
bcEPKX	499
bcFGDK	397
bcFDFK	222
bcHUPC	364
bcAFSQ	349
bcFPLD	220
bcGZWS	311
bcCJKZ	316
bcBUQG	349
bcIIJR	319
bcFEBX	240
bcHUIA	309
bcDGXM	227
bcGLIC	279
bcHEOR	113
bcESCD	286
bcGAYI	277
bcIFAF	275
bcHJIJ	231
bcBOAJ	176
bcIFQN	220
bcDGIU	223
bcGZBJ	216
bcGFIV	239
bcDIUP	205
bcGOGX	226
bcATWH	239
bcHPRM	220
bcEGRF	223
bcCOET	214
bcCTRK	211
bcFIOB	208
bcDEUR	195
bcHYAV	182
bcGBUU	189
bcFFAX	205
bcCAAW	200
bcEKBO	193
bcEIVO	190
bcDOEE	178
bcBZMT	183
bcGGYV	168
bcFMOD	167
bcCLKI	197
bcHNFT	184
bcBBGL	215
bcFXDO	156
bcDEKA	216
bcEGBN	166
bcCCOF	153
bcFGEE	189
bcFIIY	145
bcHBBU	160
bcFLPY	186
bcIAFC	171
bcDBTQ	190
bcIIZR	128
bcBOHI	172
bcCQXY	164
bcHHPW	152
bcDFYW	151
bcCZRJ	144
bcEORV	155
bcDEYL	166
bcDMBH	138
bcBEDR	165
bcCPHZ	139
bcEWDH	186
bcBZPQ	147
bcGLEF	139
bcGQLT	159
bcHBLJ	134
bcCOGW	94
bcDWUV	120
bcCBTM	134
bcDRCW	135
bcCVLR	157
bcHDGD	2855
bcGYHA	1927
bcAJRY	1895
bcHBTW	1621
bcDNHJ	1188
bcGDXV	1298
bcGCLO	1083
bcBOHM	680
bcCXRO	1288
bcGKLL	1018
bcIBIO	909
bcDIJU	1031
bcCOGX	934
bcBSVN	1014
bcCRJK	797
bcFLGT	864
bcEIEN	165
bcCJSZ	841
bcCDAI	707
bcEJAP	823
bcHGYE	676
bcHOBN	739
bcEVQR	596
bcABDP	626
bcDBEC	586
bcAHQG	715
bcDCCO	572
bcAHHD	393
bcFSUW	352
bcCKTP	418
bcCKFX	372
bcCRNC	428
bcIIVY	347
bcIBYK	378
bcEJLW	370
bcDQPL	350
bcBFZQ	374
bcIIAQ	329
bcBCQQ	224
bcCDDL	267
bcEFII	232
bcFZOG	259
bcCZQM	241
bcBWPH	214
bcEISR	289
bcFEUC	317
bcAGFU	154
bcHNRH	251
bcGJSX	234
bcCBZK	264
bcBSVA	286
bcBQZB	233
bcFPWW	261
bcEQBN	223
bcIAXB	256
bcELAG	203
bcEYUR	197
bcAHDB	255
bcHYDK	222
bcGXYL	199
bcDRFR	225
bcBTXH	213
bcFEHS	204
bcCDGX	210
bcHDNR	189
bcIGDE	167
bcBYEP	187
bcGFII	194
bcFBNV	200
bcBJXC	170
bcGNMK	228
bcBNBE	189
bcCHSG	188
bcADKK	201
bcIFXU	147
bcAYNJ	184
bcGPUV	99
bcBEFJ	177
bcIGVJ	144
bcGXRS	171
bcGRYX	146
bcHPMR	145
bcGPUI	180
bcAKOX	199
bcEWEU	233
bcBLED	108
bcGNMP	196
bcGGTJ	144
bcFQXW	176
bcACDZ	134
bcCILP	165
bcDBGJ	150
bcFBIH	180
bcGWUY	153
bcAWMX	163
bcHDSN	149
bcFGCC	189
bcHEPC	134
bcGONG	163
bcCSLH	127
bcGHWZ	143
bcCALD	171
bcCBKC	132
bcDOVK	107
bcDDBL	148
bcCOTA	114
bcCUTO	141
bcBCAH	141
bcFBGH	2298
bcAKBM	2391
bcDJYJ	1722
bcFKTK	1979
bcIENX	1201
bcCBRD	1210
bcCPVQ	1405
bcCTKZ	1254
bcADRC	1219
bcBIXP	1005
bcGZUU	1025
bcFALC	1411
bcAWTX	866
bcFGDT	941
bcGYIU	819
bcGHIB	876
bcICSK	791
bcGHZG	868
bcCPLA	639
bcHOUY	956
bcEOBT	686
bcFIQR	668
bcIKAB	580
bcEYLW	577
bcAZXR	510
bcAQGX	453
bcCGDB	438
bcGJPT	506
bcAGBA	395
bcCMBT	402
bcEYYG	438
bcAIPM	354
bcFTPM	339
bcHLIO	347
bcDSYR	387
bcDYXZ	252
bcAPWD	268
bcFFUS	376
bcFBPN	332
bcDTIK	315
bcHWZJ	252
bcCEEJ	266
bcGMKV	288
bcCXYL	288
bcCKST	125
bcGYNG	306
bcBWAX	243
bcAPIV	239
bcCDSV	241
bcDOAN	257
bcGSGM	255
bcAAJH	260
bcDNFA	253
bcFSXI	233
bcAFRG	248
bcCRDY	226
bcFXSN	205
bcBMLE	155
bcBLMS	193
bcHLIU	216
bcHCVC	247
bcCBJC	204
bcIFRL	196
bcBPPA	226
bcHPJB	201
bcBCWU	178
bcERNF	175
bcGKDT	208
bcDBLN	216
bcBENG	201
bcDLCO	223
bcGQAM	177
bcFZDF	194
bcDABI	218
bcEUAD	193
bcAJDY	190
bcFKXY	14
bcHBVL	190
bcBYIC	164
bcHRGP	190
bcHKUI	131
bcDUOI	188
bcALEC	179
bcDBPQ	207
bcCDLN	192
bcGAPW	152
bcGAYZ	167
bcHZAM	102
bcHLRJ	153
bcCCEL	177
bcGWYD	170
bcBLIR	122
bcGNTP	152
bcCOOV	151
bcCHST	169
bcCNID	124
bcHDMF	129
bcCJRV	171
bcFVIY	132
bcFXVA	139
bcHCUC	176
bcCZUM	146
bcFNEN	177
bcGEDJ	127
bcBKCV	138
bcBTHH	161
bcCXXL	163
bcDUEC	143
bcEIRD	2428
bcBNYZ	1973
bcCVQU	1344
bcECMF	1389
bcHWLD	1210
bcCJAQ	1051
bcEUCW	1778
bcCDZU	1183
bcABSX	1215
bcBFPU	1037
bcAZJI	1117
bcBDHG	1125
bcIFZD	1053
bcCPWC	837
bcHCHO	989
bcFHNT	790
bcFVZU	669
bcFDMB	953
bcHPVE	674
bcBXZH	716
bcBPWX	738
bcFHWN	778
bcDHCX	641
bcGDRD	504
bcHPNA	542
bcBXCH	465
bcBTAA	582
bcBFEZ	513
bcAZAP	461
bcEWMT	505
bcBRPC	387
bcDQQR	496
bcBSXM	429
bcHOLJ	384
bcDWCJ	360
bcHLYY	217
bcCKQE	329
bcDVBS	335
bcCXEY	257
bcCOZR	208
bcBTDO	306
bcEYXX	307
bcGEOF	258
bcCBUS	269
bcFXFQ	289
bcFZJM	252
bcHLMY	279
bcDQSV	253
bcAAOF	308
bcBPXN	274
bcHIZF	168
bcHMIV	248
bcFRXX	257
bcAGCH	231
bcAERN	259
bcHEFM	222
bcFMBS	237
bcCBFQ	202
bcBQZU	191
bcCHKV	210
bcGTZJ	7
bcBVBF	181
bcAMKQ	229
bcHWZO	185
bcAPLY	202
bcCXHS	167
bcHGAE	206
bcGLAS	198
bcHJGC	161
bcGMKI	181
bcHRDB	208
bcHIVH	202
bcABJT	195
bcIFPM	189
bcCSEN	169
bcGBET	162
bcFBBA	173
bcIABE	164
bcBLAB	158
bcHWPW	166
bcAZMH	178
bcGBEC	175
bcEBUI	199
bcAUVG	202
bcAVGO	171
bcAYEZ	154
bcHBKN	161
bcCIXF	172
bcAXRT	163
bcCMGB	199
bcGALP	154
bcEFAF	150
bcHAHP	159
bcDWKN	116
bcBXMQ	147
bcGBEK	139
bcBFKP	178
bcAZRL	187
bcHKFI	173
bcDEIB	145
bcHAGT	139
bcHHBB	93
bcCRCJ	135
bcGUJX	136
bcBCIK	156
bcFOPV	124
bcGNQB	136
bcFGTF	2977
bcFGOR	2155
bcFVSM	1423
bcBZEB	1221
bcDGHN	1179
bcHZGB	1200
bcCPRL	1072
bcCVFM	1016
bcBAWD	1068
bcGAYJ	969
bcGXZY	888
bcAGVZ	918
bcFFFC	1016
bcCANE	751
bcDSUR	905
bcHBDE	888
bcGXXG	750
bcCCDV	700
bcDDMG	680
bcFTAP	668
bcGPCI	967
bcFPIZ	604
bcHPPF	558
bcCMXW	517
bcAVNG	572
bcAAUO	564
bcBERG	519
bcAAUJ	465
bcIFUK	466
bcHAWF	443
bcFBOK	420
bcEIFM	289
bcGTEL	410
bcFMBI	345
bcCOYR	356
bcCNNV	355
bcHAAS	209
bcAKMY	370
bcGUHE	342
bcDQMX	358
bcFDRR	291
bcCAHG	313
bcAWNJ	279
bcHVNG	293
bcBKJS	336
bcAECN	245
bcAHMQ	281
bcFUVY	195
bcAVXM	279
bcBUKC	238
bcBVQH	243
bcCAPF	226
bcBMJS	238
bcGSDC	244
bcGLDT	228
bcHZYI	241
bcCIFZ	239
bcCKLI	174
bcEVAE	235
bcHDGU	244
bcFKSF	204
bcGMQW	217
bcGEFS	208
bcBVXU	179
bcDONH	225
bcBWQW	152
bcAUNV	227
bcBREV	224
bcCICG	195
bcHOJP	167
bcBYMM	174
bcDUBG	215
bcFVGV	154
bcGENH	161
bcGKWC	132
bcFFNN	177
bcDUTL	189
bcFRQP	159
bcECWF	181
bcDIKX	181
bcHJCF	165
bcGWUO	146
bcAMYO	151
bcCTYV	177
bcHELS	177
bcAXWI	181
bcAJBN	184
bcAFCK	202
bcEFNJ	3
bcCDBI	147
bcAEYM	193
bcBMPM	148
bcEYTU	125
bcBAGB	182
bcCJXL	141
bcCQWU	89
bcHAGH	130
bcBGYD	163
bcGDML	161
bcHWFI	130
bcDNGD	165
bcBVYF	143
bcBUTO	168
bcBBGC	160
bcBTNC	144
bcGSVG	154
bcAYKH	141
bcDRAO	2872
bcICUW	2267
bcGVFT	1904
bcDZOT	1778
bcCRJV	1452
bcFKXV	1575
bcDYCQ	1366
bcFMLB	1272
bcIHCT	985
bcEJQY	889
bcCYMB	1093
bcCNQG	903
bcCDQQ	971
bcGLSS	965
bcCJOO	987
bcFMGJ	927
bcCNSP	747
bcCSTO	753
bcHRWO	899
bcAILD	781
bcCVBG	754
bcABLU	805
bcDAHW	623
bcDSOI	828
bcHVKH	531
bcCEHO	683
bcBWQQ	461
bcFDVB	532
bcBNKZ	487
bcALVK	483
bcBQDU	323
bcFXKR	394
bcCZEJ	424
bcAUJS	369
bcGEIY	323
bcHZOP	343
bcENGK	350
bcBLFG	300
bcHEXD	348
bcFHKO	325
bcEHZU	172
bcGMLI	272
bcDFMK	304
bcDZCM	316
bcCXNH	253
bcDYJT	272
bcCPLI	298
bcGGHI	227
bcCRQC	289
bcEHPC	201
bcFANS	278
bcHZAQ	167
bcCUKQ	227
bcAPVZ	240
bcBVYU	205
bcACKF	248
bcHJEV	101
bcHHFC	250
bcAECF	243
bcEGWT	265
bcGSKM	250
bcEOSC	228
bcFJQG	202
bcBLKD	189
bcAXOO	189
bcHDQV	181
bcEMAJ	232
bcCCIP	180
bcEMHN	228
bcCLIX	182
bcFWTN	152
bcHBTR	162
bcFBFR	190
bcFMOA	189
bcENKI	197
bcGDCS	212
bcCYLI	204
bcDBNN	183
bcCXUU	175
bcGXOV	150
bcHYFZ	188
bcBFTM	191
bcCTLV	138
bcEDIB	155
bcCRGJ	177
bcHJHG	159
bcAOLF	160
bcGVBL	138
bcDDNZ	164
bcEQCE	155
bcFNRN	147
bcAHMY	198
bcADGV	172
bcARXO	169
bcCBCR	186
bcGLAL	156
bcIFLN	142
bcCNPE	135
bcAEQT	121
bcAGAJ	173
bcCSFM	156
bcDNLW	183
bcDFXP	148
bcEPFI	171
bcERQF	181
bcCEOU	135
bcBADB	143
bcCWTE	2855
bcCLFC	1653
bcGWUT	1325
bcAWWO	1306
bcIDUP	1441
bcEBRA	1432
bcEFXV	1137
bcHVZM	1166
bcCJBJ	999
bcBMRT	1035
bcABYC	1026
bcDIEY	1133
bcEITP	942
bcBBEP	1064
bcELUC	778
bcCOLT	1034
bcFSYY	983
bcFBHM	785
bcAWOG	782
bcESWC	707
bcAOOI	620
bcEIRJ	721
bcEOFB	620
bcDHHF	640
bcBDVQ	459
bcAOGH	591
bcBCUR	404
bcFQTB	513
bcBIRF	501
bcCLMZ	464
bcFNAH	447
bcIHXE	403
bcHWYP	248
bcDQDQ	391
bcHDEL	339
bcHIDA	401
bcADTK	360
bcIIGQ	323
bcHWWW	230
bcFTQJ	273
bcEWMF	348
bcHLNH	302
bcGQGC	330
bcDWIS	268
bcHOZJ	189
bcCUTL	240
bcEQYX	283
bcGBVU	294
bcDAKH	300
bcDMDM	181
bcAITE	254
bcAOFR	245
bcENFC	300
bcANFB	247
bcCOAA	269
bcAOIE	238
bcDFYH	221
bcHUTD	204
bcAYGU	180
bcBWRW	166
bcDKJQ	257
bcFSTC	201
bcBZJI	173
bcCYJI	209
bcDDKK	213
bcFCUB	204
bcDSWK	223
bcAROT	183
bcAFIQ	205
bcEBHY	232
bcDNOI	226
bcIJXN	180
bcFRNX	196
bcCAWG	202
bcFITM	200
bcDDHW	204
bcFCDP	247
bcBPYP	212
bcEVXA	215
bcFTUO	148
bcFJZT	94
bcGPZD	192
bcAGGM	203
bcAVKP	189
bcCGZR	165
bcBUOX	167
bcAXNE	182
bcAIPE	163
bcEHLB	168
bcHPMV	170
bcCSIU	146
bcFLBE	174
bcCKUS	109
bcGIDN	146
bcAYKI	134
bcGZYM	185
bcADNM	163
bcGULA	145
bcFJHN	156
bcFFFZ	165
bcHZHH	144
bcIHCY	152
bcAUCY	146
bcCBEU	153
bcEIGL	136
bcEVLT	148
bcDMTI	158
bcFTBO	2963
bcCKQB	2123
bcGPWT	1398
bcEUDF	1404
bcGJZF	1275
bcCOZX	1156
bcAZSX	1230
bcGNVE	975
bcGCMD	1081
bcFSLJ	980
bcDWFV	236
bcCSEL	950
bcCCLL	889
bcAGCW	955
bcBVEG	876
bcEBTC	963
bcGSIY	841
bcDSWN	810
bcDCQR	820
bcDLDM	714
bcBPWZ	747
bcHMMD	944
bcASCM	652
bcHMSN	558
bcAAWA	486
bcAEOR	588
bcHAIQ	497
bcAUTT	547
bcHNJC	539
bcGHIH	348
bcBLQE	323
bcFEAR	416
bcHTIQ	326
bcCVXL	353
bcGONZ	350
bcFTQI	315
bcCHJS	288
bcDUWG	312
bcBZDW	223
bcEMKN	324
bcGXYT	13
bcBXSU	262
bcAKEG	338
bcBQYH	267
bcHKWK	279
bcAHJT	316
bcEDZN	281
bcHQFS	269
bcBUEK	248
bcDCSF	226
bcDOZX	237
bcBUZT	250
bcAQUB	193
bcAAMC	251
bcGCHM	216
bcIBBH	225
bcGSBW	217
bcAMTT	207
bcBYNS	220
bcCMLD	174
bcAJBR	204
bcEAVQ	190
bcCPZU	231
bcHXYK	213
bcCZPI	188
bcFTRE	140
bcAKGK	221
bcCGRI	184
bcBNSQ	152
bcFGUH	21
bcFDOH	202
bcEKBT	186
bcACPJ	192
bcCKLH	152
bcCMDE	195
bcGRZZ	181
bcBNNM	200
bcHXBG	164
bcBMFO	172
bcHGJC	178
bcBKQV	180
bcHTCJ	173
bcFXBD	117
bcEGHO	174
bcGAVY	157
bcBDXH	188
bcBPNF	168
bcBWTV	124
bcAVOY	154
bcBBSQ	159
bcAYNR	179
bcHBHJ	193
bcABZU	161
bcDFHI	174
bcGYRC	143
bcCXOH	135
bcBKEC	144
bcFTHC	169
bcFUTS	174
bcHYAR	151
bcCLWA	147
bcEBOS	173
bcABOM	157
bcCTAA	157
bcFXBW	117
bcGMJL	159
bcFTXP	142
bcFVXP	2176
bcFTGN	1880
bcBGVG	1982
bcAJEL	1277
bcIAMB	1269
bcGNRT	1341
bcGGPL	1058
bcBEVU	1039
bcBTVU	1087
bcAFDO	1117
bcAYIN	1044
bcGMWY	956
bcBGOI	975
bcHCNO	940
bcDBOE	875
bcHMYN	880
bcFGTE	1029
bcCRWA	882
bcBGCO	856
bcBMAG	797
bcDJOZ	643
bcEZNJ	619
bcGNMS	579
bcGTIJ	543
bcAYXO	538
bcBZYJ	471
bcBMCK	590
bcBSNY	503
bcGJGR	503
bcDFCJ	504
bcCLOI	451
bcDDOZ	466
bcHSNC	361
bcEVDB	383
bcEFYW	300
bcHHNZ	342
bcHJED	303
bcCDVF	240
bcHOEJ	239
bcHNRY	307
bcHOVV	306
bcCMDP	269
bcEPTC	307
bcGBLQ	232
bcFKBZ	268
bcHIAQ	289
bcAZOR	246
bcGFQK	250
bcDIOV	259
bcBFMA	254
bcFMOY	243
bcCHHH	275
bcDHSN	237
bcAIDF	250
bcGFYY	225
bcAYHC	189
bcEIGN	212
bcGJCK	220
bcFYZR	224
bcIEUS	239
bcCEPE	215
bcGCLU	63
bcEPRS	154
bcBXTQ	190
bcGAXU	210
bcBPHK	203
bcEXOW	114
bcDOTX	220
bcGKBH	223
bcHPVY	206
bcCHOD	183
bcDFPW	225
bcDUVL	167
bcCKFU	206
bcCCJP	177
bcFSHI	198
bcBUWI	180
bcIIUJ	156
bcGPPA	206
bcGBOX	170
bcANVH	206
bcHGQL	162
bcFXNG	169
bcDVRI	157
bcGRAO	161
bcBXFS	161
bcAUGQ	174
bcEGAM	172
bcEHVA	148
bcCFBU	116
bcEGQY	158
bcEFAY	149
bcAIWT	195
bcHFCG	179
bcGTUA	152
bcBXWK	134
bcAXYV	142
bcGRIY	167
bcBWVP	142
bcBJNU	75
bcDIYO	170
bcBWIP	119
bcEVTO	157
bcESVU	137
bcAHWZ	141
bcCDRJ	139
bcBYKG	138
bcBDQD	3139
bcDNPZ	1733
bcBETT	1523
bcCKCC	1153
bcCXAQ	983
bcAFKP	1483
bcIJTO	1244
bcFVLQ	1071
bcCBBV	1029
bcHUVY	1002
bcCVWB	878
bcHUMQ	1125
bcFVCH	217
bcEZHT	989
bcAUIE	822
bcFYTE	891
bcAHEL	862
bcDAKR	841
bcCQZR	616
bcBPZA	869
bcGHNV	732
bcEVPV	578
bcFCKM	756
bcHACH	833
bcGILE	502
bcEBTW	432
bcCZTB	408
bcFCII	372
bcGUYF	183
bcAVZA	474
bcFCXW	404
bcFGRD	420
bcECVR	343
bcDSOY	303
bcGELZ	169
bcBBIH	328
bcHMVQ	317
bcEYYD	340
bcANFU	331
bcFZTS	357
bcBFGF	236
bcGHMX	305
bcDEWT	314
bcCGCZ	273
bcAIFJ	161
bcCLHE	262
bcDQKB	246
bcHUMK	188
bcECQV	152
bcGREI	256
bcBUZP	207
bcIDLE	262
bcAVLS	213
bcBDNQ	258
bcBVER	204
bcDBJN	262
bcHLQB	206
bcEQRD	230
bcHGZF	190
bcAFHI	252
bcHDKA	221
bcEKEE	184
bcGFGJ	233
bcCGPT	189
bcCJXR	208
bcBOVR	220
bcBLYR	225
bcBCKJ	154
bcEAOK	221
bcCHNF	153
bcFAEC	218
bcHMFC	194
bcGODN	174
bcEOES	224
bcIBOM	167
bcBBJI	210
bcAYTE	168
bcGSWB	182
bcGLAI	173
bcBPXJ	178
bcGDXF	157
bcFZSI	167
bcFRTM	189
bcBAIS	181
bcBWDR	156
bcFVLM	160
bcDVKP	146
bcEEJL	160
bcHBIN	164
bcCEDC	130
bcGVGA	180
bcHKKD	147
bcEIDT	121
bcDYXS	162
bcIBHQ	96
bcFXUX	155
bcCFXQ	161
bcCRXH	139
bcEXVX	167
bcAJCP	147
bcDXLH	155
bcAZVQ	130
bcBQIA	149
bcCXLQ	124
bcHETO	161
bcHRED	165
bcGTWR	143
bcHZMF	2725
bcBBFV	1608
bcHWDR	1186
bcAQQP	1509
bcBRFT	1208
bcHFGQ	1323
bcCTUZ	1198
bcAUSO	1092
bcHHIA	1115
bcELGM	1129
bcDXZS	989
bcFIVW	277
bcGDZT	803
bcHJIF	883
bcACMT	901
bcGBSW	808
bcCNHL	680
bcBJHE	794
bcAVXF	743
bcAYWO	757
bcHQEC	678
bcFPGW	570
bcHIAY	792
bcDENV	645
bcAPIA	531
bcGYYZ	540
bcGUEK	527
bcAPUA	520
bcCYHO	529
bcIAAX	433
bcEWZB	445
bcBXNP	424
bcDOOJ	318
bcDEXI	436
bcDHNF	393
bcHMNS	176
bcAFTY	296
bcEAVP	250
bcHWZW	284
bcCDTI	306
bcGDPR	337
bcBWTU	243
bcBUVY	252
bcEZXP	267
bcBZEP	263
bcHFJH	311
bcFAFZ	298
bcBLKS	202
bcAJGU	270
bcFLWE	275
bcGDMZ	273
bcGWPD	210
bcAPQW	205
bcGPII	260
bcHDLZ	247
bcBUCZ	223
bcAJYG	252
bcHHTA	221
bcAYHB	206
bcFCLM	133
bcGADN	221
bcDDRI	206
bcHMLI	210
bcBAAR	197
bcIFTW	138
bcFUHZ	242
bcHRDP	184
bcFFPO	208
bcBVOT	167
bcBXES	179
bcASDP	198
bcEHFW	197
bcDDEI	196
bcEJFG	195
bcBQTW	206
bcGWLI	199
bcBAVW	171
bcFUKJ	203
bcCIAS	135
bcDEVR	176
bcGQMO	180
bcCKUX	148
bcGZVF	142
bcEUTC	148
bcGRWY	191
bcHDAX	170
bcCXRJ	165
bcFDXC	149
bcHUOK	165
bcBRHT	168
bcARAL	127
bcFFAN	120
bcFMPK	170
bcGTQO	140
bcFLIV	172
bcCFBG	135
bcBHZM	138
bcCDCP	141
bcCALU	162
bcAVOV	160
bcCVTD	154
bcGULL	159
bcDZWS	171
bcBJHX	126
bcCEQR	152
bcDSSS	176
bcHZPB	90
bcBJBV	2897
bcCSWJ	1981
bcHKCF	1438
bcATQR	1621
bcDPWY	1300
bcCZRD	1152
bcBNKW	1072
bcDSLS	1108
bcAHSX	1022
bcGSNV	1060
bcAVXV	1043
bcFTVJ	863
bcGBRL	997
bcCUIY	934
bcHVOK	1036
bcBTZW	856
bcDBOJ	799
bcAKJU	911
bcBANR	820
bcCZSA	787
bcBEYR	660
bcGSVU	711
bcGDQY	463
bcGOHU	579
bcEBAN	622
bcGBWT	592
bcGBAX	235
bcAPSR	454
bcEAXL	167
bcFXVJ	410
bcCJEY	378
bcAQWR	420
bcANVI	417
bcDGMQ	413
bcGJHJ	394
bcBGDE	365
bcHVSF	335
bcDYLW	295
bcBZPC	268
bcFNNS	362
bcCDEO	304
bcDPBC	272
bcDOOR	308
bcBLXT	239
bcHXYO	257
bcAMOF	225
bcFCKS	281
bcFTRR	185
bcCBSP	247
bcGGPC	235
bcABBI	242
bcEPNY	264
bcEBKN	275
bcCBXN	202
bcCIBD	216
bcDDPY	196
bcHJIH	219
bcDBGW	223
bcCORD	213
bcGSNW	153
bcHBMT	222
bcDFMC	223
bcFOPJ	189
bcCLCX	216
bcENKA	231
bcGXRQ	176
bcBMOJ	169
bcGBBO	192
bcGLWC	226
bcAKLH	228
bcIDQS	195
bcBLVQ	189
bcFHMP	178
bcFTJY	172
bcEBCF	173
bcECZQ	159
bcCLAH	142
bcBRPP	172
bcGJFZ	166
bcBVOS	167
bcGEBN	192
bcAPYU	158
bcCCEJ	181
bcGARX	186
bcEFQJ	152
bcHJXH	170
bcDMTE	183
bcHYWS	171
bcEFGQ	181
bcHVXS	144
bcHTQC	162
bcAUUN	153
bcAMOI	166
bcHXAR	133
bcDFJU	128
bcEPQE	173
bcDCCD	150
bcGSDX	130
bcEHIS	176
bcAUSZ	168
bcAADS	178
bcAXRM	138
bcHDSE	146
bcFFVA	165
bcEIUK	154
bcDBBG	161
bcHUGU	139
bcBMCW	1967
bcEXCV	1682
bcFZMP	1483
bcCINQ	1353
bcAWPJ	1215
bcBGWW	1394
bcCCTT	1181
bcAGZZ	1219
bcERCD	1196
bcFDMJ	1026
bcHHTG	1055
bcBLUY	949
bcHFQE	976
bcGWJZ	1063
bcAAGO	935
bcCZVY	965
bcDDYG	1077
bcDKYF	918
bcALKF	765
bcETMX	647
bcCVIJ	555
bcDLWO	557
bcDRFG	619
bcCBIW	631
bcDAOA	541
bcBACC	494
bcBNMQ	448
bcEPMI	508
bcDDIL	483
bcBMDW	300
bcDNVG	346
bcEUAH	298
bcBLDD	326
bcHNPC	245
bcGKEZ	186
bcEUOL	311
bcDZBR	311
bcDIPE	303
bcEDFU	347
bcHRKY	270
bcCHZS	341
bcBVYH	308
bcANXI	210
bcGJBR	297
bcDZCD	284
bcCRSA	239
bcCXZG	260
bcESYL	176
bcHDQL	261
bcCMZK	244
bcEJUT	230
bcDKDX	247
bcDHTR	277
bcAHMK	237
bcIDTX	205
bcAIKO	221
bcDAFX	243
bcEAGW	154
bcFRFM	183
bcBRDM	206
bcHGJE	168
bcBEKS	206
bcELPV	192
bcGANE	208
bcFYSZ	219
bcCRMP	201
bcECKJ	216
bcELBL	165
bcDISQ	215
bcDSUL	213
bcEGAD	177
bcCKWP	177
bcCIGQ	177
bcBKTQ	189
bcIIIR	165
bcFKVZ	193
bcDJWB	194
bcGSMT	181
bcGYBM	158
bcFDVP	144
bcFWRQ	191
bcCOEQ	168
bcGDLI	192
bcAJWD	186
bcGLLA	136
bcEYPM	179
bcIKCG	135
bcIGKI	137
bcHRMS	159
bcBLXO	151
bcESGV	141
bcGJGC	168
bcDQCR	184
bcDSDO	167
bcCUTB	163
bcHBWC	145
bcBOKM	178
bcBVRJ	160
bcASXJ	120
bcBINC	144
bcEXEP	161
bcCEPG	153
bcBYSQ	150
bcBSQW	164
bcAAYI	164
bcCRBV	123
bcELHB	149
bcFHFO	1829
bcHMSQ	2094
bcHTNN	1655
bcCNVN	1192
bcAULD	1414
bcEALT	1303
bcHRGY	1101
bcBLMY	1108
bcGOAY	1313
bcEDCG	1124
bcBENL	904
bcCMOD	1046
bcAOQS	926
bcFQMB	910
bcAYYF	987
bcATII	930
bcDZTZ	815
bcGMBS	967
bcHKIN	817
bcERNO	742
bcHWWL	716
bcGTSW	665
bcFBXW	706
bcDLCM	578
bcEMJC	494
bcBPBR	594
bcAZVX	380
bcHQON	333
bcAAFP	575
bcAYUM	400
bcBWJS	415
bcICUR	233
bcAVBJ	469
bcBZPN	303
bcAYHV	377
bcHKPD	351
bcBALC	335
bcAJZK	315
bcBMUA	340
bcEQDF	256
bcFRQX	245
bcDUKS	282
bcGBKF	197
bcFOWV	260
bcDZHZ	216
bcDRYQ	313
bcCNHV	262
bcIJJO	274
bcBAPB	242
bcCJGN	223
bcAVGM	255
bcGQAC	220
bcBKEL	249
bcESVX	239
bcACWI	262
bcBRDN	213
bcCODK	178
bcEFLW	205
bcGYMO	199
bcBGYL	231
bcAQSA	193
bcFAXZ	141
bcFRGQ	155
bcAOGF	192
bcDKVN	214
bcFGXA	208
bcIGQT	205
bcGZTD	165
bcAXQU	185
bcCKKH	186
bcFGQV	191
bcGCDY	173
bcDIJS	117
bcIBEK	183
bcDUIQ	188
bcAYBU	188
bcETEH	191
bcEWBN	220
bcDZSA	182
bcDHQJ	179
bcIIAV	168
bcDLXC	133
bcHAQR	139
bcFGIQ	197
bcBJQG	194
bcECFY	201
bcDTMR	183
bcEOLZ	167
bcGTAO	189
bcGPTR	205
bcANUR	178
bcHFTI	169
bcIJEN	178
bcGUPO	164
bcCCEP	152
bcCTYD	185
bcAORJ	147
bcAYEN	127
bcFGNW	167
bcGUDM	103
bcDYMZ	90
bcEJLL	133
bcEBLC	160
bcHCYA	131
bcDRUQ	154
bcDQEC	82
bcBUZW	126
bcGLHV	2722
bcAGNO	2062
bcBSOU	1415
bcGNTL	1420
bcIDPH	1300
bcHQRB	1470
bcDRLO	1147
bcBMLJ	1083
bcCGMQ	1076
bcFKVD	1042
bcGTDX	1127
bcEKQV	968
bcBVBL	1005
bcBJJE	757
bcEIYR	874
bcGBHO	916
bcCFJZ	936
bcGOTC	754
bcEWGY	799
bcCDPA	696
bcBQIJ	656
bcGYDU	584
bcESGO	690
bcAWZY	626
bcAKML	523
bcDSMQ	556
bcDWFF	469
bcHQDT	425
bcDGGC	561
bcDXDJ	376
bcAEZQ	498
bcAMZN	423
bcCURS	397
bcBWIL	288
bcDOPO	406
bcBDBU	386
bcDIQY	301
bcGTUG	233
bcAGAG	287
bcIJQA	363
bcEBLD	265
bcGSZD	325
bcAAQT	305
bcEGER	314
bcHBXR	271
bcGFKW	253
bcCTQS	273
bcGYAA	183
bcEUDD	234
bcCKUY	245
bcGLKP	252
bcIGZS	192
bcEIXW	238
bcHDLG	211
bcBSOF	244
bcCMFY	233
bcEQGC	188
bcAQGF	236
bcGQCM	217
bcHUPL	202
bcGIZU	238
bcHHMF	173
bcEFNW	213
bcIFXH	183
bcHMZN	207
bcCZUB	170
bcCGBE	186
bcDIYI	162
bcBXPP	205
bcEFFZ	206
bcCZEL	193
bcETJN	197
bcHMED	191
bcAMLJ	198
bcENEX	198
bcCEGQ	213
bcAEKH	200
bcEKEL	169
bcCHBE	173
bcHOPG	189
bcEVOI	207
bcIBQQ	187
bcBGGB	190
bcBQUE	180
bcDNZI	203
bcGDHE	180
bcHNOC	163
bcIBDB	166
bcGWVQ	146
bcCVLO	158
bcCRVC	196
bcHYZC	179
bcGRDR	148
bcAYBH	135
bcIBIN	150
bcFCKE	164
bcDUSX	166
bcBJSC	182
bcANBG	137
bcHFFE	132
bcFJRS	165
bcFPJU	137
bcGELC	144
bcDGIS	156
bcDVQM	170
bcARKZ	121
bcADGC	171
bcANXS	2135
bcDDWO	2015
bcAMCK	1862
bcHQFO	1479
bcFOLD	1204
bcBTII	1381
bcCYML	1191
bcCENA	1154
bcFWQJ	992
bcDGJU	1212
bcCUVB	1069
bcFJXS	948
bcDYRO	1140
bcCGPR	847
bcHZVB	882
bcEKML	815
bcGHVL	905
bcAHSA	827
bcDWQG	613
bcGJPY	585
bcDKBP	777
bcEQVC	773
bcEXIT	611
bcGZCO	564
bcBFZN	523
bcBGEL	498
bcHWJW	457
bcAMDK	307
bcHUIU	461
bcBIYM	536
bcCVRN	402
bcCVVK	394
bcHTNJ	359
bcAXQO	348
bcGTJZ	392
bcGLCP	352
bcBCPE	324
bcCQYD	303
bcCUMR	322
bcADUA	328
bcCXYN	334
bcFMCW	276
bcATWA	248
bcEJLT	257
bcBSQU	211
bcBXPB	262
bcHPYW	257
bcCNBR	256
bcCWJU	203
bcCCSF	205
bcCNII	239
bcFNRH	233
bcCUEV	248
bcAKRC	263
bcCLNP	261
bcFJUR	239
bcAUFN	139
bcHDNZ	203
bcGANW	205
bcBTGK	172
bcAJLZ	214
bcEJVL	228
bcIJDR	214
bcHTEK	201
bcIBQD	213
bcBFUR	182
bcHGCY	167
bcDLAJ	217
bcBFRZ	208
bcHLPY	202
bcHOYK	182
bcAVLL	182
bcDJJD	186
bcHRIH	156
bcGGTL	166
bcAKQX	145
bcAQXH	148
bcFHPM	185
bcCXJF	161
bcFHIW	172
bcGLZL	183
bcGBER	179
bcBUNC	142
bcAKWJ	183
bcEXPN	174
bcCNGQ	169
bcCTBG	181
bcGNRB	163
bcBXQF	176
bcGZWW	171
bcHAUN	166
bcEIVY	161
bcIHCZ	106
bcCLJM	146
bcCULQ	155
bcEJXW	140
bcAAUX	151
bcFHVA	170
bcAXQH	155
bcDVLQ	138
bcAQRM	140
bcCMYP	129
bcGBDD	101
bcCXQL	175
bcCVSI	132
bcFZMU	106
bcDTZT	153
bcBOBG	1991
bcCVTH	1449
bcBLDY	1528
bcHVVU	1599
bcEHEQ	1320
bcAOAX	1096
bcBXJV	994
bcCSGL	1294
bcDXZR	1376
bcHHKJ	1017
bcGYMU	975
bcDPFZ	1076
bcAKXZ	1292
bcBPUF	910
bcAHZW	1202
bcAHNS	975
bcEXJG	964
bcEXXS	851
bcFAAM	873
bcATOM	717
bcGPHI	803
bcEPBR	796
bcDBQO	797
bcGUOP	734
bcFBTP	500
bcHNPN	414
bcFLVZ	596
bcEFZN	373
bcDQQV	444
bcGITJ	493
bcEDGO	400
bcFFIP	484
bcBXTC	369
bcBZDK	332
bcFUCF	402
bcDOQH	367
bcBKSK	361
bcBLSN	339
bcFARQ	365
bcBGUU	349
bcDSJS	301
bcAFYI	212
bcBOUA	330
bcBVNR	237
bcCRAQ	252
bcCXNS	271
bcBKCO	264
bcEQPK	282
bcHKJI	244
bcGFPU	237
bcBGUM	264
bcEVXR	274
bcERHN	219
bcADWJ	247
bcHWVN	188
bcHMBN	221
bcCARW	191
bcHPCN	214
bcHWQI	202
bcEFMT	218
bcGRNE	179
bcFPAI	211
bcBLCP	186
bcBJFZ	243
bcBXRX	173
bcBNAO	184
bcGLGF	193
bcIAZS	163
bcBRRD	224
bcGBAF	186
bcCPSH	201
bcAUGU	191
bcBJBF	147
bcGWKL	206
bcCLNV	205
bcDYWS	205
bcAZXI	189
bcAKFA	192
bcCCCN	191
bcCBHX	186
bcBFSK	154
bcCKWS	173
bcGBTZ	171
bcHUWJ	162
bcCGIN	135
bcENNQ	180
bcEOER	182
bcACTC	167
bcBFQE	199
bcELTU	188
bcIIDH	125
bcHKAS	175
bcCCTN	156
bcEYJD	192
bcBWKW	99
bcIFSD	147
bcFKUN	137
bcEAAC	181
bcDVHO	155
bcBOQG	161
bcBHVA	141
bcHJMG	146
bcGVUI	136
bcERAO	153
bcFJKQ	111
bcGTMS	166
bcASTN	112
bcEQCD	2102
bcBEGT	2024
bcBWLP	1272
bcBOQH	1637
bcCINZ	1148
bcBPIR	1258
bcCFVA	1267
bcEYFO	1361
bcDRDW	1107
bcBSPO	1007
bcHRMO	1065
bcDBAS	1031
bcCAYF	858
bcFWVV	1002
bcGYOQ	960
bcEKTX	1047
bcHQJW	800
bcCWRA	803
bcBJEN	841
bcEGPH	793
bcIGTU	684
bcDXSO	587
bcEYHI	884
bcGIUE	507
bcFBJZ	788
bcDNQA	615
bcFDWP	473
bcGDHM	313
bcCEVH	483
bcFVTA	387
bcFVPG	454
bcHTFI	397
bcHICW	406
bcEIYN	331
bcFZZA	352
bcDQIN	273
bcDDTJ	312
bcDCAN	372
bcDBCV	350
bcBVWE	259
bcEFKS	319
bcFXTD	288
bcCQDX	277
bcICAG	299
bcCEUL	179
bcANAP	215
bcBLGK	218
bcGYQI	261
bcARGS	283
bcFOCN	240
bcFXTQ	204
bcADKF	201
bcCFGA	178
bcIIVQ	191
bcAZQM	261
bcHXSI	175
bcHBGF	224
bcAPWT	245
bcBJCN	268
bcAVEG	222
bcEAPI	244
bcAHTM	226
bcIIDA	222
bcFGGJ	229
bcDVFT	191
bcGYDW	195
bcAGQR	187
bcECCB	174
bcDHID	226
bcFWGG	232
bcCSUS	199
bcCSSS	204
bcCIVL	174
bcEEEB	174
bcFCRV	195
bcIDLR	157
bcDMYX	221
bcFTVM	168
bcBGKX	185
bcAZCV	111
bcCNNA	153
bcBVYX	142
bcALIS	177
bcGHPC	160
bcAFWP	174
bcESGW	127
bcEBJF	196
bcHCTP	205
bcAYXH	179
bcCSFD	168
bcIIFW	135
bcDCQT	166
bcEKEC	147
bcGNPF	151
bcCQYG	146
bcCGYG	140
bcBUAZ	138
bcAFEL	181
bcGQLB	159
bcBZIV	111
bcBGJM	168
bcHNNC	164
bcAWXE	167
bcERGT	130
bcCLGQ	157
bcBJEQ	176
bcEWEJ	176
bcGAEU	2467
bcHWHY	1598
bcCTHA	1334
bcHQBP	1574
bcFMLY	1330
bcAEKC	1217
bcCUNV	1292
bcBBQI	1122
bcFZTZ	1024
bcGGBQ	1027
bcBYTU	1156
bcHQTG	1119
bcDRVS	1033
bcBCEK	896
bcACHF	937
bcBAPT	1009
bcFULU	930
bcEOBA	796
bcHIZU	624
bcFBFW	863
bcDCQK	649
bcGIKM	889
bcFPAF	537
bcETPQ	521
bcHMVP	681
bcGXVP	141
bcDWGA	379
bcGFFL	456
bcABQQ	345
bcBJGD	505
bcIHYU	415
bcECEA	408
bcAOBW	434
bcGBUV	293
bcDHMG	308
bcCHBO	307
bcGTGL	359
bcIIHY	311
bcEOXG	345
bcBPMK	353
bcGHVM	293
bcDSOX	205
bcFXOQ	257
bcCREU	163
bcDRIR	251
bcAFEX	296
bcBULW	202
bcBASK	275
bcGGZJ	187
bcGJJP	242
bcBLQR	241
bcEGFA	240
bcHKEU	248
bcAMXD	177
bcAHVH	242
bcDVVA	229
bcCXVL	238
bcEEQH	221
bcCEDJ	210
bcBWMK	211
bcGRCP	191
bcCADX	196
bcEDCO	195
bcCVDJ	196
bcEGKC	234
bcIAZF	176
bcAUNC	204
bcDVNG	192
bcEJXZ	193
bcHGDP	197
bcGYNA	186
bcCCII	171
bcARIC	204
bcCQQQ	218
bcASEY	213
bcFDTA	195
bcBZES	159
bcGHME	182
bcGLIF	115
bcFMHF	171
bcGGUR	170
bcFZHL	185
bcDHKH	210
bcETSD	162
bcCOVX	150
bcBKSH	178
bcIIBG	153
bcIEKY	177
bcAJJM	176
bcGWRW	147
bcDAKN	191
bcADDO	163
bcGRTE	161
bcBIFE	185
bcDDOD	137
bcDQBF	184
bcFBBM	181
bcGFYF	119
bcAEAM	166
bcALJD	162
bcCEFT	151
bcDULX	159
bcEETI	141
bcBVET	158
bcBTQQ	147
bcBNQK	159
bcGWME	140
bcAZDI	2604
bcDULH	1642
bcGJYI	2063
bcCNIU	1249
bcHDLW	1248
bcETTB	1165
bcHFGO	1307
bcAXDK	1079
bcESIU	1101
bcDPRJ	1015
bcDYEF	1083
bcEYIC	1158
bcFRBI	937
bcHEMF	992
bcFMDM	843
bcCBDX	835
bcEOKE	689
bcBION	952
bcEBEG	741
bcERPC	683
bcCWNH	923
bcDXNZ	663
bcBRQI	715
bcDKGH	640
bcDIZS	660
bcDITJ	562
bcFLQY	632
bcHCLF	512
bcCDDQ	168
bcCBRU	364
bcCIXK	349
bcHWNX	379
bcIHLE	382
bcFHYP	344
bcAGXB	327
bcGSJX	397
bcBBRB	347
bcCCQC	278
bcALOD	326
bcADAO	317
bcCBIQ	289
bcAGVG	325
bcFXPU	279
bcERCT	261
bcGSJF	251
bcDHEA	317
bcCOSN	174
bcCGOJ	245
bcDOQB	213
bcFMGT	223
bcBXBJ	236
bcGZAX	190
bcIFMC	245
bcDABR	212
bcHDML	219
bcGNSD	259
bcBUHJ	216
bcCXKC	225
bcEGOV	232
bcBJTQ	224
bcFFWP	233
bcIAIO	184
bcCSFF	201
bcCEJK	194
bcCFBS	171
bcBRCK	227
bcCTIT	198
bcHTNG	206
bcCOOD	172
bcGVDL	176
bcFGFL	230
bcEKKY	183
bcBOPO	173
bcHHDV	156
bcFGAC	243
bcBMTR	182
bcFYXM	181
bcERUT	177
bcAYRE	179
bcHKES	203
bcFJIK	175
bcCIPN	157
bcAQJY	160
bcAOAK	154
bcBMSH	177
bcFHDL	154
bcABAK	163
bcCVCB	192
bcGNDT	186
bcBEXZ	192
bcCOKX	129
bcEUPE	176
bcGKPX	161
bcEAJU	161
bcHZFL	152
bcIGEM	170
bcHHSF	157
bcIBJZ	160
bcDVRN	151
bcHHQP	160
bcCQAL	152
bcFMIC	159
bcCHJK	140
bcEAQV	164
bcBWEY	141
bcAZTC	167
bcAZKM	133
bcDIRJ	2596
bcFIVO	2348
bcHWKZ	1331
bcHXUJ	1345
bcGOAI	1400
bcDTTE	1175
bcBZAK	1188
bcHEWU	1075
bcHPSL	1472
bcFXAM	1112
bcEJYW	844
bcFJCD	917
bcGUAI	882
bcEDWW	850
bcAOZQ	947
bcAMEF	794
bcBVAC	741
bcCEIX	860
bcADIP	709
bcCSJL	756
bcBYRO	722
bcIALN	713
bcABZQ	716
bcDFKY	574
bcEDPL	734
bcGLME	550
bcHRNX	509
bcFVAJ	541
bcETJP	479
bcAVII	488
bcDVAI	276
bcAQRD	324
bcFHBF	382
bcESRK	356
bcEGPC	400
bcDADN	345
bcBIBS	328
bcCOWC	337
bcFZXQ	253
bcDORW	321
bcCNUY	301
bcCFDK	280
bcAFEJ	288
bcDJZZ	335
bcBJRO	266
bcDIKA	280
bcDOTM	231
bcGKCF	280
bcCFLD	258
bcFRSS	267
bcIIYV	182
bcGVRX	219
bcFZTL	258
bcCFJB	239
bcIIZY	243
bcCQLQ	246
bcBRNW	241
bcFSPP	193
bcFDEU	234
bcGUKN	179
bcIDQF	172
bcHANL	193
bcASZT	165
bcGFOQ	145
bcEGAX	197
bcBDBH	194
bcCDZG	184
bcBMLR	176
bcFPIG	179
bcIJPA	197
bcEYMR	182
bcFWAR	166
bcDONP	198
bcHQZS	188
bcGBAW	178
bcDNOM	184
bcCUQS	196
bcAJKX	179
bcHIXW	179
bcDNVM	187
bcBMXS	163
bcBWBM	177
bcAYSI	178
bcANOT	195
bcCSET	148
bcFBHG	188
bcEJSM	154
bcCYOB	155
bcFMTP	181
bcDJOA	204
bcFFFD	187
bcIGMR	181
bcDMTX	163
bcCNAQ	98
bcGHGO	156
bcIJJJ	162
bcDJCH	156
bcGBEX	137
bcETLC	178
bcHFTU	160
bcBZIY	130
bcGEGY	173
bcCWYR	146
bcFPYR	133
bcEIEA	119
bcFVPP	162
bcGMNE	138
bcBMYN	2361
bcDWSR	1721
bcCRMV	1605
bcIHFC	1460
bcHBMG	1278
bcGDJY	1338
bcAPED	1313
bcBDLO	1102
bcFJMA	905
bcGGMP	893
bcEHMW	958
bcGCGR	171
bcDWWG	848
bcHFYU	1054
bcDFFS	833
bcCZDC	881
bcENSG	891
bcFFDY	657
bcIDWO	706
bcEWQB	652
bcDSQU	643
bcARNN	634
bcFDKM	710
bcHGWW	567
bcDSJX	475
bcIILN	484
bcBCAV	625
bcDBYP	520
bcARPW	443
bcDIFJ	285
bcHFXM	385
bcBNKU	464
bcAVYB	400
bcFLIL	67
bcEYVO	297
bcCFIP	314
bcAXHM	330
bcCLII	305
bcCTSO	326
bcGYOU	295
bcFHWC	236
bcIIKH	265
bcEALA	301
bcESKC	275
bcCVYE	256
bcFHAM	250
bcDGLM	292
bcIBDH	213
bcHXZJ	287
bcCUKO	215
bcFMUM	245
bcFRWS	281
bcCUVQ	261
bcHNIK	256
bcHORZ	239
bcCEOX	219
bcBLZA	204
bcHSET	213
bcHICV	230
bcCFFH	173
bcFGBA	265
bcCHXT	170
bcEGDI	228
bcCLZM	206
bcGBAA	195
bcAYGV	179
bcGHNU	226
bcCDMZ	188
bcEJOX	165
bcHGXI	165
bcFYUR	207
bcHDRO	161
bcBOBJ	161
bcHBOD	195
bcBDMN	211
bcABSN	242
bcEXPJ	208
bcBARX	198
bcCZCV	178
bcALUE	181
bcDDFH	229
bcAJHW	170
bcAUMS	177
bcGVGR	156
bcBTSO	159
bcEVKY	155
bcCGQT	161
bcGFAR	152
bcEUWR	171
bcDRDT	184
bcGIAK	160
bcGOHR	162
bcBORE	154
bcBAOY	138
bcDKSF	153
bcBVXY	157
bcDRCN	125
bcHJIT	143
bcIEUY	148
bcBBKE	146
bcDDDD	173
bcDSYH	182
bcGBYJ	167
bcEIXZ	106
bcFFFY	160
bcBBJF	160
bcEUJQ	137
bcAPHT	2308
bcHDTI	1903
bcCQXH	1572
bcFBRS	1334
bcFIVQ	1446
bcHSBR	1139
bcCXPM	1236
bcBDAW	1080
bcHISD	1156
bcHGQS	1117
bcFWJG	1062
bcAGHY	1005
bcGAEY	887
bcELLV	885
bcDVTI	818
bcFAXT	887
bcCTRI	1027
bcCYUI	801
bcCDHL	709
bcDAKJ	765
bcDTAZ	615
bcHUXJ	646
bcDIHC	886
bcEBQI	577
bcFQLA	526
bcBIVC	445
bcAZGJ	195
bcBRDC	451
bcCPGI	506
bcIJSZ	555
bcGAIL	463
bcETZG	377
bcGKFX	394
bcCCJT	337
bcCTBM	364
bcGCPI	377
bcGPXI	341
bcEDPK	349
bcADVO	344
bcHPHO	327
bcAYAG	276
bcGSFY	282
bcHHAZ	302
bcEYRN	250
bcIGOS	254
bcEYIS	256
bcDQYH	271
bcDFEM	160
bcEJCL	242
bcHUSD	232
bcCQVX	249
bcAOIU	256
bcDFGY	208
bcCWFP	201
bcGNGB	252
bcHWPF	198
bcGICY	234
bcFJBE	218
bcAEAT	211
bcGYBI	175
bcBVFN	210
bcDXFK	233
bcAPPW	241
bcBXLK	210
bcHWDM	152
bcBQTQ	201
bcEAGZ	199
bcDQPS	174
bcDYFQ	124
bcFRJJ	172
bcHGDA	216
bcGWRU	173
bcDMEK	190
bcGCWM	209
bcCSQE	206
bcFCUG	203
bcCDGB	173
bcAIHT	155
bcABEO	200
bcDESK	206
bcAUWD	202
bcBRSR	193
bcGEXT	176
bcESCP	164
bcEUWA	154
bcFTNR	166
bcDIQX	182
bcANMI	176
bcHNFJ	197
bcFOKO	143
bcABPR	157
bcCTAK	142
bcDLBG	196
bcCMMR	162
bcDYCT	173
bcACEP	179
bcBVGV	123
bcEBHP	168
bcGNNO	124
bcERII	168
bcDCJQ	189
bcAUBB	117
bcBIMA	164
bcGCGM	133
bcHEZS	154
bcHBHD	157
bcGWVA	134
bcAEJX	2072
bcGABW	1729
bcEEWL	1868
bcEOMF	1366
bcGJIJ	1354
bcAUZU	1119
bcAKOQ	1629
bcCHAY	1055
bcEIWR	1019
bcAZOE	944
bcAFWK	1060
bcEDYG	1056
bcEOFU	930
bcALSY	953
bcEBYC	822
bcFNVF	796
bcGRSE	840
bcIFOX	844
bcCSWY	763
bcDLYD	620
bcCBAF	629
bcEBFM	686
bcFQBJ	621
bcHBKC	531
bcBZAZ	656
bcCSJP	431
bcCZDT	543
bcBLFV	475
bcBWJK	484
bcEPSV	476
bcGLSU	317
bcFZWK	428
bcCQYK	334
bcHSBZ	365
bcBTFP	342
bcDYJK	248
bcGABD	329
bcBWBB	269
bcCXIX	289
bcDMPG	299
bcFETP	293
bcABYI	327
bcIHCV	255
bcEIHD	252
bcFXLQ	275
bcGBTO	284
bcBQUP	276
bcFBKQ	282
bcCVUB	237
bcHFZY	291
bcHQBD	245
bcIGTI	253
bcAPUM	182
bcEHIH	251
bcBNLM	240
bcDVHK	222
bcHZTX	223
bcEKZF	199
bcBCLY	230
bcFMFL	225
bcAOJJ	206
bcCULS	182
bcCXEZ	212
bcHUPJ	223
bcBUIX	132
bcEZBE	232
bcDTUS	218
bcAEXW	226
bcGEEP	153
bcAEYS	213
bcFDQG	162
bcHHOR	167
bcBNDC	177
bcHIFM	146
bcHPZH	213
bcEQZH	182
bcABTM	206
bcGJRK	170
bcGHVJ	169
bcGDJJ	222
bcEYBA	194
bcEYYP	160
bcCTHW	174
bcDCEW	215
bcBSNL	173
bcAWGI	181
bcDIYG	170
bcBHZS	157
bcBQAS	139
bcDWRP	139
bcCSHD	139
bcBZWK	187
bcGUCK	148
bcHBAJ	149
bcFGIH	165
bcHVRZ	143
bcATYC	163
bcEGAE	177
bcFLXF	157
bcAUMV	165
bcBJLP	163
bcHTGM	154
bcAIEA	160
bcBVPW	157
bcHCQB	173
bcAEFQ	146
bcCRQM	134
bcGLHS	2291
bcCIMW	1673
bcGEBL	1420
bcENEP	1490
bcFJGO	1204
bcAUSQ	1267
bcHRBE	1367
bcHBAK	1181
bcGBEI	979
bcIJFP	1354
bcEBTI	1015
bcARNI	993
bcDMXR	1079
bcAPSG	874
bcDIKT	916
bcGMFG	987
bcAPBH	853
bcGRVE	916
bcFXWU	777
bcHFGF	716
bcEOCD	785
bcDJSI	773
bcGHUG	586
bcCOIN	582
bcBZGY	416
bcBLCK	169
bcCFJT	644
bcFVFU	494
bcIBRH	494
bcCBGE	388
bcBERP	488
bcARYO	407
bcBTEA	409
bcBEPU	383
bcGCIE	214
bcBEUS	354
bcEDGV	336
bcAETD	358
bcHUQZ	285
bcBCPR	290
bcBDDU	313
bcBOCR	326
bcGDKD	309
bcAIQG	312
bcGERS	266
bcGVJB	251
bcHUOC	264
bcACCG	254
bcEKYJ	267
bcFWKO	271
bcBUKW	252
bcCSRO	213
bcCSDW	230
bcAVFU	210
bcAIPQ	194
bcEYTR	203
bcIJEG	239
bcCDOL	186
bcDLER	186
bcDMTM	255
bcFORV	219
bcCNFJ	161
bcAFCA	215
bcEWCI	206
bcAIJO	221
bcGEZE	202
bcHEDP	210
bcGVPL	189
bcCDHI	197
bcANCA	237
bcFZBH	204
bcEABB	222
bcFNJG	206
bcGFNR	171
bcDEDG	176
bcDPOR	172
bcGNLL	188
bcDAMM	196
bcAALS	146
bcHJIY	204
bcFKYA	206
bcHOZO	204
bcCUBP	200
bcGWOM	170
bcCEAQ	189
bcESJO	117
bcABRP	179
bcEFMN	158
bcCTKR	139
bcATXL	164
bcCLSO	171
bcABZZ	147
bcDYEB	181
bcGFSD	135
bcHCDY	179
bcBVHJ	141
bcASTA	163
bcBYOE	165
bcGNGT	149
bcGKGD	159
bcGUXI	155
bcCOCW	149
bcAGTP	169
bcGDYR	140
bcAMRH	163
bcBFQD	148
bcGKKC	144
bcCWGT	1770
bcCFEA	1628
bcAQJJ	1447
bcFMCF	1247
bcCJCM	1379
bcFHDI	1224
bcEUZG	1199
bcAMXA	973
bcAVWX	1137
bcAFQA	1209
bcHRMH	888
bcCKFR	1019
bcAIIZ	972
bcGSII	845
bcGAFD	779
bcBEWG	873
bcEOOZ	764
bcGECQ	779
bcAYPW	765
bcEXSY	768
bcIESB	546
bcEZAQ	652
bcAAKC	501
bcCHQO	442
bcFFYR	806
bcERSO	475
bcHVKG	551
bcHNUJ	442
bcEEGW	502
bcBOSB	498
bcICOF	467
bcBOVU	430
bcHYXV	365
bcCKDW	312
bcHLVD	330
bcDAEP	382
bcBTIG	307
bcIAGD	337
bcGMWF	341
bcHSCR	301
bcCEIT	287
bcHHAH	294
bcFCPS	290
bcBMBV	274
bcAUIM	230
bcCJQG	281
bcDDXC	295
bcEPNT	254
bcEWHV	286
bcEYRF	224
bcAWYK	241
bcBWFT	248
bcFGRK	262
bcGHST	241
bcEVGW	201
bcGZUM	197
bcFNPG	258
bcCBUF	222
bcAJET	203
bcEWWF	203
bcIIOW	193
bcFGMN	217
bcIISV	150
bcAQZH	108
bcCNGF	210
bcCCPM	176
bcFYPE	204
bcCPIW	160
bcACHY	230
bcDRHC	186
bcCPVT	183
bcAWZS	94
bcBNGV	205
bcGXWV	176
bcIAYF	194
bcFWGI	207
bcIGIO	162
bcHIEN	188
bcEGOY	218
bcGILZ	177
bcCEKY	171
bcGIWU	173
bcHBCD	177
bcBDVS	174
bcEIKK	170
bcDFNW	172
bcHADB	168
bcEZHG	157
bcHKIL	141
bcAVYT	196
bcDXBJ	135
bcGVQV	154
bcBNJN	172
bcDPLU	187
bcEEVX	192
bcACED	161
bcCLXM	164
bcAIJT	157
bcHUNP	118
bcBEDT	172
bcCQTS	93
bcHQRI	134
bcAVFY	157
bcIDWA	136
bcDHHQ	97
bcIAKU	158
bcETCA	80
bcCGSX	2225
bcAAFW	2256
bcGXRJ	1300
bcDWTY	989
bcEMVJ	2094
bcCPGL	1242
bcADDI	1273
bcCVQP	1012
bcFPDA	1047
bcELFX	1029
bcEWWW	1107
bcCCWE	977
bcIIFM	995
bcGLNE	964
bcFAPX	875
bcBDAI	913
bcEWJM	880
bcHKEZ	784
bcDVNP	637
bcBXWC	707
bcGVBN	798
bcDZJY	696
bcBQQJ	609
bcBFKC	481
bcHZSA	447
bcCGGF	618
bcHUTX	505
bcGSOH	554
bcFWFD	437
bcCLPR	326
bcDTXL	506
bcFSFJ	350
bcGEQM	382
bcDALE	419
bcDDVH	461
bcGYYM	306
bcEQGP	259
bcEQBS	294
bcBZQB	268
bcCPOM	313
bcEHTG	290
bcFVGR	318
bcBXIN	241
bcBLCS	227
bcDNTW	263
bcEIJK	284
bcGUVC	290
bcBIMP	273
bcHBAA	275
bcDXHV	242
bcHQPY	244
bcDDTW	183
bcFSUU	233
bcBTEJ	227
bcGVHB	202
bcEUDK	245
bcFYSC	236
bcCBFI	219
bcEGKP	123
bcFVDB	216
bcFMNG	209
bcHMEL	220
bcCHPR	176
bcANBR	142
bcFKWT	205
bcCNRG	184
bcEOLC	222
bcCNWF	180
bcBKAZ	118
bcGUCS	206
bcAWEQ	210
bcEYSY	177
bcAPWG	183
bcFDXG	174
bcFVVB	163
bcBYAN	193
bcBEZB	184
bcFGWI	181
bcGHNR	166
bcFTFJ	168
bcBZRZ	141
bcCXBB	173
bcDPMB	203
bcEZLS	191
bcBHOQ	192
bcHNNG	181
bcBDFR	187
bcGSIE	171
bcCHTV	161
bcHTTH	137
bcDTEE	172
bcEAGL	147
bcANYK	177
bcAMOU	172
bcDFIU	161
bcIHOQ	156
bcEZJX	169
bcHFCN	168
bcEVDU	185
bcDPNV	198
bcDFGF	154
bcFDPB	120
bcBRSW	171
bcGQQG	152
bcBMYM	127
bcEDQB	158
bcCHIW	70
bcCCMX	2008
bcCJQW	1931
bcALYF	1603
bcCIBR	1369
bcCIPU	1220
bcDFJH	1137
bcCDNC	1181
bcCXSR	1442
bcESDM	1071
bcDEOB	1076
bcEERG	1156
bcBGWA	917
bcEPDX	1021
bcCTPH	951
bcGKLV	893
bcDMAD	749
bcAHYG	834
bcENZZ	934
bcAEFL	697
bcBKVN	778
bcDSOR	693
bcDXJP	607
bcAHGA	706
bcDTRN	551
bcGHIY	683
bcDOIA	668
bcBKFC	506
bcEAAE	488
bcAIHR	517
bcHMQE	483
bcFEFJ	507
bcAKGM	361
bcGJUZ	344
bcCUEO	423
bcCVTC	311
bcIFYI	324
bcBYDZ	319
bcHILG	363
bcACVS	296
bcDYWI	347
bcDRQK	312
bcCTFY	285
bcCNAF	97
bcGAAG	281
bcBYWJ	178
bcEJYC	257
bcCSVC	301
bcCONP	286
bcIERG	263
bcDUQB	276
bcCLMP	235
bcCMJX	267
bcDVTP	212
bcCMQZ	254
bcDTJW	201
bcBJPE	254
bcEJXP	183
bcCBWJ	168
bcGOMM	221
bcIFWO	209
bcAJBU	237
bcAVPK	239
bcAPII	199
bcGEQE	207
bcHIXM	179
bcIJUA	189
bcECZS	196
bcESYU	119
bcESKA	140
bcBMZE	215
bcDAIX	206
bcHZSC	181
bcHTKJ	120
bcHMMB	190
bcGBVJ	188
bcCHXA	173
bcGESL	141
bcCWGP	160
bcGNHI	184
bcEFQV	194
bcFPXA	181
bcETJZ	175
bcBOEB	164
bcCPGE	169
bcBXIH	147
bcHWEE	158
bcGUPT	188
bcEQPI	165
bcFQHV	164
bcEFLG	182
bcGCHI	149
bcCDYW	145
bcBYNV	152
bcCXLU	119
bcBWHJ	138
bcEVSU	177
bcCAGM	154
bcICOO	148
bcHFTB	159
bcBDHU	152
bcDOWK	114
bcECLQ	171
bcGMFT	148
bcCBBE	154
bcCGVW	133
bcAWIU	163
bcECHI	164
bcHMJH	2619
bcHUKT	1996
bcCUZZ	1792
bcIHZN	1180
bcFIGU	1217
bcDQDU	1204
bcEYKL	1278
bcDACU	1179
bcCQVK	1062
bcAHLU	1115
bcEOHU	1053
bcHDJL	906
bcCVKM	926
bcELSB	805
bcIHFH	836
bcAGRT	870
bcGGPK	734
bcBOFK	830
bcCLWK	838
bcEMXZ	733
bcDKRS	727
bcCDNE	601
bcBUTP	647
bcCYDC	563
bcBWYW	580
bcHIGJ	494
bcBFWT	401
bcDAJD	486
bcGHAO	377
bcGEVF	502
bcFSEP	377
bcBWWO	432
bcGCCZ	370
bcHCDK	391
bcEFLF	359
bcDVTL	309
bcFFQT	336
bcDQWS	329
bcBIBI	322
bcHWTX	206
bcHLLP	129
bcBIDH	228
bcBLTO	262
bcGZAD	254
bcFYZG	282
bcAFLA	224
bcAGCV	181
bcBWRI	135
bcCVFP	257
bcDSXN	247
bcCGUW	208
bcDUGN	144
bcBZSQ	243
bcDGEC	258
bcGGMU	221
bcHSGL	229
bcGIRT	211
bcGAFI	219
bcFQLT	218
bcCEYC	204
bcDUJX	225
bcHRIK	224
bcFRCL	201
bcGZCZ	194
bcGPXD	199
bcHQZE	231
bcGADA	164
bcCOTT	168
bcCXLL	185
bcEQED	159
bcBOAU	190
bcEPFG	247
bcIJLN	109
bcGDTW	192
bcHZGT	186
bcCLBQ	180
bcCZYG	192
bcGXTH	112
bcEHQY	157
bcENKZ	174
bcAZDP	143
bcCNQD	134
bcHICY	171
bcDPTC	186
bcAUBD	165
bcBXKG	159
bcBTCV	147
bcDEDM	161
bcHDSB	171
bcFLHU	165
bcCVZO	132
bcFZUE	182
bcFIQQ	181
bcBEXS	115
bcEKVG	148
bcDQQG	152
bcHJCO	142
bcDQYK	173
bcDYJP	150
bcGONM	161
bcEDOH	171
bcGMRP	182
bcFFRQ	149
bcDRWP	170
bcDFPA	174
bcFWUH	161
bcGRWQ	145
bcGMTT	2120
bcGXWM	1409
bcCOYU	1597
bcCWES	1155
bcCKZE	1481
bcBWTB	1084
bcHTJW	1100
bcGJJZ	1080
bcCIOO	1053
bcBANB	1114
bcGJBE	1147
bcENOS	926
bcCRBO	1011
bcGYYR	689
bcEYBS	864
bcGJBZ	819
bcDATZ	851
bcAVLA	983
bcIEMA	762
bcBDVM	746
bcCWSQ	625
bcDMET	627
bcGRQF	601
bcEAZR	576
bcCVMC	670
bcDWHK	272
bcGXUE	502
bcFQCF	561
bcFYTK	425
bcGWVT	459
bcFOOV	417
bcHVJV	394
bcGKLB	377
bcCAXY	351
bcIIEX	292
bcCLUH	346
bcAMYB	310
bcASRZ	277
bcBBIZ	297
bcHTQQ	266
bcEBKT	297
bcIGCV	255
bcCDLF	280
bcCERP	302
bcAGQJ	274
bcBBFJ	286
bcBVSG	248
bcCGWV	141
bcFMUC	257
bcAGBE	234
bcHOCU	190
bcFJPJ	213
bcBTAG	200
bcDWDH	216
bcBFXK	243
bcGILM	244
bcFUYJ	225
bcAGAP	229
bcBZNI	181
bcEYNS	119
bcGVCX	111
bcAKUC	230
bcBHPU	202
bcICKV	202
bcIFTN	177
bcHBJT	214
bcFWZU	204
bcGUVV	193
bcBOHS	216
bcDDWB	214
bcCXON	196
bcAZTA	214
bcAFNV	180
bcASJF	193
bcHGIX	165
bcGDLZ	211
bcBTFW	191
bcAUBV	172
bcIIFE	175
bcGJGM	185
bcHAFA	169
bcBXNH	198
bcEGTE	184
bcAMRG	152
bcIDIF	183
bcDRRJ	199
bcGKKG	144
bcFTDC	188
bcCIYM	160
bcEZLK	182
bcDMUA	154
bcBBMI	154
bcGVUR	133
bcHARH	173
bcHKWG	171
bcHVKY	166
bcCAHM	143
bcBRBE	154
bcGHXF	138
bcEKZE	150
bcGEGH	156
bcAAZD	162
bcFQFB	166
bcCMOF	156
bcBMZV	145
bcCIAH	140
bcAIYW	154
bcHIYC	2130
bcCTMJ	1841
bcBLCW	1605
bcCJYY	1359
bcENGB	1391
bcDOSW	1235
bcDYQQ	1138
bcEJTJ	1109
bcFOLJ	1078
bcFPSO	1118
bcEHHF	1087
bcBYIX	1024
bcCIGC	924
bcBNTV	866
bcGRGX	1034
bcHYEU	881
bcGVCH	722
bcDVGX	837
bcFPXM	759
bcGTCJ	743
bcEBAM	699
bcHKAO	756
bcCJQK	618
bcHNTD	531
bcBZMI	519
bcADJA	531
bcECYS	512
bcFTFL	507
bcDVSQ	412
bcHKLT	381
bcCVIO	406
bcATNZ	380
bcGSPS	292
bcCKEI	263
bcATAE	256
bcCIXB	201
bcARCA	354
bcGXXS	261
bcGQRF	297
bcCSZY	219
bcAUGB	290
bcHKFJ	278
bcDATY	284
bcIFPQ	199
bcIIKD	215
bcGSAJ	259
bcCNMH	217
bcDBKQ	216
bcCXZP	266
bcBNCC	217
bcAYJU	235
bcBPZI	290
bcGXZC	186
bcGKUV	153
bcERJY	230
bcCDXN	200
bcCJGQ	197
bcBWGX	213
bcCHWY	112
bcDMOV	61
bcBZJA	198
bcFGER	238
bcESPS	192
bcAOON	206
bcHOPU	200
bcEYVU	183
bcHDAP	206
bcAKBN	203
bcGAUF	200
bcGFHS	187
bcAEPG	229
bcHZFO	182
bcIAIK	186
bcECNV	184
bcDWWX	157
bcFNPO	182
bcBJJS	207
bcCFYB	192
bcALOJ	189
bcCKKK	167
bcEBMZ	209
bcGRUI	194
bcBHPP	156
bcCLNO	169
bcBTLB	146
bcGBHK	150
bcHRWK	129
bcFWCC	127
bcHMIN	161
bcHTBH	145
bcECGI	204
bcDWJD	141
bcBRQX	165
bcDJJE	150
bcGTUT	146
bcBFOC	186
bcIIQM	127
bcFWAC	115
bcDAWF	162
bcHUPH	155
bcBQWZ	140
bcHAKY	174
bcIFTC	159
bcGEJN	142
bcEXOV	155
bcAGPA	136
bcBVTO	140
bcCJYD	1813
bcEQJJ	1712
bcDWUN	1232
bcFVQV	1654
bcICZN	1677
bcHGOJ	1244
bcAQHS	1112
bcDBAG	921
bcAVEK	1023
bcDDKP	832
bcFUCT	1115
bcGJIE	1044
bcAHJK	973
bcHMZK	777
bcELYG	772
bcBDRP	998
bcCNWQ	852
bcGEOB	656
bcFGYK	653
bcFSAQ	752
bcCMYG	656
bcEUDX	563
bcCCNL	820
bcBQHU	629
bcFIAJ	526
bcCINP	531
bcFMGM	529
bcFCHM	461
bcBLNC	514
bcDFSC	454
bcBIPT	483
bcEPPX	406
bcEMBV	460
bcBCLH	354
bcCHJH	341
bcIEQQ	342
bcBRNB	337
bcABSV	344
bcCENO	303
bcFJSV	300
bcDLRE	357
bcEDGI	272
bcIBAK	298
bcHERM	291
bcCNUP	275
bcFMWT	231
bcCMVA	256
bcGBOG	291
bcENMN	272
bcCKSH	199
bcGXVW	203
bcFJXX	198
bcAHSM	260
bcDFRN	231
bcCSDM	177
bcGFDF	243
bcCWHX	185
bcALBM	198
bcIDIR	190
bcFMBP	210
bcEVVS	233
bcBCHX	203
bcCVLE	206
bcBCQG	162
bcEFLX	199
bcHPLL	216
bcCOUJ	173
bcFBFU	215
bcBSTV	212
bcEPPO	124
bcDWPI	202
bcFOOI	185
bcAYIQ	149
bcEITN	167
bcAEKQ	191
bcCAEX	177
bcBMBU	174
bcGWKQ	175
bcDAPH	188
bcHVCN	173
bcEYLS	179
bcADAM	193
bcGNAM	170
bcGREW	169
bcELDT	197
bcDHHL	139
bcBWEG	166
bcDKII	187
bcIIHM	159
bcDNKG	199
bcGATM	154
bcEWXN	167
bcBJMD	143
bcDZPK	120
bcCBQS	136
bcAUVT	171
bcEAZI	156
bcFMTT	149
bcGCSH	170
bcEYNQ	156
bcCVJA	145
bcGRBI	147
bcFKJU	150
bcHQSX	138
bcDIUC	141
bcEFLT	151
bcBUWE	165
bcCNUV	2564
bcGMLK	1810
bcCOOP	1671
bcEGOB	1413
bcFMLW	1319
bcFHNH	1164
bcHVAI	1180
bcHUJI	1102
bcAVVR	993
bcCSWH	971
bcAJCQ	951
bcFWJY	1104
bcFPVL	905
bcEGCY	972
bcCWYG	789
bcBJGK	866
bcDMBB	706
bcAZGA	650
bcHZOF	639
bcDOZE	657
bcEUIK	698
bcCKBW	762
bcCIPJ	524
bcFFHY	509
bcFRCR	487
bcCJPM	457
bcCJUX	549
bcGGOP	453
bcCHVG	454
bcDKBV	485
bcHTCV	432
bcATUU	451
bcEUXO	201
bcBUIB	331
bcGESW	343
bcAPKV	193
bcDUBU	368
bcCNRV	310
bcADGI	332
bcBAHU	339
bcFONE	309
bcBXBE	283
bcARMQ	170
bcBKUD	280
bcIICL	142
bcCCTS	189
bcCFRT	225
bcEYUO	240
bcIICU	208
bcGBPZ	246
bcFCZG	233
bcICDD	226
bcDDOA	140
bcBRGS	229
bcHVTT	233
bcCDMI	240
bcBYZY	219
bcCAUD	162
bcHJJQ	213
bcGRZV	223
bcEWKG	240
bcGYMR	221
bcHOXD	197
bcFSKO	214
bcGATO	182
bcHSJY	213
bcDICI	175
bcCFBD	166
bcAGMX	169
bcGXZN	159
bcELIW	203
bcCQCI	205
bcEYIX	199
bcEOKO	140
bcBCQJ	141
bcEWHJ	221
bcECBL	180
bcGWVY	164
bcASSQ	196
bcESHC	176
bcAICK	185
bcBJPG	194
bcFKFY	211
bcHZHG	161
bcIJAQ	193
bcGADM	191
bcGHQP	179
bcAMNQ	167
bcCFXH	134
bcGLIU	160
bcFHGR	153
bcAEZB	164
bcICMM	143
bcBNGF	187
bcAYUW	146
bcGHAY	187
bcEGOU	177
bcHZXQ	159
bcADLH	190
bcAADO	158
bcBJRT	154
bcEZNF	152
bcHGAN	92
bcEOXA	166
bcHMHH	156
bcEMPK	166
bcCSCE	159
bcDLEW	2579
bcHMDR	1610
bcBEVW	1530
bcCNGD	1305
bcGSHN	1192
bcAQKQ	1184
bcBULY	1136
bcDCXJ	999
bcGKTY	952
bcCWJY	274
bcBEZV	1026
bcAHXB	1147
bcDXCW	877
bcAETE	908
bcAMPM	698
bcGLEE	844
bcFPPC	845
bcFBGI	734
bcGFBQ	627
bcEVVF	685
bcDVPP	666
bcDOHQ	555
bcCNWI	555
bcBOTX	639
bcAMJX	639
bcFRQG	538
bcHGIQ	532
bcEQKK	438
bcFLWW	509
bcGISS	471
bcGEQW	384
bcHEUR	383
bcCRIY	383
bcGJMC	327
bcBYMA	340
bcASLV	349
bcBVCW	337
bcBZVA	338
bcBCBI	317
bcIEDM	159
bcIBBU	302
bcDZIG	327
bcAVBG	310
bcEXNT	275
bcFCZC	288
bcFRKZ	270
bcDCHK	256
bcICLR	265
bcGSVL	271
bcHCJH	212
bcGJFP	268
bcEDGJ	256
bcDXLG	257
bcDOXQ	260
bcHYVQ	205
bcBKQP	254
bcBVSL	192
bcHCLQ	220
bcGNRK	232
bcGCGT	231
bcBYUQ	174
bcAMYI	215
bcBIMN	230
bcAYNY	223
bcEQFU	173
bcEUUG	168
bcBKUY	190
bcERPJ	203
bcCGZZ	185
bcFMMT	184
bcCGAU	198
bcEUXZ	178
bcHMEA	190
bcHVUS	181
bcFZKI	183
bcENFX	197
bcBLNI	182
bcCUIV	102
bcAIMI	158
bcBOHA	185
bcHPVX	181
bcARMI	178
bcHTMM	148
bcFZTM	168
bcCAIO	167
bcCFDY	165
bcEBXB	149
bcGQTY	167
bcAOOF	158
bcFHRI	157
bcBULM	157
bcGMCW	187
bcHNAR	154
bcDWOB	147
bcAYZC	158
bcBSYM	176
bcBPCF	158
bcFXHC	152
bcDIBA	129
bcFYRM	152
bcGUQZ	173
bcDXZX	140
bcHVEC	142
bcCFGO	153
bcBOGC	108
bcFOUK	163
bcIAWZ	155
bcHVUJ	1850
bcCRFR	1633
bcHKKG	1540
bcBDXC	1418
bcGVKG	1394
bcBIAP	1097
bcEQRA	1159
bcEWTH	1075
bcHRIL	1277
bcFTHB	1028
bcDIWE	1105
bcDRYX	946
bcDGMO	1008
bcGRXV	991
bcCYVC	823
bcIIIY	915
bcBELG	971
bcHURD	764
bcBAUY	796
bcATKW	611
bcAXTS	704
bcIJJE	667
bcCPTW	862
bcAMJD	672
bcCEDW	458
bcDSFE	534
bcIDJC	549
bcACQM	582
bcBMHT	294
bcFZEU	413
bcCVYH	366
bcAFNK	416
bcCVWT	347
bcHMOR	389
bcHVNM	339
bcGGFD	334
bcEFLO	333
bcGMPZ	350
bcHPCV	273
bcBNPE	267
bcEBPU	301
bcIGMO	265
bcIBZS	331
bcBWOD	163
bcCTLY	235
bcDCGM	280
bcCONR	274
bcDDMM	240
bcCMOC	302
bcGYPB	264
bcHKUB	302
bcALOT	245
bcIILD	183
bcFPDP	229
bcARUD	194
bcBPPP	260
bcAQAY	219
bcHLIF	206
bcCXTI	236
bcAYEX	187
bcACYD	211
bcBGAE	259
bcCFGN	165
bcAEBZ	192
bcBPMH	241
bcADKH	183
bcCXKU	179
bcDPQN	228
bcCLQT	209
bcFXRK	159
bcGFVW	187
bcCUMC	200
bcAATA	193
bcAQXN	155
bcHQCJ	178
bcGIVI	149
bcBWGD	183
bcEFGZ	150
bcAXMN	178
bcHWCQ	166
bcBLVS	150
bcCXKX	151
bcIAJH	143
bcEHCY	185
bcAEYZ	185
bcHNLV	189
bcABIN	185
bcDEGV	171
bcFHPR	137
bcCAJQ	147
bcAVNF	178
bcCTOD	163
bcCJHD	157
bcIBSR	145
bcAGPF	149
bcDHLO	115
bcEFAJ	171
bcFTEH	152
bcBGAI	185
bcCPYO	156
bcBQCV	11
bcGUOK	129
bcFRGE	167
bcEXIW	152
bcBEXX	164
bcHZGY	152
bcBFJA	150
bcFKYC	2848
bcEYKN	1636
bcAPFK	1612
bcDGDA	1900
bcELHA	1616
bcIGEB	1097
bcAVAE	1628
bcGWMD	1066
bcDJPB	1089
bcEWNF	1263
bcFCAT	1090
bcCZQT	1036
bcHRQO	814
bcEAKB	938
bcGNQG	798
bcAYRT	882
bcHKVM	896
bcFTJV	770
bcETVI	750
bcGBJB	594
bcDSIG	743
bcBPAH	678
bcAMQE	483
bcCVTM	561
bcCZWL	636
bcDLBW	470
bcDVCD	492
bcHTUR	385
bcCWCN	250
bcBWUY	389
bcHBPT	386
bcFWAE	388
bcELYB	456
bcCZZK	173
bcFXTN	352
bcCWRR	315
bcCPDI	229
bcATOO	174
bcDHKJ	343
bcIAKM	296
bcGDHD	290
bcFZJZ	293
bcGAUV	287
bcDZZW	308
bcHAYZ	293
bcGSQF	274
bcAXLL	265
bcFKUG	249
bcBYOM	287
bcBVNC	232
bcIIIW	212
bcBBBN	259
bcATSN	218
bcDRQU	278
bcCSEU	221
bcGXPT	173
bcFTSB	197
bcDOQN	239
bcAFYH	68
bcDCKY	249
bcHJKX	193
bcDZFN	201
bcBWCC	200
bcBVLV	211
bcFNYK	159
bcCPPW	223
bcHWCV	112
bcFCYV	207
bcBVOG	203
bcHKXB	199
bcHWOV	5
bcAUVF	216
bcEYUW	181
bcGLLT	174
bcBYST	151
bcHAXH	158
bcAEDF	170
bcCKVZ	181
bcGESC	186
bcHSCW	181
bcBWLS	173
bcDCPH	173
bcHUVN	192
bcFZYR	198
bcHCNP	176
bcAZIC	166
bcHOPL	176
bcGNCI	198
bcEZFL	129
bcDTOQ	208
bcGFMC	148
bcFPIK	139
bcGNQL	141
bcGRAE	152
bcBBTD	177
bcDDMI	135
bcCLQH	177
bcAJOY	148
bcEXDE	174
bcIFIK	162
bcEOKI	149
bcAKVD	148
bcDTYW	82
bcFRDW	139
bcCLUE	165
bcCGHB	131
bcCWIZ	105
bcHHEJ	1922
bcGJFC	1588
bcBKSP	1689
bcAEUA	1517
bcGLBC	1397
bcHFFJ	1247
bcCSUZ	1270
bcGQLR	1161
bcIICK	1028
bcFQIF	1640
bcDQVY	1030
bcDODF	923
bcBAZC	893
bcFYST	777
bcFEPU	1037
bcICIH	842
bcDWMU	782
bcBCDC	760
bcCGLY	746
bcBDGC	624
bcFGUJ	815
bcEOKV	662
bcGQOF	684
bcEDNO	609
bcANAE	563
bcBNEB	491
bcHONT	489
bcERSC	488
bcDULT	324
bcDILX	457
bcEAMJ	296
bcEECU	443
bcEYEB	432
bcEFDP	8
bcIABZ	345
bcGQWU	339
bcEUHE	320
bcHWFD	118
bcCTIM	309
bcDFAK	351
bcFHQF	297
bcEYLD	281
bcAXEX	275
bcAHYF	286
bcCVFB	282
bcEDMC	293
bcFFAG	278
bcFTCY	239
bcAEZA	253
bcEXDG	236
bcCWIJ	215
bcEHDM	197
bcIDNU	260
bcFWVA	220
bcFCVZ	247
bcDCWT	240
bcGVAB	199
bcEYXB	225
bcCHEZ	180
bcEYQI	198
bcEUHO	217
bcAZAG	232
bcGEUH	204
bcGZAE	204
bcCWDQ	165
bcGEHJ	206
bcBVSR	186
bcCAZU	182
bcFKOO	135
bcGGXY	188
bcCHCH	212
bcAWLG	217
bcGFVH	167
bcBAKW	188
bcGPOZ	205
bcGTNR	208
bcDWSH	148
bcAMHW	186
bcDOWR	180
bcDVID	159
bcIDCR	159
bcHLDJ	200
bcHESR	183
bcIIIM	137
bcFWHU	194
bcAJXM	169
bcDNYR	198
bcIDHU	153
bcDNVD	158
bcDCTJ	158
bcBMNU	158
bcBRAW	160
bcAEPH	158
bcGAAO	111
bcBEVD	164
bcADKA	164
bcCDLX	145
bcHSDN	152
bcDUIH	156
bcBFYG	100
bcFMYF	161
bcATPE	119
bcCABG	121
bcFXGF	158
bcFETT	154
bcAGEB	149
bcFTAI	157
bcCUCM	2113
bcEUGP	1881
bcAZML	1600
bcAEMF	1291
bcEBRX	1377
bcHRBA	1123
bcBGGK	986
bcBAAF	1247
bcDKJT	1147
bcIBCQ	1043
bcDCZU	1082
bcBULZ	944
bcGAHR	848
bcIITP	891
bcBMPI	765
bcFATC	804
bcDWHM	712
bcAING	748
bcETYS	693
bcEVVY	609
bcCTJU	675
bcAJYX	605
bcGRDY	420
bcIBKV	591
bcAGEF	700
bcABCX	586
bcDCDE	445
bcESMA	488
bcETXG	440
bcGZCR	393
bcAOYJ	478
bcCAEO	430
bcHPTX	419
bcEGNA	410
bcBXSC	355
bcBFMQ	283
bcBVES	332
bcAJRE	336
bcHVEO	253
bcCZFB	292
bcFFPU	281
bcECNQ	329
bcDUIC	280
bcBTAB	219
bcCAKY	230
bcBMRJ	293
bcCBQV	178
bcGTRN	259
bcGCXP	242
bcIHNS	217
bcDPTI	268
bcBYIW	253
bcGLBB	254
bcCKAF	195
bcHJJG	210
bcCFXT	221
bcHKCC	244
bcFARU	241
bcCTGI	204
bcCAPN	194
bcCJLJ	196
bcCAOT	203
bcAQMT	189
bcEPOD	153
bcDQXM	199
bcDWYR	172
bcFKBW	216
bcDWFU	149
bcDRJV	196
bcHPDR	222
bcABOW	189
bcDLZD	179
bcFNTW	198
bcAEPD	203
bcCGXJ	177
bcEVCK	198
bcBAED	192
bcGXQZ	148
bcBTGR	177
bcFLFP	162
bcHYZU	161
bcECCW	118
bcBIUH	185
bcHFPW	188
bcIHHC	140
bcCRTN	149
bcBQOR	165
bcHXZN	141
bcAKPJ	178
bcBVIR	175
bcDARB	146
bcABMM	163
bcGRKW	181
bcBDMJ	166
bcEANE	186
bcDNYQ	165
bcAQQG	142
bcCVSU	116
bcEQWK	148
bcAQTJ	117
bcENOD	149
bcHEDR	170
bcFUOQ	165
bcCUPJ	78
bcEHCS	145
bcBDKX	132
bcBRBK	129
bcENIY	2432
bcEAMH	2399
bcANTV	1316
bcGGBD	1266
bcAOTT	1262
bcCOMW	1091
bcDGXN	1270
bcHFAH	1114
bcBFOH	1374
bcFLMJ	1044
bcHBAG	982
bcFJAZ	856
bcGTQK	1050
bcIIGZ	871
bcBMDG	902
bcHJEN	728
bcCPFG	793
bcBSWE	688
bcDKDG	820
bcAGMS	762
bcDWWN	639
bcEBYA	581
bcGLZW	582
bcGYPA	473
bcIGNS	529
bcFCKW	607
bcCHQX	396
bcCJDR	458
bcCVAT	486
bcFDNE	420
bcCLCD	360
bcFRZY	420
bcHRMD	349
bcHDWJ	373
bcCSWQ	367
bcGMBJ	388
bcBWYI	347
bcHOVK	295
bcAWQC	311
bcFUSH	295
bcGOJO	279
bcESFO	260
bcDJUN	207
bcAJYS	288
bcBZLV	197
bcAJPN	244
bcHPHW	255
bcAVOR	242
bcGOVZ	214
bcEAEY	196
bcDGEM	298
bcBKVS	297
bcIJAK	260
bcICBT	232
bcDFGT	232
bcAQZK	225
bcFHSB	208
bcDKSP	241
bcEEZM	237
bcDWOW	233
bcBKRZ	220
bcFNOX	193
bcCUIU	212
bcCNVQ	200
bcCPMJ	198
bcCUPN	187
bcADBC	186
bcGVTO	193
bcHAVQ	194
bcAZCP	199
bcCGVF	173
bcGFWY	159
bcBRJC	207
bcBJLX	161
bcASKD	183
bcBMLC	204
bcBDOG	203
bcEEPE	130
bcAVDB	173
bcHWGS	138
bcHUUN	163
bcCUJV	175
bcAFLH	178
bcEYKE	168
bcCXFH	167
bcHCKY	196
bcAGHO	161
bcCWMQ	173
bcIHRV	134
bcALXX	181
bcHAXF	145
bcEIBU	138
bcHFYL	190
bcFBKA	160
bcFNAX	159
bcGSDO	143
bcDVHB	148
bcDNRV	135
bcDFVD	136
bcGHPX	184
bcCVRO	139
bcCHSQ	129
bcEEBT	167
bcCRRW	132
bcFBLE	152
bcDPDG	123
bcDOVA	130
bcCYPX	1974
bcCUKG	1267
bcGPIX	1563
bcBFQI	1489
bcAPSX	1262
bcCBKB	1218
bcCBNJ	1063
bcHSHB	1091
bcBQLB	898
bcFOMU	1206
bcDVHF	1119
bcAOEK	958
bcACLQ	897
bcFLMB	917
bcIHMJ	819
bcDSDS	932
bcGOYM	779
bcBAPG	711
bcBKJH	987
bcGPQF	791
bcGEKT	692
bcCNLU	594
bcGAKV	604
bcEZYJ	516
bcATBA	477
bcBPDE	631
bcAPIN	394
bcIEXB	540
bcEBSS	490
bcGFKG	438
bcAJJW	336
bcDVKY	284
bcDPJL	465
bcBUBH	242
bcFNNZ	344
bcFHQV	304
bcBVAL	330
bcAKKY	305
bcBNQB	301
bcDEQP	321
bcCOWE	203
bcEITZ	291
bcHBAO	251
bcDBIE	308
bcHVBU	243
bcDEDO	303
bcCWKE	214
bcAJLH	262
bcFTDR	258
bcGTSX	263
bcCEFO	267
bcCUFA	253
bcDHPD	280
bcEVGP	254
bcDXBI	229
bcGOIT	231
bcAMOM	254
bcFSQR	207
bcEJTP	230
bcAAXB	196
bcDXOW	215
bcHZQQ	216
bcCXHE	185
bcGLHO	170
bcAFKY	220
bcAPJO	230
bcAARM	215
bcAZMD	177
bcCGZX	186
bcDSWR	212
bcGERQ	204
bcANHS	213
bcCZIY	174
bcFIKV	150
bcEVYO	212
bcBVTT	183
bcGTDA	197
bcCHMR	162
bcIIBW	169
bcATOI	160
bcCLVZ	188
bcFGUD	190
bcBYHB	142
bcHEXW	194
bcALVA	157
bcCARO	159
bcFMCD	195
bcEEIN	188
bcAOYY	170
bcFWMY	166
bcBWGM	139
bcHZYT	104
bcBAIM	187
bcFTHF	144
bcDNWJ	170
bcCNVC	66
bcEGXB	154
bcDUGI	162
bcGJIN	130
bcBENO	157
bcDJIW	152
bcFXAC	148
bcIEYD	150
bcBWKI	124
bcHSXL	105
bcATJH	147
bcDIQI	117
bcCKUA	1917
bcCDNJ	1515
bcBYZZ	1695
bcIERM	1494
bcFLBM	1504
bcDITK	1054
bcEKTK	1379
bcCBVX	975
bcETEK	971
bcHOXT	982
bcHFQH	1066
bcCCDE	1014
bcFNYY	795
bcFOKV	903
bcFIRO	1166
bcIBBS	776
bcHZIB	762
bcHKBY	771
bcFVFJ	734
bcDPMZ	840
bcGCGX	743
bcGGQR	580
bcDKQN	685
bcDKGN	617
bcADXR	558
bcEXRK	468
bcGAFS	503
bcIHTT	497
bcCZDB	477
bcEELH	457
bcGVOJ	406
bcAWHL	409
bcCWGG	299
bcAPAT	369
bcHEUO	361
bcEHGX	403
bcFXKI	296
bcECCV	267
bcCWTI	303
bcEYLM	231
bcBWLV	244
bcESRQ	286
bcCMWD	270
bcBLYO	246
bcFJGU	275
bcGPAU	303
bcCKDD	225
bcHHXX	300
bcBWQB	213
bcBOTK	251
bcCOOR	242
bcCLNE	231
bcHUNV	206
bcDXJC	179
bcBAZK	258
bcAQID	214
bcHJCJ	212
bcGPHX	236
bcAFNF	238
bcGVSY	202
bcHLOX	218
bcETOU	215
bcCLCE	191
bcBQGF	220
bcDYBP	171
bcEAKD	251
bcFOLM	199
bcCOLI	218
bcCTNZ	203
bcFOIN	217
bcBVQK	198
bcHWGG	105
bcDWMF	166
bcFOKN	183
bcCDTE	168
bcHMRC	177
bcETWA	192
bcFXJS	172
bcFRCI	176
bcCBZO	174
bcAYIJ	166
bcEVDS	200
bcEBFD	197
bcEEHF	178
bcGRWD	167
bcAPKO	170
bcGVFK	195
bcEYTJ	155
bcEWYO	149
bcDDRM	147
bcDCNZ	189
bcHBFB	164
bcDIRW	166
bcDJEX	155
bcCRDU	152
bcFEMI	108
bcCXJO	137
bcEITQ	174
bcCTRP	183
bcDAHD	106
bcDRHF	174
bcDGTZ	163
bcAHWT	187
bcFHIQ	159
bcBWIX	136
bcBRJO	142
bcGDOY	134
bcCVHQ	1961
bcEDIM	1511
bcFZYA	1348
bcETBB	1430
bcGZVH	1277
bcIDQR	1326
bcDOIJ	939
bcAMFI	1092
bcFOIV	1117
bcDWSZ	1047
bcDFLP	1023
bcGTZX	1024
bcGTKB	989
bcFKBS	938
bcFGPX	922
bcEZKB	1000
bcHDJV	917
bcAQAS	726
bcBUCK	640
bcANXE	772
bcIDUX	768
bcEHQB	676
bcGNKI	582
bcCFVV	693
bcBMPA	561
bcGUXU	417
bcEDRM	374
bcCCKO	361
bcBRBX	438
bcCEFZ	375
bcFMWX	376
bcCAZI	400
bcCZTD	388
bcCWLS	382
bcCOGL	346
bcCZLO	347
bcAPRI	313
bcBCCP	287
bcBIYL	304
bcCUHE	302
bcBPTX	311
bcHMPL	261
bcAYGY	242
bcFYUC	276
bcBWWV	271
bcCGSB	260
bcFJZN	263
bcHJSU	169
bcCOOG	237
bcAOGX	252
bcBWJP	190
bcHLLT	219
bcFUYL	241
bcDREE	262
bcFLCB	184
bcGTPX	216
bcCWFR	206
bcAPFH	220
bcFKVK	224
bcCRTP	217
bcHLLJ	216
bcCHAA	203
bcEUWO	188
bcBEZM	224
bcBWVS	140
bcGHBN	222
bcFZYW	195
bcAGUG	194
bcAFSH	211
bcAPQM	207
bcFVYW	158
bcACCK	211
bcCBOY	174
bcDGQC	220
bcHSZE	207
bcFTCB	87
bcCKPS	179
bcHBMN	188
bcDVTN	211
bcBXYN	188
bcFHNQ	169
bcALFH	144
bcCXFP	146
bcAXWQ	154
bcBHPE	179
bcAJTS	169
bcAOPA	166
bcACZA	175
bcBHPS	169
bcBVGZ	162
bcAXEI	162
bcDHVE	148
bcIAJB	154
bcCEUV	120
bcGHNE	154
bcAINU	180
bcEYWU	145
bcDLDO	172
bcEERS	160
bcCWWD	161
bcFTRV	130
bcHWHF	144
bcGGCF	122
bcDPDF	155
bcCCBY	124
bcEOQT	180
bcBQAQ	165
bcEDGH	2078
bcBVOM	1839
bcCMHI	1554
bcHKZW	1525
bcFJET	1284
bcDPYL	1429
bcBHYI	1139
bcBQUF	1183
bcFWAA	998
bcHJLB	1079
bcHLOY	971
bcGSJK	855
bcDAEY	988
bcBWYA	803
bcHBDY	773
bcFYOP	788
bcAXPZ	644
bcAAJS	731
bcCYDV	827
bcEMJK	835
bcAJRA	695
bcGRII	709
bcCHZV	695
bcEZXY	768
bcEBNB	782
bcFDNW	492
bcAVNH	554
bcARKR	570
bcBYHU	344
bcEJJB	367
bcEJZQ	380
bcGVUC	333
bcGSON	394
bcATXZ	318
bcACSK	354
bcDBSY	387
bcAQVW	337
bcHWUY	240
bcHKGD	294
bcAYSX	325
bcBLVC	283
bcBZLR	218
bcCWZI	277
bcHAUK	187
bcFDWK	273
bcIHWM	271
bcHQVI	270
bcHRBO	229
bcAFTD	263
bcCKMK	192
bcBBDS	255
bcHNUT	234
bcDWVD	136
bcCDGP	218
bcDHJF	252
bcDALR	216
bcDGKF	229
bcFZHU	190
bcCWFQ	170
bcFLUA	239
bcFHPF	196
bcFCPI	201
bcBLJY	181
bcHVZD	174
bcFPGC	168
bcGVTM	202
bcDBGN	234
bcHUPS	209
bcCMVE	215
bcETFE	212
bcFSAH	194
bcBLAX	150
bcGLIW	185
bcGYOF	186
bcAGQN	186
bcCSUX	215
bcDFYX	187
bcICPT	166
bcCXYV	171
bcDUGB	191
bcDUHX	200
bcCVSJ	136
bcEXGH	205
bcBOIJ	180
bcGCPZ	187
bcHDAS	171
bcEYUE	160
bcAUTF	146
bcBMBE	176
bcDABG	197
bcALHB	154
bcCYAN	175
bcDBFC	149
bcGCJW	164
bcHUMF	143
bcBXKO	136
bcFPRH	165
bcBHSP	148
bcGEHX	140
bcGGUW	150
bcDHXQ	148
bcCNXB	136
bcBSNA	149
bcFXRQ	160
bcHRJR	141
bcCHYP	151
bcCQQK	136
bcEBSO	1908
bcGWRV	1551
bcBVHR	1286
bcFQIT	1541
bcDCME	1304
bcATUV	1223
bcBFTW	1312
bcFZTQ	1140
bcEKIH	844
bcAQMD	910
bcHYDA	849
bcAPQA	1016
bcFLJE	1094
bcFZAB	957
bcENWQ	861
bcEWOV	942
bcEWFY	946
bcHSLP	756
bcCPNY	675
bcGGDP	692
bcDGTU	589
bcHMER	658
bcHPZQ	554
bcHOLE	536
bcEONE	585
bcFPWT	506
bcHTVF	457
bcHLNG	562
bcDKRP	374
bcBNSR	517
bcHCZM	450
bcHEBE	457
bcAQRS	357
bcEMPV	320
bcAPEQ	366
bcEGKF	343
bcBQGI	293
bcAOIQ	352
bcAYFB	303
bcBEWL	334
bcBYSM	172
bcGDJX	289
bcBQZC	255
bcAOWF	255
bcIEHH	292
bcGYSY	252
bcGXWZ	186
bcGOLJ	207
bcDACF	256
bcBGMC	275
bcATWS	253
bcBZUO	260
bcGFDK	272
bcIIJZ	181
bcIFKB	169
bcAQCR	218
bcESRN	216
bcCGET	216
bcCVGK	210
bcCPPD	146
bcGUZL	210
bcCODT	130
bcFMHM	238
bcEKBN	112
bcDFDO	221
bcCBRQ	210
bcEKEJ	212
bcGJMU	156
bcBPQL	208
bcCFRM	181
bcHRBK	124
bcDQMG	200
bcEEUK	197
bcEZRV	210
bcAZCF	189
bcAEYW	184
bcHWLV	115
bcCPTU	168
bcGREK	164
bcDYNZ	207
bcBXHF	175
bcCSNH	160
bcEDUD	193
bcGXTI	125
bcCNRF	160
bcHKYB	177
bcETPM	175
bcFHTY	170
bcGMMD	154
bcECKZ	183
bcARUT	171
bcBAPV	168
bcHMTA	153
bcAOBV	173
bcGQCO	185
bcHEJH	156
bcBFVJ	171
bcEICL	140
bcBDCM	147
bcFHJS	152
bcDOXV	140
bcHDFD	173
bcDCNE	138
bcICMX	157
bcCCOW	151
bcEHOF	155
bcAWSV	144
bcHUXD	1869
bcIEOD	1729
bcGUVO	1616
bcHTQW	1345
bcBQDZ	1085
bcBWYP	1279
bcDJJO	1120
bcFSAA	1173
bcEEIM	1008
bcHZCU	925
bcBGVK	983
bcBLTU	963
bcGSMU	927
bcEWZH	921
bcGORP	755
bcICSS	911
bcHDKJ	793
bcGCQK	868
bcCZNJ	697
bcHMSX	703
bcGGHY	557
bcHCWH	601
bcHBBY	557
bcAOGQ	604
bcGRPY	433
bcHKXP	532
bcCRKL	451
bcFNXP	512
bcAXXV	473
bcEEEG	285
bcDSXH	453
bcCZGX	451
bcGNAB	441
bcDXWR	402
bcEDEM	260
bcHWVZ	303
bcHFNN	406
bcAQEF	279
bcGLTN	334
bcHWHV	280
bcDIQW	302
bcBYQG	256
bcAYXM	275
bcEVMW	201
bcHGVJ	279
bcALAD	271
bcBDFN	295
bcHWHZ	211
bcEGQX	249
bcDAHH	274
bcBTFG	254
bcCAJI	230
bcDWTD	218
bcDWHE	236
bcAGTR	254
bcAWVE	236
bcEPTD	277
bcGBFQ	231
bcHLDU	214
bcHPCC	193
bcBNQT	135
bcEJAL	217
bcHVCE	216
bcEJJE	166
bcAYEA	163
bcFBPR	211
bcGBRE	171
bcAWAR	230
bcDVGF	192
bcCCAM	185
bcAPOE	160
bcGFAQ	152
bcGEAL	167
bcGYTQ	197
bcDZEV	185
bcCOEW	194
bcFRYD	161
bcCJIZ	118
bcEHQN	167
bcCLQR	210
bcBJCW	161
bcGBQE	110
bcHKWT	169
bcHIXO	162
bcCKBJ	149
bcEABO	208
bcCIFQ	162
bcBTLI	185
bcFXEC	189
bcDMBZ	136
bcDENI	172
bcGMMK	162
bcGAGF	160
bcCVOD	137
bcGBVF	147
bcBHVB	129
bcHTKV	152
bcCCRZ	136
bcBUNH	150
bcBKRH	143
bcAFFP	147
bcICQZ	166
bcBYTL	123
bcFNOQ	109
bcFTWP	144
bcCOPW	146
bcBRMY	121
bcHURK	1996
bcACOZ	1770
bcFFJY	1863
bcCHAZ	1234
bcFJFN	1175
bcDZJW	1391
bcCEAG	1155
bcIHQG	981
bcIHYZ	1025
bcBENQ	1182
bcCDIG	941
bcAWWK	1006
bcCHTT	936
bcBFEL	1061
bcEMCO	917
bcEEFX	826
bcEPCE	1030
bcHNZV	753
bcAOYI	736
bcHRFJ	682
bcBTLO	666
bcDANO	641
bcDCOK	656
bcEGKZ	880
bcAUHG	701
bcFIJO	456
bcCOVH	476
bcDMNT	374
bcCKFM	421
bcIDPS	336
bcBSSD	425
bcHEWT	383
bcAUPP	411
bcEPPB	148
bcBUAT	321
bcFKKD	327
bcEYYV	399
bcGAAS	310
bcBOMU	232
bcIIBQ	296
bcBDNG	293
bcGOFK	298
bcBVMV	234
bcGMUO	278
bcBNSS	239
bcBWPO	205
bcGLDQ	229
bcAEQV	281
bcDWKI	225
bcECAM	237
bcHOCP	200
bcDVRZ	235
bcHARF	264
bcDDPM	242
bcBLJG	229
bcCVMD	207
bcHXBE	198
bcHSEY	169
bcHORB	211
bcCVOG	179
bcCASQ	219
bcFTKK	215
bcFHSP	209
bcCLNB	194
bcCKYE	190
bcHVUF	214
bcGMUW	243
bcEJWM	146
bcEJJD	153
bcGGQD	184
bcFOCB	180
bcGEJQ	159
bcHMKF	199
bcHFSA	153
bcGBLP	211
bcDPNC	200
bcBQXW	172
bcGNYE	218
bcBWPE	161
bcCVRR	160
bcGFPJ	133
bcEFRL	173
bcAUUF	179
bcCNRA	131
bcHSIP	157
bcARYT	204
bcEEVJ	171
bcEARI	207
bcAHPT	176
bcBTMX	154
bcAYOQ	156
bcHVPT	142
bcBQTJ	163
bcCZMM	159
bcGOZD	135
bcHPDW	162
bcBEAR	195
bcAINV	170
bcEYVP	133
bcCKGY	127
bcCOJG	157
bcHYYR	150
bcBUME	169
bcHITD	168
bcBLRY	140
bcIELS	153
bcHAYW	139
bcIIYD	1935
bcBREH	2090
bcAFMO	1314
bcDFDU	1665
bcBZDB	1447
bcHBIP	1072
bcCEZB	1078
bcBHVJ	1134
bcEXSH	1182
bcHNAF	1046
bcCMPU	1119
bcBPYH	982
bcIFZQ	989
bcDTUU	981
bcABSH	859
bcEPVM	857
bcBGUW	892
bcDOZI	679
bcDPWJ	780
bcFLXE	781
bcGOWM	552
bcDSBF	630
bcCRSR	654
bcCGYU	714
bcHDQA	715
bcBZHH	572
bcBQJD	511
bcCKNJ	537
bcHSOY	487
bcGWPV	374
bcCYEA	409
bcARET	414
bcATJF	374
bcGLQQ	414
bcHAWO	261
bcHRSL	281
bcFFNT	350
bcAKIA	320
bcADBZ	305
bcALFW	214
bcIHHG	243
bcGXTD	228
bcAUPX	247
bcAJNX	260
bcGBEA	263
bcHZOA	268
bcACYG	287
bcEDUZ	293
bcEOLA	266
bcHQWH	227
bcHDAE	239
bcAMFO	196
bcHTLL	246
bcEQGZ	201
bcASKZ	228
bcFQUY	180
bcCRFX	225
bcGOUM	226
bcGYLN	227
bcCIOD	217
bcEAKH	237
bcBVMM	217
bcFTXH	180
bcHOZD	201
bcFZUP	210
bcHAUX	199
bcFBJW	245
bcDQRC	229
bcHGMC	189
bcGSPY	189
bcDOAL	202
bcCWOB	178
bcBZCO	170
bcCTDE	227
bcHRQW	126
bcAYEY	141
bcEIKZ	182
bcATKD	181
bcAXMY	197
bcBBUO	144
bcAMUS	185
bcIHFA	175
bcGGWT	173
bcGSWL	184
bcHJTX	162
bcHRFB	166
bcHBSO	175
bcHPYQ	154
bcALRY	160
bcHIXN	139
bcBDKC	171
bcECIS	180
bcCMAT	152
bcDXBG	169
bcIFIA	178
bcFFME	173
bcFPEO	161
bcDVSE	157
bcDKCU	157
bcAXTM	148
bcBLFX	137
bcDAFA	155
bcGYTY	148
bcAFCS	148
bcFDKA	160
bcBVIY	143
bcHRVP	143
bcBLJK	1928
bcDRMP	1642
bcCWLJ	1494
bcHVCS	1265
bcBNRG	1233
bcBUPK	1596
bcARQL	1214
bcEXGB	1169
bcAFMZ	1054
bcFFBR	1049
bcBUWP	1008
bcBEEO	890
bcAIUI	1064
bcDCEA	1014
bcDOIX	925
bcCAWU	828
bcDRTG	821
bcBIKL	873
bcBDRK	725
bcCULV	700
bcDSAQ	702
bcDYQD	723
bcEZBX	650
bcEIOI	671
bcEIQY	430
bcEFSC	522
bcBUJI	588
bcHBGG	407
bcDPXG	370
bcFMCS	548
bcHYWP	403
bcBZSW	297
bcEEIJ	340
bcHWBR	270
bcGWSV	373
bcEYKS	326
bcAHSE	352
bcCVKS	271
bcFUVQ	335
bcHHWF	324
bcAGBC	328
bcCZUO	275
bcIHYB	245
bcIHVP	291
bcCPBN	306
bcGQQH	259
bcGQLP	284
bcHRTX	232
bcFVUV	208
bcBBLJ	252
bcAENU	240
bcHAAE	237
bcFPSY	259
bcGSDI	238
bcDOZG	231
bcCLOS	248
bcFPUF	219
bcHQHO	226
bcIEGB	250
bcADLI	262
bcEQVB	231
bcCXCA	182
bcEMVX	227
bcBFDI	212
bcDVCF	152
bcCECR	127
bcEDZP	233
bcDECT	182
bcAPRX	197
bcCFHS	173
bcCRPL	162
bcBTZD	213
bcFNII	216
bcBWXZ	166
bcCBPO	158
bcCVAK	181
bcGDQB	132
bcIDVM	163
bcEIOC	194
bcBWOZ	123
bcGFQZ	160
bcHWHN	154
bcHZBR	166
bcEJIW	170
bcGFJC	142
bcGUZO	150
bcAOZV	166
bcBZOB	157
bcFTSH	132
bcDSHQ	97
bcDEOG	158
bcHPIR	170
bcBWCM	149
bcHFOM	169
bcFPTQ	159
bcBBXX	172
bcDQZR	165
bcIDYF	161
bcGCTC	152
bcBPTE	136
bcCOIM	153
bcCQRU	174
bcGRDV	131
bcEIKD	150
bcBXGO	157
bcFXRD	131
bcGJEP	133
bcANBX	2643
bcERWN	1760
bcIJIO	1475
bcAYKS	1337
bcFHVD	1216
bcGCKE	1087
bcHRPU	913
bcFXXS	1068
bcHTGS	1069
bcDEHZ	1159
bcEPUK	949
bcESSX	941
bcFHUX	1206
bcENJW	827
bcCVMH	904
bcEKSZ	868
bcBTZL	856
bcHAEV	719
bcFGCS	885
bcFIMK	774
bcGFQE	602
bcBDPL	618
bcFWQF	659
bcDULU	568
bcGKNV	323
bcAHVC	497
bcAEIN	343
bcECJI	369
bcGCGO	473
bcDLCQ	141
bcCUYK	454
bcCNRI	424
bcHLOK	343
bcBVSN	299
bcCOWZ	298
bcGEQN	313
bcAWLZ	355
bcGBVL	346
bcGYUW	288
bcBFGP	319
bcGCEA	267
bcCKND	287
bcELBK	309
bcAWTY	295
bcHXTQ	289
bcGGOZ	202
bcBBVY	256
bcCCNB	243
bcAGTD	243
bcABYQ	74
bcDSVU	222
bcGXWQ	123
bcGTFL	184
bcCCCS	218
bcGXQU	185
bcIEWC	239
bcDKXC	267
bcHKJL	214
bcHRTM	207
bcCEPN	185
bcBSIR	221
bcFMZA	200
bcCFNS	199
bcGQGX	232
bcFVJD	116
bcAHGF	182
bcBXBQ	188
bcCLFW	192
bcHNBD	235
bcGQYJ	88
bcDFEY	125
bcBLRN	196
bcIICZ	175
bcFGYO	173
bcBWTA	175
bcCION	179
bcHYBE	177
bcHIFB	188
bcEJVO	165
bcDSLY	184
bcABLT	182
bcHREQ	210
bcAUYP	178
bcFTER	177
bcHTMS	156
bcDQXF	181
bcCHTS	159
bcCTTI	193
bcGNIN	148
bcCSLR	208
bcARWX	157
bcBQPG	158
bcFWNX	162
bcAZOY	193
bcFGQE	181
bcBJTW	182
bcBQII	131
bcBCWS	34
bcHXYV	148
bcCBOI	135
bcBBSL	154
bcAFZK	137
bcHIRD	158
bcGEHQ	161
bcHIXR	155
bcCCUK	83
bcERPP	171
bcDQZV	2618
bcAEIW	1516
bcDXPE	1537
bcEWHP	1434
bcCPAW	1563
bcBAUR	1038
bcEXGD	1207
bcBZSP	1219
bcHHKD	1048
bcAJLR	1052
bcEEYY	991
bcAPBF	907
bcEZOE	1050
bcGTCM	744
bcCESV	968
bcGJCQ	1116
bcDNJY	981
bcCYQU	951
bcIEUE	690
bcDSXA	694
bcEZCS	809
bcGHYJ	730
bcGGLK	818
bcGGMX	611
bcEJKN	616
bcCOAW	505
bcDUMV	617
bcARPA	503
bcCTCC	492
bcCDWA	399
bcDDOQ	379
bcHJXI	356
bcAAZH	355
bcBUPC	412
bcDZIK	331
bcAYJM	329
bcDEJZ	360
bcBMMH	308
bcDDEB	310
bcAGES	279
bcBJQZ	267
bcDLZT	198
bcCWAG	246
bcGUXQ	214
bcCFXY	280
bcFNNJ	257
bcGHKV	273
bcGFTS	236
bcCWIQ	220
bcGLNX	219
bcGJET	251
bcHEWB	229
bcBFUT	249
bcGBPG	210
bcDYZI	144
bcEIXF	187
bcFSDD	237
bcGNOT	232
bcHKEH	225
bcDWPP	219
bcFOAB	216
bcCNQO	177
bcGTOZ	201
bcEMWI	256
bcFMLO	191
bcHUTB	195
bcHREP	215
bcBLNU	175
bcCDYI	143
bcIFSV	191
bcBNRW	207
bcCNEJ	176
bcIJHN	187
bcFCTS	195
bcFVJE	93
bcFIPO	160
bcHFMF	198
bcBLTI	103
bcASIN	188
bcGVSV	150
bcAHXR	148
bcHXAD	124
bcGDZC	167
bcFLKP	174
bcHAEJ	140
bcGEBR	192
bcAOPS	163
bcDADA	172
bcEPOE	162
bcFJRO	151
bcFNZK	163
bcIDUM	131
bcEQCS	120
bcGSCL	109
bcBDEH	154
bcETCI	152
bcGDQU	124
bcCBGV	142
bcCFNY	154
bcHCJF	147
bcEPTK	169
bcEKMG	165
bcDFYS	159
bcBWGY	110
bcCTGM	134
bcDETW	155
bcBTBC	150
bcGMMR	1936
bcBRBB	1732
bcBNGP	1444
bcFFVK	1323
bcDDAD	1280
bcFKYR	831
bcFOPF	1127
bcGKJY	1121
bcCGEA	1120
bcFJCT	925
bcAMEV	1005
bcDXGG	1152
bcHLSZ	973
bcCJZQ	850
bcCWXU	732
bcFOKF	940
bcDEPO	793
bcFSKH	717
bcAWUY	1095
bcATFL	533
bcHCEZ	577
bcGOEH	649
bcCQFE	552
bcGSGS	674
bcGHNH	723
bcIHBT	587
bcFPWF	554
bcAVHV	538
bcBQPM	388
bcCYMH	414
bcHUPV	410
bcBPNU	471
bcGIJG	328
bcHJLV	385
bcBUIG	312
bcGEIX	294
bcEEUZ	275
bcHPBE	299
bcATWE	281
bcFGMC	284
bcFLKS	324
bcEBKP	310
bcGYHQ	192
bcGSYU	304
bcCKFI	231
bcEKPJ	263
bcDWMO	251
bcABUD	251
bcCBBB	246
bcGUKZ	147
bcBPUX	249
bcHUGI	231
bcEBWY	216
bcDGED	274
bcEKAK	218
bcEYQB	182
bcHDEW	218
bcACKX	231
bcFRAK	217
bcGPWP	219
bcCFHR	210
bcADBO	208
bcCFDL	204
bcAUES	220
bcBMUJ	197
bcCGVV	175
bcAZND	191
bcBCGS	179
bcIIRN	119
bcFTEW	195
bcFUHL	213
bcFVRG	168
bcIFUX	211
bcEHJJ	184
bcFODC	187
bcDXBV	107
bcDQZY	155
bcBKGT	165
bcEHED	196
bcHDQN	146
bcCEXJ	174
bcDSPQ	200
bcCJDA	144
bcCLLI	143
bcFFVD	188
bcEDEW	181
bcGCHS	187
bcBDKL	172
bcGKWG	162
bcBAYW	181
bcCKWY	165
bcHZOC	165
bcDHWC	174
bcCDVU	161
bcADUB	149
bcAPKH	180
bcCGBW	142
bcDJDZ	163
bcEVFD	129
bcCYVO	114
bcGLXB	150
bcHRFE	146
bcEKFT	167
bcCGFZ	140
bcHOYR	148
bcAVOO	164
bcCVRL	123
bcHWYB	1808
bcIAER	1532
bcGXQM	1384
bcENJB	1638
bcADHY	1268
bcADCP	1041
bcFNWL	1059
bcFZBG	1139
bcHLHJ	909
bcEYAR	994
bcEUSY	887
bcAFFC	894
bcFFEN	1070
bcAXUJ	953
bcDFJE	828
bcAXLW	938
bcCHZG	767
bcDNMD	786
bcGPJQ	880
bcDNWV	987
bcBQWQ	587
bcBXNJ	738
bcFRGB	571
bcBCWT	766
bcCLBR	487
bcIERL	485
bcBIXG	613
bcBWSS	230
bcGEIE	453
bcDTYM	378
bcIBPP	441
bcHHYO	428
bcDXDZ	341
bcDUUT	270
bcIEOC	379
bcEYSK	153
bcGYNC	322
bcGUFD	313
bcIGAJ	255
bcEPXK	310
bcHNMH	333
bcAJZU	304
bcGGQY	255
bcHZCX	314
bcCAGV	279
bcBOWV	284
bcBWPD	165
bcDVLA	253
bcHVPN	207
bcFBWS	208
bcCEEM	244
bcDNFM	240
bcFGOD	241
bcDRJO	165
bcBBKP	230
bcIFWS	224
bcHDHE	245
bcEAPF	235
bcDZPY	250
bcGYSS	238
bcAYVQ	227
bcESSF	248
bcAVYG	232
bcCZSG	201
bcHVTI	208
bcFHST	162
bcEIDK	188
bcCGGI	185
bcBTJN	176
bcERGA	160
bcFCUI	194
bcCBVH	165
bcFMAS	199
bcDWQW	144
bcHMNT	173
bcHPQH	91
bcCDMU	163
bcEIKW	166
bcASBC	169
bcEQSC	167
bcDGUU	214
bcGFZT	152
bcCPOS	171
bcBCTU	159
bcBLIN	143
bcGICR	180
bcCPCK	194
bcCZBI	173
bcFKCN	182
bcAVML	189
bcFMAR	199
bcHFBR	163
bcHVQE	169
bcCCRK	161
bcAFSL	171
bcDUEH	183
bcGLXJ	157
bcADEG	154
bcCNBA	156
bcGDSH	142
bcFDQF	145
bcHPNT	147
bcCWSA	157
bcFMYU	183
bcGXWF	135
bcEZVE	166
bcHCFQ	159
bcCWEK	2089
bcHCOS	1869
bcDIYE	1393
bcAOCE	1341
bcGADC	1345
bcHVKM	1037
bcGGCX	1291
bcAUGE	1133
bcCXZR	907
bcAEWU	972
bcBNFQ	1095
bcFLKM	1033
bcHKFV	1042
bcDTIQ	949
bcAVNS	923
bcGUKG	890
bcFQSB	806
bcBEWQ	981
bcIHMS	680
bcBXPC	664
bcGVCG	578
bcDOBZ	769
bcCMAH	580
bcETOL	724
bcEZXM	499
bcCABN	607
bcBBQN	540
bcDDIK	442
bcGXXX	376
bcDCMJ	490
bcDIWI	265
bcAJTM	341
bcGXXH	282
bcGQWB	347
bcCBAK	360
bcATQG	302
bcCEDP	288
bcFHCC	298
bcFDYF	323
bcAZPG	332
bcFQAO	343
bcCVUG	279
bcBYBH	262
bcDKQZ	286
bcCARR	246
bcHUPO	236
bcHMDZ	7
bcHESC	241
bcCDTL	244
bcEUGH	263
bcHVQJ	156
bcFXJN	201
bcGFIU	224
bcBVWY	246
bcHNMO	254
bcFZKN	226
bcAPFM	212
bcARWI	216
bcFUXI	211
bcBMXT	202
bcBMKN	199
bcDYZD	223
bcCNUF	172
bcCYSO	233
bcHMVO	234
bcFBDB	221
bcCJLF	188
bcFTIJ	193
bcGWRI	190
bcDRAL	204
bcCBVE	168
bcADLR	180
bcBXTO	110
bcAVDW	203
bcEXFP	185
bcGADK	204
bcEZZY	184
bcHZGP	181
bcEDDM	182
bcBQYI	172
bcHLJR	167
bcDGDB	207
bcEDFY	173
bcENDN	161
bcBQCP	162
bcCTJF	193
bcIBNH	140
bcHRDR	158
bcHTNK	170
bcDGLW	184
bcEDDU	168
bcCSOG	165
bcBYEN	184
bcBQEA	172
bcFKMC	157
bcFNMX	177
bcBZHZ	138
bcDNMT	185
bcAVUJ	170
bcDVSH	126
bcDVTY	168
bcATRF	168
bcHLHK	168
bcFUEU	153
bcDMIU	167
bcGSEI	142
bcAGIU	146
bcDITO	1685
bcHCUY	1682
bcHLQS	1283
bcHMMT	1167
bcDVZI	1384
bcADJY	1216
bcGZDK	1046
bcESZS	1229
bcDLXO	876
bcGPQX	959
bcDOAV	1148
bcEZEI	942
bcDOYF	1344
bcGJCV	890
bcGUGM	892
bcDLKM	872
bcEAXB	909
bcDAYM	855
bcAULG	931
bcBRAO	636
bcHCGN	917
bcHOME	577
bcDAWK	490
bcIAOQ	606
bcAIQT	573
bcBPGI	517
bcHWQT	381
bcFIIN	445
bcAVDV	471
bcDNLG	532
bcEANG	352
bcHAYB	443
bcHYYM	321
bcBEFW	327
bcHQWW	374
bcIEJE	306
bcCVOK	315
bcAUUQ	333
bcDZTP	300
bcFMOW	299
bcDUNQ	91
bcGQEK	298
bcEZSS	313
bcCXNT	262
bcDHTH	319
bcBQEM	263
bcCHZN	259
bcFGDG	279
bcCWGM	223
bcEOMI	246
bcHKWM	253
bcFMDZ	237
bcEYBR	125
bcFPFT	214
bcAODX	241
bcEQBO	221
bcBUNY	224
bcHCLD	203
bcARAP	197
bcFICP	215
bcIBJJ	197
bcBLWG	192
bcIAOO	194
bcFHXU	202
bcFIIK	198
bcDBAF	187
bcHUGL	219
bcEAGT	202
bcEWQG	239
bcIDSQ	190
bcDZUS	196
bcDHZU	184
bcHAJS	206
bcDJSV	177
bcAEEY	199
bcFBJO	215
bcGNMU	180
bcESZE	141
bcEIEY	164
bcCTJT	184
bcEYSV	166
bcGQNB	171
bcGDRC	180
bcEJVB	161
bcDAEZ	186
bcEMWB	181
bcAGYI	165
bcDQQS	197
bcHGRR	191
bcBIUM	208
bcHXXK	118
bcCRZM	133
bcDVRT	175
bcHVLP	114
bcEKTN	165
bcGFSY	142
bcASEV	172
bcGOAR	150
bcEHLM	146
bcIDOL	139
bcEGNJ	148
bcEDVI	153
bcHAFC	135
bcBVWI	145
bcARZT	147
bcCFXV	124
bcCIZK	131
bcBMSN	1853
bcBNUO	1978
bcAESE	1555
bcFKBY	1355
bcDLXM	1200
bcGDSJ	1252
bcAIDG	1136
bcESVE	1220
bcCVCS	1047
bcAUKH	938
bcAYQR	1053
bcGGTX	884
bcAHWV	837
bcCXSI	947
bcERZM	776
bcEPNC	833
bcAYXR	972
bcAHHC	731
bcCTWY	779
bcCZNY	759
bcAXPU	859
bcEORZ	615
bcCMFD	659
bcBFMD	512
bcBCYB	448
bcABEY	470
bcGZXG	467
bcERDD	421
bcGUZK	439
bcHTIL	368
bcASAA	443
bcFGLI	451
bcAHOK	435
bcANKP	388
bcFNIH	356
bcDYLR	347
bcCWCX	280
bcHOPM	309
bcFBGT	355
bcDVGV	269
bcCBMO	264
bcDOSH	244
bcDVIX	124
bcDMDG	285
bcHVGU	235
bcDVJN	217
bcGRMV	277
bcGBEV	259
bcDJJG	211
bcCEDB	205
bcAVQD	305
bcDOEW	272
bcCWBD	201
bcBYGZ	126
bcBYCX	229
bcADXJ	262
bcBCSZ	196
bcIGBM	7
bcGFXP	226
bcGILR	218
bcAXVT	229
bcHFAR	247
bcCDUB	189
bcHRIX	182
bcHNMV	177
bcAJRH	218
bcHLJI	153
bcAPIT	217
bcBQZX	187
bcGSHW	217
bcHKDY	203
bcIHZD	183
bcEHWD	100
bcFKIC	178
bcAQBO	165
bcAHEP	183
bcGLIH	182
bcFJQK	165
bcBGQY	198
bcHEPX	173
bcAXVE	162
bcGISQ	168
bcIFSW	169
bcEKNX	145
bcCCBN	173
bcGDOT	136
bcDAMT	163
bcGOCI	168
bcCPMA	191
bcAZFJ	160
bcEJZI	168
bcENCP	184
bcBLIT	154
bcEFKH	141
bcATCR	133
bcGDJU	160
bcDYYR	162
bcDEPP	140
bcCZUG	94
bcCONG	151
bcCYYH	144
bcEAKL	129
bcHPGF	152
bcCVUF	140
bcCQPE	169
bcAZMO	157
bcBNBW	126
bcHSJA	2438
bcEBXD	1499
bcHTDF	1393
bcFZZR	1387
bcFTSR	1536
bcGJEW	1055
bcCHFD	1162
bcEBTG	1298
bcCFPY	927
bcFJTR	981
bcFNEA	1214
bcGBZS	1052
bcAECQ	983
bcFHTL	799
bcHCEK	1313
bcBKBG	968
bcGCQY	805
bcGLVT	798
bcDHKD	907
bcDZET	810
bcEWXH	769
bcFDCQ	612
bcGNHC	495
bcCNKP	439
bcHQMX	469
bcHBDM	617
bcDQUI	590
bcCVCT	492
bcCNRM	467
bcFOQZ	441
bcDQUJ	390
bcAHGP	463
bcCVDA	378
bcEHAC	321
bcDUUD	376
bcIIJJ	330
bcAJXU	335
bcCWRS	296
bcIDEZ	338
bcCAZR	268
bcEZII	325
bcFXFS	303
bcAMSI	246
bcIBNP	255
bcEZPI	188
bcHDIR	237
bcAWDN	295
bcGGQC	230
bcDZDH	103
bcDICF	204
bcIDTO	264
bcIIVF	169
bcFTCR	247
bcCSZE	272
bcFMMH	229
bcDYQV	261
bcBTRM	120
bcCLNG	206
bcDWLD	152
bcFHLK	221
bcIHJK	206
bcCSGU	204
bcFMKO	188
bcETEF	231
bcBTXL	219
bcDBOZ	228
bcCDUR	187
bcBPNE	201
bcCLJX	191
bcGWPZ	169
bcBVIL	212
bcIJWI	199
bcDBHF	198
bcICNL	190
bcBMIC	114
bcBBVX	223
bcGCAA	176
bcDJGV	188
bcFSZR	181
bcGLHC	177
bcCVPB	148
bcCJOI	192
bcEYUH	169
bcFSIN	181
bcEKLS	155
bcCNEV	122
bcGCGG	179
bcFFSB	171
bcAMWX	163
bcDZHK	161
bcGPTQ	169
bcEYBE	159
bcAODK	175
bcDXEY	195
bcBDSR	179
bcFNJU	135
bcGCKK	155
bcFFYI	173
bcGLNC	135
bcCMDK	174
bcFWLA	182
bcIBEM	150
bcBWYM	137
bcBFPA	150
bcCZLQ	134
bcGWUB	130
bcBCMB	154
bcBVIK	1675
bcAHSB	1697
bcHVDN	1287
bcCLJT	1408
bcALPK	1386
bcGXVO	946
bcGWYB	1432
bcHOQT	984
bcGVHS	1083
bcCVTG	830
bcBGKA	1441
bcBRNX	898
bcFSXZ	914
bcEJMG	892
bcEVUC	994
bcAKFP	971
bcHSOR	872
bcDTXB	765
bcIJYD	834
bcHCII	978
bcDSBS	696
bcBWRH	760
bcDSCE	683
bcIERH	455
bcDPNN	757
bcHVWD	569
bcDXOI	414
bcFLKI	532
bcAYSY	398
bcFOLP	413
bcCHTU	494
bcBLEB	341
bcHBHH	340
bcCAOX	319
bcCBHL	333
bcENMS	331
bcFWWV	352
bcGFDS	282
bcEAID	324
bcBYFX	269
bcBRGC	311
bcHLEV	285
bcDQZH	295
bcDQGW	197
bcDWVC	222
bcCULO	297
bcAHQQ	204
bcHDMH	230
bcCDEC	245
bcGMPE	253
bcEXVN	274
bcDTDL	254
bcCWBZ	207
bcBVPQ	213
bcBUDB	245
bcIEZF	215
bcABEK	216
bcACEX	253
bcDRSA	240
bcETRL	227
bcBSOE	193
bcCYKV	203
bcIAFA	239
bcFUAQ	209
bcCOGR	208
bcAPMA	194
bcCSGX	190
bcCAMY	167
bcHQFF	200
bcFGAF	230
bcDNSL	117
bcCIRE	188
bcCVYM	164
bcGHXT	173
bcATQL	163
bcCJIV	169
bcERDN	144
bcBBJP	196
bcCANK	142
bcCQYW	169
bcHSZD	197
bcGBMM	177
bcCYFY	172
bcFNZH	141
bcBSYZ	172
bcAGFB	103
bcDBJZ	186
bcBXYE	172
bcGKGK	165
bcCFCS	158
bcCLVV	179
bcDVGQ	165
bcFFQR	159
bcANJY	172
bcHMKD	165
bcEEOG	163
bcABCJ	154
bcHEVE	128
bcFCZE	170
bcGWPH	160
bcAJAB	180
bcALPL	123
bcGMAF	148
bcAAJZ	149
bcAFDQ	167
bcAMIG	124
bcFHSK	153
bcBPGW	1753
bcIIIS	1690
bcBKZA	1681
bcDDJO	1242
bcEYRM	1371
bcCTMB	1184
bcEFIC	1340
bcCNSW	947
bcFFZK	1101
bcBMPB	1004
bcHSID	951
bcHPMO	933
bcGHTG	897
bcBRQF	850
bcCGAF	834
bcABMN	995
bcGQUF	833
bcIDSW	719
bcCTMR	669
bcDAAD	648
bcFREK	590
bcCDHU	755
bcCXHO	551
bcBXNZ	642
bcGQWW	533
bcBWKJ	352
bcIJMK	385
bcHZIS	514
bcEJRC	376
bcDOYE	493
bcGGZE	300
bcDQJG	462
bcHABW	300
bcEVIT	365
bcBBTY	370
bcHGYF	319
bcGFMG	306
bcFSFH	211
bcCDRY	341
bcIAFG	288
bcEVIH	269
bcAYAK	269
bcHXSS	226
bcHGAO	291
bcCZVA	264
bcEPFA	277
bcIBPQ	256
bcEEBE	282
bcDTVT	277
bcFWCY	216
bcHYFE	278
bcHWUX	195
bcEDUH	250
bcAYFU	204
bcCLEU	235
bcEQVU	232
bcCBGL	191
bcBPEO	236
bcECQC	227
bcCQQY	241
bcGMEE	212
bcIDDA	198
bcGWNX	206
bcEVQK	250
bcBEIO	178
bcCTNK	236
bcBQPF	157
bcGICH	196
bcASUE	108
bcALIL	182
bcDJRA	226
bcGAZY	188
bcHLND	178
bcCPZH	184
bcCKCR	178
bcBVHS	188
bcHEKF	130
bcBVGI	177
bcAOCT	190
bcBQSQ	158
bcEOHM	201
bcEYLL	166
bcETIT	180
bcDXOC	215
bcDUZI	157
bcEKDG	159
bcGKAF	177
bcDXXW	125
bcHJHP	150
bcACEC	95
bcFTHD	164
bcBORK	158
bcHZBQ	149
bcIIFQ	154
bcCZLC	164
bcBAWQ	193
bcCTBH	111
bcDDZU	142
bcEGPN	144
bcBUTW	174
bcGPWY	136
bcAZUY	136
bcDMEY	138
bcERXM	171
bcBLTY	145
bcIIHZ	102
bcGJPX	104
bcCBXQ	1819
bcELHN	1642
bcCNUS	1163
bcIEGG	1251
bcDWLR	1281
bcDJVE	1325
bcAGLY	1053
bcAECO	1123
bcBBBT	1001
bcCVBI	1158
bcDZKN	1121
bcABYE	1074
bcEMEY	1134
bcEDRJ	906
bcBYOB	892
bcFPMK	835
bcBKOO	854
bcFXFB	785
bcEPUY	764
bcCDLV	734
bcBJTY	793
bcCEAC	689
bcEXFK	658
bcFBWQ	532
bcFXKF	459
bcEVTB	488
bcDBMT	317
bcBCUO	471
bcGJDN	525
bcEGBY	452
bcCCIF	398
bcAZOH	314
bcEBIU	252
bcATSV	323
bcDEOR	399
bcESNB	373
bcHLCK	294
bcAMSO	289
bcBMTB	307
bcATVJ	280
bcARCC	196
bcCIRZ	279
bcCFTJ	271
bcACSV	267
bcAQUF	254
bcHLFR	241
bcCRSS	251
bcDQQL	256
bcBGMA	302
bcFLQN	246
bcEEUS	235
bcBVIC	246
bcCKAI	193
bcEHES	199
bcASFH	233
bcDWZQ	220
bcCLET	235
bcICNN	230
bcFVUC	192
bcFJRE	254
bcBWRA	185
bcBTHQ	203
bcCQSS	242
bcBQLH	161
bcAGQZ	215
bcBEOD	216
bcCWZL	145
bcCNET	198
bcBROO	214
bcGHLK	214
bcEUJS	205
bcDYFC	208
bcEWUK	216
bcGRWK	143
bcAKYW	174
bcDAOY	178
bcGETD	210
bcEIWT	190
bcGRBG	160
bcFXQB	166
bcEAMF	174
bcBLUN	148
bcBHWD	141
bcFXDH	185
bcAZYR	183
bcGXZE	121
bcGLHF	168
bcAUHP	161
bcFOSV	169
bcAYQY	161
bcFNFK	192
bcHKSF	147
bcDXCJ	155
bcAIZZ	158
bcGSKG	180
bcCVGT	163
bcEFDO	177
bcBQFI	142
bcDJWQ	171
bcGPRE	154
bcDHUX	132
bcGRCH	135
bcCPMU	149
bcGFFW	159
bcENUQ	162
bcFMRO	152
bcESGD	152
bcBKZE	1667
bcAFEY	1653
bcALJC	1479
bcEKZP	1332
bcGPXY	1553
bcGFUI	1070
bcAZDL	1033
bcBGPT	1286
bcFQAE	1112
bcBMWG	1015
bcHMMW	975
bcABYH	973
bcEMXX	1176
bcGLCW	1036
bcEMUP	924
bcCMXV	765
bcAULA	771
bcBEVQ	683
bcHOJA	933
bcHVRY	282
bcBFWE	691
bcFPZH	732
bcBYRU	661
bcGIWG	640
bcBWQS	423
bcBMPZ	515
bcEWGS	437
bcBQQV	337
bcBHNM	350
bcAFOJ	482
bcCPFU	370
bcGGQO	360
bcFCYO	329
bcHDII	352
bcDUGD	389
bcCVHX	315
bcDNTX	249
bcERKU	305
bcGXVG	166
bcGLIL	279
bcBJVO	313
bcHAFS	276
bcHDUP	234
bcAZES	287
bcEKOZ	259
bcFGPB	262
bcARQS	240
bcGMWM	287
bcICSZ	275
bcGABS	236
bcGAQV	248
bcGMHR	242
bcBEQL	203
bcFEJK	255
bcFMID	226
bcGADO	212
bcAXZY	228
bcFSBN	230
bcGVLU	201
bcBKAG	205
bcBWHO	95
bcBVDH	225
bcHMWO	262
bcFBLH	244
bcGLOM	156
bcBCBW	196
bcEHSF	192
bcGBLH	203
bcDOAT	236
bcEFYB	176
bcAXYW	176
bcCVDN	191
bcCMGS	228
bcGJDI	207
bcGYDR	205
bcGGOD	160
bcEQLX	193
bcGUXS	109
bcCWFU	155
bcFOGN	168
bcDYSC	193
bcCASO	149
bcIGNX	156
bcFTOB	153
bcFNKB	142
bcCBNQ	152
bcFIXJ	178
bcCCIZ	110
bcHCGW	175
bcEFOQ	162
bcACZB	166
bcBPIL	183
bcCJEQ	164
bcCNBC	154
bcFDDA	154
bcBRIX	158
bcCJOH	150
bcAMSH	158
bcBEHZ	154
bcIJIA	131
bcADCZ	170
bcANKE	166
bcAYBV	130
bcDFJP	158
bcHEEC	161
bcFUKQ	166
bcHDSS	143
bcBUXG	2538
bcEBXZ	1600
bcACPF	1578
bcHMVF	1525
bcGGWM	1261
bcCKCK	1117
bcBGUA	1368
bcCAFJ	1053
bcATRL	1039
bcHWVE	820
bcBWEO	877
bcFEKA	1024
bcFGAD	964
bcDTQV	898
bcBVOQ	834
bcGDIW	949
bcAGMN	746
bcBKLD	696
bcCJOV	914
bcESQA	705
bcHSJV	679
bcAVFX	650
bcIIAR	833
bcBTRA	476
bcBRSN	670
bcCOPC	440
bcHNUB	539
bcIFMP	463
bcIGWR	450
bcESRV	434
bcGBDE	400
bcGGQW	372
bcGFHC	309
bcDMNZ	435
bcGFJX	355
bcDUQO	348
bcIDKV	253
bcHAQV	355
bcBQHM	106
bcDFJG	294
bcFJVB	323
bcFXVT	292
bcDTSA	308
bcCIYK	245
bcDLGR	279
bcADIU	269
bcANDX	285
bcEAYI	276
bcGHSH	255
bcGUMO	245
bcFPED	237
bcDJBP	227
bcEZMV	263
bcARTS	228
bcBZDC	140
bcGPZI	227
bcBWLD	182
bcFTSS	221
bcFBOH	143
bcHHVG	249
bcGENZ	221
bcGVUO	181
bcHGGH	219
bcGMJI	204
bcHWSE	194
bcFIYX	205
bcFNSP	216
bcCBLD	182
bcDZAM	208
bcCWCO	75
bcCZAB	174
bcAGIC	211
bcEIFV	165
bcEYSO	157
bcCEPB	187
bcIFVH	138
bcHDJT	187
bcCFUR	155
bcEGDS	193
bcDWFG	157
bcBPDX	104
bcARAX	166
bcGYXK	147
bcEGAB	158
bcDOHS	188
bcAOTX	159
bcHHHS	149
bcAFZG	174
bcEKXM	119
bcBATP	173
bcCPND	169
bcBQMY	131
bcAFWX	179
bcADOI	173
bcIFBO	161
bcGVMW	143
bcHARI	151
bcETXR	214
bcHBNJ	183
bcBVVS	155
bcEURT	136
bcHWRD	133
bcCACH	141
bcAOTY	143
bcARZJ	153
bcDCUH	173
bcCMII	173
bcCANZ	2193
bcIHPK	1521
bcDDST	1342
bcGEJC	1083
bcGCCL	1026
bcBWNA	1573
bcICLB	1179
bcFUDK	1433
bcAWZL	1188
bcBHWY	1162
bcELMG	934
bcHMMP	801
bcEDVV	959
bcHXZA	763
bcHOWS	883
bcGBCI	762
bcBJKL	729
bcBGRT	781
bcCXQH	857
bcDXDO	659
bcHAVO	825
bcBEEP	574
bcFQBY	941
bcCJGY	544
bcIITM	488
bcHGVP	513
bcCHFM	467
bcDQRF	531
bcFSCW	487
bcEVBX	463
bcDTNJ	508
bcAFYC	342
bcGQNL	410
bcGCRW	320
bcFJEV	394
bcBSMN	326
bcHNMB	348
bcGFBN	309
bcCLOL	368
bcFDKX	300
bcDVYH	220
bcGWQV	269
bcCNTT	273
bcGTYN	284
bcBNBV	264
bcAEIC	236
bcESBW	256
bcBXWJ	189
bcCTEM	262
bcBSME	231
bcAZFW	152
bcAGVN	235
bcESQP	236
bcGXSG	188
bcGKUB	213
bcCCJU	222
bcCICP	237
bcCHLQ	193
bcGQXT	170
bcCYZU	229
bcHPWF	222
bcFDMX	227
bcBKCQ	192
bcHJUF	222
bcCSRQ	221
bcAKUN	188
bcDEEX	233
bcCWUZ	178
bcAZLI	202
bcGCBZ	192
bcACNW	169
bcGHRF	200
bcHRDS	211
bcBOXD	204
bcGJFG	157
bcCHWX	165
bcHLNQ	128
bcEZIC	216
bcDCQV	199
bcGMNP	205
bcACYU	171
bcAZLK	168
bcCHGX	157
bcGMKW	186
bcHKMU	196
bcAYXI	137
bcCGOH	157
bcEKOO	145
bcEXNA	192
bcDHQT	172
bcCHMB	138
bcGTVN	122
bcDJBG	158
bcFOFO	166
bcCALY	137
bcEXDF	116
bcCPVV	151
bcHJPE	171
bcHNPD	159
bcAFES	162
bcFJTD	112
bcENQT	162
bcBTML	155
bcEGPX	153
bcIGYK	136
bcALYY	142
bcAORD	166
bcHQAQ	2215
bcHMWU	1655
bcHIBU	1478
bcBGGH	1510
bcELRS	1271
bcIIMO	1135
bcELKS	1253
bcGUPQ	1135
bcDRAY	995
bcBSXI	1024
bcFFTR	954
bcDBBW	1031
bcAEIO	1019
bcBDEV	815
bcDNNH	842
bcCHZW	889
bcFGNF	823
bcDYGF	880
bcADNS	908
bcEZUF	744
bcEMOW	692
bcERIQ	568
bcCIYY	574
bcAIHP	591
bcCXDA	621
bcAQHG	422
bcEYPZ	426
bcHTMO	461
bcHUSH	465
bcCDAW	300
bcBHVK	160
bcDUUU	467
bcFHLZ	369
bcDVLR	282
bcCVQN	328
bcBWNW	274
bcBZPP	229
bcHPPL	313
bcELWH	315
bcCWDV	217
bcAOPF	281
bcCGGD	289
bcBJPD	237
bcBWPN	247
bcAWBL	301
bcAZRR	316
bcCOWR	227
bcDOPW	292
bcAPCV	248
bcFHMM	261
bcDTKB	130
bcCGSR	266
bcFAME	243
bcHGVT	220
bcCEVL	231
bcFTWK	189
bcGPUU	202
bcCKJY	175
bcETYH	222
bcDWXD	219
bcHNKC	177
bcGFSP	203
bcCFHU	139
bcBFDH	238
bcDPSJ	230
bcCVTS	217
bcCCOX	200
bcEWSV	228
bcHVON	195
bcCPWS	206
bcDYCE	183
bcDMSS	210
bcAWLW	185
bcCNBL	140
bcCGAE	164
bcETAS	195
bcEHCC	134
bcDSQB	207
bcBAMD	180
bcBSKY	157
bcICPZ	182
bcEFIA	158
bcFPQQ	192
bcCPDM	186
bcBPYZ	192
bcGEAD	154
bcBJBO	179
bcBJII	155
bcFQZR	156
bcGESZ	160
bcHKDZ	157
bcDNZY	182
bcEURY	135
bcAGJC	171
bcCBUO	127
bcGMCP	155
bcHBHN	133
bcFMUB	174
bcFVUY	143
bcBVTN	178
bcBEVA	142
bcEMZP	183
bcGOBM	142
bcGYVE	125
bcFZQE	159
bcGCBI	133
bcGTVE	153
bcHERO	2277
bcEFZI	1639
bcCKKY	1635
bcESWG	1786
bcDRVK	1149
bcBXJE	1078
bcCCWC	1251
bcDQXY	1178
bcHFHJ	1132
bcICFD	923
bcFGVI	918
bcGXPF	820
bcFKXW	1151
bcHBJL	1263
bcDJPC	929
bcGGEA	731
bcDCOM	744
bcABFM	742
bcGROA	793
bcAKPR	710
bcHCKX	821
bcBORV	691
bcBPKM	601
bcFQNG	492
bcELYP	454
bcDXEU	657
bcAGUX	369
bcGIUB	457
bcBLVM	428
bcAVIA	496
bcBHWS	310
bcHDZD	314
bcEBKL	393
bcEMFQ	430
bcCHBG	330
bcFWDI	293
bcHUTQ	277
bcFMRB	365
bcDWRN	299
bcGTSB	346
bcHWHQ	210
bcEFGN	297
bcEGXR	327
bcCWXD	264
bcGPYW	276
bcHZZK	262
bcFYPD	230
bcBUEU	259
bcHZEU	241
bcDNJA	210
bcAOSV	251
bcHPQT	246
bcICND	252
bcEPTA	248
bcCPZC	231
bcCNAJ	200
bcFVMJ	200
bcCWHM	153
bcBIMY	251
bcFYQV	199
bcASHW	226
bcIGCO	195
bcAOWG	219
bcFNNW	209
bcCXUL	200
bcCGMX	181
bcBFDO	206
bcGEKQ	171
bcFKJW	176
bcAWDV	207
bcCFAZ	157
bcECPT	206
bcCRYE	178
bcAGVI	193
bcCGFO	178
bcFHKI	187
bcHVTV	153
bcBVJF	167
bcGKFS	170
bcAVDG	186
bcANRK	182
bcGHTX	208
bcDOOM	178
bcBIDC	200
bcDBEV	170
bcCGUY	169
bcEQTN	177
bcCWEO	109
bcIIGR	162
bcHJCW	144
bcEORL	171
bcBROL	177
bcFZOE	135
bcGCDU	159
bcEAYY	204
bcHJJW	166
bcCYAO	134
bcGDEY	156
bcIIAS	158
bcAOJZ	150
bcBEEZ	134
bcBUGD	132
bcEQQR	120
bcAHQC	150
bcDMOX	100
bcGZDB	137
bcBSIV	151
bcHDHY	1818
bcHNNT	1766
bcFLGP	1713
bcELRL	1316
bcFFBS	1350
bcCCGU	1236
bcIJCM	1155
bcFMXB	1291
bcDITA	935
bcHILU	1078
bcFTGB	971
bcDVHC	964
bcBUAF	862
bcFHWJ	846
bcFDYG	908
bcCKWH	913
bcHEEQ	789
bcHOWU	876
bcIBBD	676
bcDZNJ	736
bcCOVP	750
bcEJBU	606
bcCZLK	675
bcAPZV	215
bcAHMB	709
bcBAOI	397
bcEXEU	605
bcAEWQ	501
bcFSZN	385
bcFPPF	469
bcFQAY	454
bcBPGD	277
bcHSXI	307
bcALMD	380
bcBNSL	107
bcGTYR	312
bcEYQM	207
bcFHCO	287
bcBXTW	288
bcBACO	309
bcHQZR	280
bcALUS	284
bcCULX	284
bcAHHJ	276
bcIAOH	279
bcAMLW	254
bcGYJK	255
bcBLIG	224
bcDZTY	245
bcBRIA	261
bcBWTW	237
bcIITF	185
bcCYJQ	115
bcGFKC	213
bcCHRY	254
bcBIBK	188
bcCTCM	258
bcARJU	216
bcGAEI	173
bcGSIT	161
bcCRHR	217
bcEFXJ	201
bcGNVZ	123
bcACFY	209
bcGCOQ	267
bcFOGS	220
bcCMOJ	226
bcFRSV	194
bcFOUQ	217
bcAUFO	156
bcBJAU	199
bcCKTF	45
bcBXAA	189
bcBAQS	211
bcFIUK	164
bcIHQC	154
bcGLFD	171
bcHCBR	174
bcBISS	204
bcEVPS	212
bcEAFN	180
bcBTFT	147
bcAMKE	183
bcFIWB	188
bcFAJR	186
bcFDQA	157
bcEGKT	176
bcCCFT	171
bcCJUU	147
bcDXAP	158
bcAJJZ	150
bcBZBE	166
bcDWGK	99
bcFKPQ	145
bcGLFB	145
bcCWQG	182
bcDXEI	152
bcDWOP	158
bcANTM	175
bcAAUB	189
bcHZFD	139
bcCVXK	134
bcBMKR	148
bcCIGF	142
bcEUSW	147
bcDSRC	182
bcAKJO	161
bcBXEH	1992
bcGAQE	1371
bcGEAK	1517
bcFTJI	1474
bcATEY	1360
bcAHQE	1101
bcDWHV	1303
bcFSLE	1324
bcIBOJ	895
bcEGRU	1053
bcHJJV	1120
bcEFMJ	898
bcBBGH	1017
bcATLS	790
bcHTCO	962
bcIELV	1099
bcGHPO	782
bcGGYE	673
bcDQHE	722
bcIGER	768
bcFEWF	701
bcBHZQ	712
bcDQOK	705
bcAOCS	678
bcCBOP	556
bcHCIE	240
bcHLBS	491
bcGUSY	472
bcBWOI	320
bcFGNO	456
bcBNAJ	252
bcHJCU	147
bcIJAG	368
bcCRVA	334
bcHWSA	315
bcAMCZ	384
bcIHLM	333
bcGBZO	357
bcDQFP	289
bcETMB	98
bcEWKH	262
bcEXDS	299
bcEVLF	289
bcHFHT	264
bcBWSQ	227
bcFVOA	296
bcCCTW	208
bcCOYY	250
bcFHSY	218
bcAVBP	260
bcBWVY	204
bcCERN	249
bcHKJE	275
bcDGLU	256
bcDJIG	228
bcIAAU	228
bcAGJS	218
bcCKXI	178
bcIHEV	202
bcIHWG	203
bcIHHM	186
bcHTLN	195
bcBXVU	203
bcHPWB	258
bcFYRR	206
bcDGZV	248
bcBWUE	174
bcEHZC	213
bcHDVY	208
bcEIXA	179
bcDDEW	76
bcHTEE	217
bcGENL	180
bcFQWT	165
bcGMCS	194
bcHWDY	122
bcFSUG	185
bcGQYU	139
bcGPTS	209
bcHNPJ	199
bcCCXU	156
bcHWOJ	154
bcCWKZ	179
bcHMEF	174
bcEPZD	103
bcCSYU	190
bcBOUB	177
bcCAEW	178
bcEUYN	171
bcHTAZ	185
bcDNWF	137
bcCHYY	166
bcCBTQ	139
bcCKGV	136
bcCYYY	164
bcGOXK	152
bcGOTQ	184
bcFKRF	149
bcCEKX	154
bcDPGX	156
bcFQLM	163
bcDGOR	185
bcGOJS	162
bcIBGJ	159
bcBGFH	136
bcAFIM	85
bcGDNR	144
bcAOBI	1828
bcBOYA	2039
bcBWRG	1513
bcFZIU	1375
bcALWD	1287
bcEYWC	1000
bcDQFN	1120
bcABXA	1285
bcHRGZ	1293
bcFOTF	794
bcBITG	1082
bcBDCP	952
bcBBTX	1002
bcDYYX	1015
bcBYAR	910
bcATGY	642
bcFCAG	745
bcCTTT	697
bcHAHI	728
bcFWZV	720
bcEETQ	664
bcCUYS	641
bcATMN	665
bcFNKS	459
bcFNVI	669
bcEKSH	499
bcHMSJ	366
bcCECZ	401
bcBXHP	422
bcARWO	107
bcCNWC	302
bcEGSN	434
bcBPKP	246
bcAXWO	367
bcCGGM	235
bcCZRX	333
bcHDDW	289
bcGBDL	331
bcDDOE	264
bcACXU	295
bcARDG	310
bcCDUC	271
bcIBSB	242
bcIHXK	254
bcFJNO	297
bcASTB	271
bcGDBW	283
bcHEMY	305
bcHJWR	254
bcFNEK	266
bcHTKZ	251
bcCZFF	210
bcGAYX	238
bcGPHB	208
bcFJEW	261
bcAVDM	241
bcCADE	190
bcAUVD	225
bcGYVV	188
bcGESS	187
bcEZQW	214
bcGTPS	163
bcFPPN	232
bcBECQ	193
bcFUBR	202
bcBIAS	195
bcHBEQ	161
bcHLNC	198
bcCDHP	183
bcGVPE	189
bcDEHN	191
bcCBYR	159
bcALES	178
bcBECP	209
bcBZCA	182
bcBBWD	206
bcAKOT	183
bcETQJ	192
bcCVSC	181
bcDBFN	72
bcEWBF	181
bcBTJK	170
bcHICX	194
bcFBID	221
bcEAFL	171
bcGKXC	154
bcHYFA	171
bcFNJV	151
bcBSLA	171
bcBPNT	172
bcAXFN	169
bcBQZY	167
bcBYKQ	157
bcAGDN	162
bcAKKR	153
bcFBLK	180
bcEADN	178
bcENXL	156
bcBGKC	208
bcFSOK	144
bcEJUL	155
bcBBIJ	157
bcCCTU	173
bcGGOV	139
bcGTVX	154
bcEEVR	146
bcEZVM	124
