bcBYJG	10792
bcIHJO	2894
bcCMYE	2175
bcHIZB	1935
bcDXZO	1884
bcFFMQ	1620
bcICYW	1556
bcIJYF	1647
bcCVNN	1515
bcBCLI	1400
bcARGB	1359
bcBUSP	1600
bcIJVI	1257
bcGAGZ	1172
bcEMFL	1253
bcEYDH	1492
bcDBBD	940
bcCOLR	939
bcDPHI	1160
bcBAUK	855
bcFRDP	940
bcHKOK	879
bcGHBO	698
bcIDPF	693
bcDYQL	793
bcEKNO	535
bcEGZW	837
bcASTX	456
bcADHJ	481
bcECAY	579
bcAVMV	640
bcDDHV	476
bcEMPY	571
bcBZKA	460
bcCRHT	350
bcCGRK	428
bcBVKV	404
bcBNRX	450
bcAUTI	410
bcIEBJ	349
bcGQZM	351
bcCBFW	368
bcHEQW	312
bcGCBB	354
bcERKV	320
bcAGRG	315
bcGWQO	281
bcETGM	327
bcAMMK	312
bcDSIC	222
bcIIQG	255
bcGPTM	325
bcCGVM	309
bcAKNW	265
bcBAKR	280
bcBBWB	285
bcDWLT	259
bcDDPC	303
bcGVPR	297
bcFHRV	261
bcCDGL	238
bcFOTS	277
bcFKCT	253
bcIJYT	248
bcABLQ	210
bcGXNG	200
bcBSKQ	250
bcIGVP	222
bcHHDD	225
bcCJGD	229
bcFJRM	224
bcIERC	225
bcCOWF	183
bcFHCH	211
bcDATD	203
bcBXWL	238
bcARWN	211
bcFBXS	167
bcBQQX	196
bcFBUK	254
bcHSWN	234
bcCYYG	189
bcCUDY	253
bcAHFH	216
bcBVQW	199
bcFXRR	189
bcEUGF	202
bcAVJX	225
bcGXSQ	180
bcIHTG	183
bcCYQD	197
bcGSHR	197
bcEEQL	211
bcFBPD	193
bcFJVI	233
bcELEE	192
bcGFGU	153
bcFTTC	158
bcDVPT	173
bcBMAD	122
bcBMXK	185
bcBOUS	165
bcDQLQ	180
bcAWTT	179
bcCJRK	173
bcDXAN	143
bcCUJS	172
bcBKRI	161
bcCHHI	10525
bcCCJS	2840
bcGENJ	2085
bcBXGN	2481
bcDBVH	2117
bcBCIF	2508
bcIHBC	1680
bcBNXS	1648
bcCFAA	1492
bcATBZ	1241
bcAELL	1319
bcANEZ	1333
bcDZHJ	1371
bcAKGH	1390
bcGTAH	1317
bcGCDX	1067
bcAYQG	1175
bcBXPJ	931
bcCPBJ	1115
bcDOMG	1371
bcDSQE	931
bcBVKE	838
bcAGTN	835
bcEQTT	746
bcAKTT	818
bcHLYB	176
bcFOTD	722
bcFGTL	507
bcETII	523
bcCBDU	673
bcFLFF	609
bcCNNK	432
bcHEMI	510
bcHHZD	528
bcAYOB	490
bcGNPO	232
bcHHWP	447
bcCFLO	377
bcEWRV	418
bcDSZD	333
bcBAVV	270
bcEKTT	385
bcHMVG	303
bcDWXK	344
bcCISS	322
bcFHLS	327
bcEFJV	319
bcHCDP	329
bcBQGR	305
bcEIPS	308
bcDJYC	324
bcGGPR	300
bcBXVO	289
bcEYAY	317
bcCLEV	84
bcDJBV	240
bcBBXY	239
bcBMIA	251
bcANMF	277
bcGEOP	292
bcALJA	271
bcHZZI	267
bcHZLG	220
bcGMEK	273
bcGQNW	242
bcHLOG	197
bcFLRI	228
bcGKTJ	226
bcFODD	230
bcGOPO	213
bcGWSL	235
bcECKV	234
bcCTSB	240
bcECBA	220
bcEXCB	225
bcFYQR	223
bcHWOS	185
bcESES	224
bcHZSS	178
bcHQDH	244
bcIFVY	206
bcEGPW	247
bcGEBJ	198
bcGHLZ	195
bcAXGH	207
bcFODU	201
bcBGGU	209
bcCGRH	173
bcHNRL	165
bcFDOC	206
bcBJMN	203
bcBKBD	182
bcEEUF	184
bcAVVB	177
bcDAHR	197
bcFOSX	196
bcAYJY	90
bcHCXR	193
bcBTDJ	141
bcGPAY	192
bcAAFJ	203
bcCQVG	121
bcCJUG	183
bcCEDT	173
bcGKSZ	182
bcFLSO	150
bcBYRV	168
bcCMVG	191
bcGRBM	9089
bcDNJF	3094
bcBTGW	2342
bcICTJ	1870
bcCXZZ	1857
bcANNA	1849
bcIGKC	1433
bcHFEE	1558
bcAJZF	1634
bcAZLQ	1347
bcCUQH	1460
bcDYFZ	1194
bcFSFP	1527
bcDPAE	1437
bcBNKA	1144
bcBNPL	1386
bcCXPQ	1311
bcDETS	1009
bcGIPT	1091
bcAYDO	1048
bcDJQK	868
bcEYRB	674
bcCMKN	963
bcGQQE	750
bcEQSY	631
bcGART	759
bcFRYP	562
bcHUAE	627
bcGFSE	630
bcEBFU	592
bcFWLP	428
bcHEWO	523
bcBQLS	405
bcIFVR	178
bcBEIS	392
bcANMG	290
bcADWF	342
bcFWDS	323
bcCBXS	352
bcGOXG	211
bcHXRN	336
bcFVVP	354
bcAZHF	221
bcGSPO	358
bcDYKU	299
bcHEZU	185
bcAVVU	217
bcIIHD	317
bcERUA	291
bcDCUS	334
bcCONF	271
bcHMZR	310
bcGGOS	269
bcFKIV	306
bcEQLB	202
bcGRUT	308
bcFELV	282
bcCUIN	285
bcBTHK	269
bcCFWM	248
bcERVE	221
bcAHMX	299
bcCGBQ	242
bcCAPS	215
bcFUYM	248
bcBCDL	205
bcGMBK	318
bcBVMH	225
bcEFBV	250
bcFGLX	242
bcCGDE	217
bcHGMN	188
bcDRJT	240
bcCWPA	214
bcAQDZ	173
bcGIGS	102
bcGEKV	191
bcEDDY	207
bcEMSI	208
bcCBIC	216
bcCKVC	198
bcCANU	180
bcGAYS	184
bcCCBZ	236
bcEGIK	211
bcBDKB	228
bcDXXH	226
bcEGIM	224
bcCBJW	187
bcGHDM	121
bcFFRC	192
bcAMTW	95
bcBWRJ	133
bcDFIE	208
bcDETF	220
bcFWLD	189
bcHCDM	172
bcCVOW	134
bcCAEK	182
bcEJET	172
bcDKLS	172
bcDDBG	195
bcALTV	196
bcCZEW	158
bcAFRU	187
bcESPI	157
bcGOMD	167
bcBDJX	168
bcCAVB	8037
bcGNET	2421
bcGXYR	2370
bcHPAP	2005
bcHSNH	1835
bcFJRL	1705
bcFWCT	1310
bcHJGT	2485
bcAUVL	1584
bcAOIM	1328
bcFRPW	1652
bcFLCR	1543
bcHIVJ	1137
bcGPBA	1473
bcBMHN	1183
bcDIHU	1247
bcASHI	1038
bcCCRG	1058
bcFMLE	1069
bcDAIM	1061
bcHNBE	858
bcCAZE	787
bcDSPP	703
bcEYBU	1337
bcDJZE	633
bcHVDD	503
bcDSZO	810
bcBNZF	581
bcCNUE	450
bcFIMR	580
bcCKDP	567
bcGOQU	200
bcAXZN	467
bcBWFQ	366
bcEDHC	493
bcGJFD	225
bcCRGQ	416
bcBEIH	360
bcCOCP	389
bcDZMY	419
bcGTHQ	377
bcDURM	307
bcBFHE	412
bcIGJU	337
bcIISG	287
bcHHAI	261
bcIHHK	264
bcFLZF	277
bcBVPD	318
bcGRDE	304
bcHDHX	277
bcDXNK	284
bcFBFP	297
bcGLYB	325
bcDZOS	291
bcGZBL	243
bcGMTP	296
bcAFXD	270
bcEJSH	312
bcFHKA	248
bcGUDR	261
bcDQTO	235
bcBMLN	237
bcBCTN	262
bcFVQB	219
bcCPJP	238
bcGWLX	272
bcHEUN	240
bcBVUQ	281
bcCWBI	220
bcETAV	285
bcCADJ	238
bcFSGN	234
bcEVZX	245
bcCRQY	247
bcDOSB	229
bcCXEE	206
bcGAOD	209
bcHXUQ	243
bcCUTG	226
bcGBGY	215
bcDAYY	215
bcAXGL	163
bcEQTA	234
bcFOCZ	240
bcABJX	134
bcEHOB	236
bcBTFJ	133
bcDKWK	205
bcBXDG	193
bcDXJE	207
bcBTBG	193
bcAXDI	196
bcEIEF	152
bcFINN	182
bcDCAH	208
bcDHYG	208
bcGPDX	228
bcAGOB	178
bcGTJJ	204
bcHYUY	175
bcFRDU	185
bcCRXC	188
bcFXLY	129
bcGXMT	131
bcFPTM	179
bcBWWG	160
bcCZLJ	166
bcGAWM	9657
bcBVFQ	3225
bcCBLU	2326
bcDXOA	1894
bcDWKJ	1848
bcEMBG	2312
bcBRRL	1839
bcBOTZ	2035
bcBOHT	1546
bcBKDO	1454
bcDAGL	1351
bcBCOT	1406
bcDDFW	1182
bcFMDY	1320
bcADMC	1068
bcDMVN	1386
bcCEUZ	1174
bcAPKM	938
bcDYXB	1218
bcEQUF	925
bcDQXQ	914
bcEHNJ	730
bcGSWO	761
bcCFWI	559
bcABFO	717
bcHWAU	458
bcEDYT	204
bcEJDG	578
bcIDJA	560
bcABYD	391
bcEHGA	643
bcGVLF	562
bcAYVJ	483
bcIIWT	284
bcBICY	506
bcFHRN	446
bcHUQL	400
bcFTIB	419
bcGLLL	351
bcCJNI	411
bcDPRS	364
bcCDZD	362
bcBDKN	360
bcHMNY	118
bcGAAB	348
bcCSCP	348
bcGQVW	297
bcBNRI	325
bcDBKA	317
bcHTIB	284
bcHNVO	311
bcGZXS	299
bcCWAS	245
bcFVKS	229
bcCZEQ	300
bcARXS	286
bcBQMK	228
bcCAJH	250
bcGNTI	248
bcFKCP	243
bcAPPD	255
bcBYRF	253
bcAQUJ	171
bcHMXL	279
bcAYUN	260
bcHWYV	191
bcAOGN	235
bcAKVK	217
bcEBPC	284
bcEFRE	255
bcHGPJ	214
bcFIOS	227
bcCJVU	229
bcCDMV	234
bcBWMF	168
bcDNZC	258
bcBJWZ	261
bcBTTQ	226
bcAQMA	190
bcBTHP	183
bcAXBF	191
bcASBQ	210
bcFBWA	237
bcAYZG	191
bcHQJY	197
bcCIFV	175
bcHQPA	184
bcHYXI	200
bcBLJU	159
bcBXFJ	196
bcHOVR	183
bcBTSW	192
bcAQET	187
bcGDMC	195
bcDQVF	194
bcAVHD	176
bcHKQZ	178
bcFJAR	184
bcDUIU	212
bcCLPO	168
bcIDVV	119
bcEFSN	188
bcIFYY	161
bcDJFJ	162
bcAOGW	186
bcHRMT	175
bcBZWL	140
bcAJPY	132
bcHGGY	9334
bcGVEQ	4042
bcEESL	2322
bcIDJS	2392
bcAIIY	1837
bcGPMH	2402
bcDSPF	1955
bcCWFV	1336
bcFPWP	1473
bcCGFT	1421
bcEJZR	1157
bcBITN	1235
bcALDF	1332
bcACBV	2113
bcETMJ	1176
bcEDBS	1231
bcFNHF	1156
bcCYLM	1217
bcDLSK	879
bcDSRM	922
bcGVAL	845
bcFKAN	882
bcAXCH	893
bcBHXL	1070
bcBCYI	685
bcGICK	506
bcFGUO	629
bcGIHA	702
bcDPOH	620
bcCVDR	465
bcHFLK	452
bcCLKD	511
bcGXXN	313
bcBWLC	436
bcDUUI	472
bcHKYH	526
bcHYDH	420
bcBYND	364
bcDIUR	350
bcFDIM	337
bcCBLG	247
bcBQHI	288
bcCHMC	309
bcBIMV	368
bcAMDQ	350
bcCIDP	288
bcCRWX	343
bcASKP	313
bcBCYA	219
bcGYQH	286
bcGWRT	262
bcBFQP	293
bcCJZS	262
bcDCSZ	317
bcGZZN	297
bcCEUJ	284
bcENBF	307
bcEZHC	275
bcBRJP	265
bcDWVX	209
bcFVLY	262
bcCASJ	219
bcCCDI	233
bcFJTK	241
bcHMOF	235
bcHNZL	264
bcBEKL	221
bcHJII	241
bcBVQC	201
bcACCM	243
bcBJEH	151
bcIFFF	246
bcEBTQ	230
bcAMBM	250
bcCMYC	258
bcCACI	240
bcAAJC	255
bcCJBL	232
bcBINZ	233
bcHTQP	201
bcBQFD	196
bcFNGO	240
bcCMQR	134
bcFIPN	174
bcGRRK	140
bcDWTO	197
bcIBMW	155
bcDMTT	214
bcIAJD	192
bcHERA	187
bcDMUL	203
bcEHOK	193
bcDIKP	173
bcDVAR	208
bcIAJO	204
bcGVGL	167
bcDPLO	185
bcBYGW	197
bcCMHT	232
bcFGRT	194
bcFQYU	175
bcEHPX	211
bcGUHG	180
bcBKGB	189
bcEMVK	184
bcHMOY	175
bcIIHJ	155
bcAPCG	172
bcCXUT	8676
bcCULD	3138
bcARTX	2399
bcEKRB	1855
bcFETJ	2074
bcFTBA	1714
bcCUAO	1742
bcFKLS	1712
bcFRMH	1548
bcCNNI	1405
bcCLSS	1335
bcGQYQ	1176
bcBDBO	1283
bcEYKA	1143
bcBCVX	1204
bcFSWM	1166
bcADTZ	972
bcDKWE	1022
bcAFTQ	1031
bcCJLK	834
bcDGHM	921
bcBTTD	1142
bcHONI	821
bcCHKG	742
bcFGMB	538
bcDOAS	475
bcHOZE	717
bcAMVZ	614
bcFHOI	463
bcCMUN	624
bcCPSL	336
bcCTQM	542
bcFBOQ	528
bcFPVI	482
bcANHC	464
bcHSJB	391
bcCNNZ	341
bcHLNJ	404
bcFDPC	381
bcHHPQ	191
bcBZVP	432
bcAZDR	329
bcACWM	372
bcCGCV	351
bcGFUR	316
bcETDF	325
bcCHFW	306
bcFLGO	329
bcCGGP	282
bcHVEU	271
bcCNCW	257
bcGUMD	349
bcAWPN	316
bcGYRD	271
bcHVFY	260
bcIAOY	315
bcHWBL	240
bcAJDW	288
bcHWOM	261
bcBEKE	250
bcHMTO	286
bcFHDZ	146
bcHOTB	242
bcBZXY	258
bcGIUI	240
bcHWGP	190
bcDIHF	230
bcIEYT	242
bcFVJT	229
bcEMKR	253
bcDYCJ	207
bcDFHY	248
bcCFDX	199
bcEXTL	321
bcFJNQ	236
bcFMVV	201
bcGFZW	198
bcCTHV	215
bcICJU	190
bcDBQP	273
bcFQBH	226
bcBLYB	201
bcAKWF	196
bcHUTA	223
bcGACF	195
bcFLSE	165
bcANJB	198
bcAYVG	194
bcBCFH	151
bcFRSJ	221
bcCGHA	155
bcBNFI	199
bcEWMK	210
bcBVTG	189
bcFYUH	192
bcDAAS	204
bcEZYE	197
bcGIYW	168
bcDSJW	206
bcBQVA	189
bcAICW	168
bcCJSN	169
bcGUDB	186
bcGKLX	194
bcDMRD	186
bcHPOW	151
bcBUXN	168
bcDQIQ	175
bcFVRM	6491
bcGRXI	2781
bcFRKD	3104
bcGJDU	1976
bcDAIA	2036
bcAAYM	2098
bcDIOO	1613
bcAXDP	2793
bcEIYV	1288
bcBZDX	1323
bcHJOC	1259
bcDBYM	1411
bcEHJD	1073
bcCMYR	1333
bcGTVW	1034
bcFFYJ	1049
bcFAHC	1080
bcDMIW	1184
bcENNO	1018
bcDAFC	1047
bcFCMA	813
bcFAUZ	897
bcIFER	816
bcCOFE	705
bcEQGW	837
bcGAFP	579
bcDCCC	713
bcCCGA	426
bcBTUH	702
bcAOOM	388
bcBNCN	453
bcBKZD	374
bcHGES	479
bcBKPB	503
bcAPVC	479
bcHKNW	440
bcBBHX	419
bcCAVQ	435
bcCQHV	301
bcCCEB	367
bcBTUY	376
bcBHSW	303
bcDMXK	419
bcBBGS	385
bcCGOE	319
bcAELS	305
bcCEKU	309
bcFXBM	216
bcFNCR	245
bcCLAO	303
bcASCU	285
bcCMNG	356
bcEAQD	290
bcCUVN	298
bcAGDY	266
bcGXRV	237
bcHAEK	295
bcFFHH	243
bcICJJ	247
bcGYZO	259
bcDYYQ	273
bcELJE	260
bcBPSO	238
bcDZKS	283
bcDPMC	250
bcFTQV	141
bcEVJZ	240
bcCNSJ	200
bcDQMF	240
bcCIBT	209
bcHSWH	195
bcCZVX	230
bcGELK	136
bcIILL	192
bcHWAC	183
bcBFAC	187
bcACDA	217
bcAKBJ	201
bcCEKL	202
bcDVMF	242
bcEFKZ	201
bcCBGW	204
bcGVSZ	192
bcAVKV	230
bcGKDB	193
bcEEZS	195
bcGIDL	220
bcFRLP	198
bcCJAS	178
bcHROH	169
bcDQTA	214
bcFYYR	197
bcIJHI	177
bcEXAD	166
bcGUAM	188
bcHDIX	176
bcAORF	185
bcCLTQ	193
bcIIIO	169
bcCUQR	177
bcHJZT	168
bcANQQ	161
bcCKYM	140
bcGKHT	168
bcHFNY	197
bcAHFA	158
bcBYOA	156
bcCQQA	159
bcEYNO	4045
bcCIXZ	2466
bcFVRN	2105
bcGZZS	2242
bcBVBR	2866
bcFFCL	2315
bcBALK	1540
bcFZEW	1274
bcGGFR	1328
bcHRNM	1449
bcHZEF	1275
bcIGSX	1447
bcGKIG	1620
bcBKDU	1371
bcFXHQ	1045
bcDXRV	1189
bcIAGM	924
bcCKOJ	1329
bcAWMQ	1175
bcCBTP	948
bcCVPO	799
bcBNRH	883
bcCUIB	741
bcBMJG	967
bcEWMJ	966
bcHUQO	915
bcHLJV	639
bcEYSP	574
bcHETD	595
bcGUWN	635
bcEIQA	486
bcCHHV	560
bcHFIU	495
bcBQMR	150
bcFTJA	437
bcAXCA	356
bcFHJE	391
bcCXEA	398
bcHOQW	372
bcGGFE	346
bcHVWI	358
bcBTOK	372
bcAZXX	209
bcDULJ	368
bcEMWF	385
bcALFM	318
bcCWIU	278
bcCNVS	359
bcGYJU	321
bcACWZ	312
bcBWKF	240
bcBDAQ	308
bcDZYW	329
bcCHUI	275
bcBCND	284
bcFDJJ	275
bcAMCH	277
bcGVAV	185
bcCZSE	228
bcHSQD	273
bcGYHU	211
bcERFD	252
bcHLNE	263
bcAQED	123
bcGBEZ	230
bcGWSZ	240
bcCTXL	254
bcHHPR	264
bcDNEF	232
bcHUEI	253
bcBWVA	133
bcBIAY	175
bcBLAR	210
bcGMPB	221
bcAVMX	222
bcCKMF	176
bcGGZP	220
bcBCXN	174
bcEHQR	223
bcIIIH	197
bcBEDA	219
bcHZDU	171
bcGBFW	219
bcDAYR	212
bcEKII	157
bcGTWA	184
bcAMWM	203
bcGPUE	199
bcBQSL	204
bcHKNT	180
bcAVEZ	203
bcBQMS	130
bcBKMU	215
bcAZQH	218
bcEBAI	209
bcBORT	208
bcBUNW	159
bcAHIY	170
bcFADZ	91
bcHINC	197
bcHDPV	163
bcBYUH	158
bcABRN	189
bcGTZL	172
bcAMIN	157
bcCWUQ	160
bcAMIS	153
bcAPQY	157
bcHWBO	6758
bcBNUG	4622
bcCUTM	2757
bcFURH	3143
bcAOBY	2238
bcEKKK	1597
bcHSND	1552
bcCRHX	1808
bcIAAK	1484
bcBCBK	1367
bcAOFV	1314
bcBLMZ	1364
bcDGZW	1453
bcBWFK	1169
bcAVKU	1066
bcDQRG	1029
bcBBNG	829
bcHSBK	1025
bcBRGI	845
bcHPYB	1059
bcEKWD	1016
bcIHBH	921
bcEHJC	1365
bcEIDJ	761
bcHRQQ	755
bcHCMK	910
bcCBBH	723
bcEAFW	509
bcGNFJ	600
bcCJYC	532
bcHHMQ	603
bcIHER	393
bcBXWU	445
bcHWPX	449
bcGZXQ	392
bcBZHU	364
bcAORZ	462
bcHOPJ	311
bcACQZ	367
bcBTVA	381
bcFXFT	389
bcDWKH	379
bcBXVD	328
bcCOOQ	339
bcHWQE	308
bcAUHK	318
bcDSXK	283
bcHKDX	323
bcBVGR	322
bcHYXA	311
bcGFFI	309
bcGAAF	240
bcGLOE	301
bcCNVP	139
bcIIBV	280
bcCVYG	189
bcFMGF	200
bcHURP	209
bcCWFN	234
bcDUCA	272
bcCVSR	226
bcGHHF	245
bcGSYE	247
bcAWNL	254
bcDHBF	308
bcADLN	287
bcFGCZ	255
bcDVVE	248
bcCWUW	206
bcAUPE	208
bcCQSF	293
bcGWLO	260
bcBGVA	253
bcCQBE	226
bcDKVT	217
bcAMVO	196
bcDBIC	241
bcDPBB	211
bcFGDM	229
bcGCAD	224
bcBLIL	190
bcBFUI	211
bcHCWB	200
bcCEQY	186
bcCAKH	181
bcBBAG	201
bcETWL	222
bcDFJQ	197
bcEQTO	205
bcBVUY	207
bcBFBM	208
bcIFTR	166
bcAFLD	190
bcCELE	176
bcAVMB	202
bcEBXG	156
bcCGDW	179
bcDZLR	195
bcAUWA	203
bcHJUH	160
bcDFDL	189
bcFEFO	224
bcGYXC	105
bcGBSR	160
bcCPVF	173
bcEVFE	189
bcFHSX	161
bcFUXW	165
bcABLF	6167
bcEYYB	2570
bcGXWI	1912
bcIAOE	2526
bcHTPJ	2074
bcCXOQ	1700
bcGYRR	1528
bcHIXY	1672
bcGVUK	1231
bcCKFT	1255
bcAGXX	1535
bcEJZY	1225
bcGRHX	1262
bcGIMB	1254
bcDZIF	1635
bcFMXM	983
bcIHGC	1117
bcHHTE	1165
bcGQFS	1034
bcGPLT	915
bcEXVZ	869
bcFDIW	904
bcBFTX	766
bcGSMS	658
bcBZCI	635
bcDGMP	1034
bcCHYM	482
bcFNEW	732
bcDZSP	425
bcCNDO	679
bcHDSO	594
bcHWVW	362
bcDZWC	434
bcCNQN	380
bcCGDZ	407
bcGPYT	434
bcHLQU	221
bcBZAB	405
bcCBBR	392
bcIIKG	331
bcEZLB	394
bcAKZR	395
bcFEAS	295
bcHUNS	354
bcATYM	328
bcGNDJ	352
bcAOBG	343
bcAUWS	280
bcEOPR	300
bcBLCQ	303
bcEJKK	298
bcBKZS	283
bcFXND	255
bcBOEJ	302
bcBVHM	302
bcHLGX	265
bcBBIC	280
bcHTPZ	197
bcEEXW	292
bcBRQE	238
bcETWQ	242
bcHINN	292
bcHGNO	256
bcBQWB	245
bcAJUH	284
bcFJKG	232
bcHVRR	231
bcFZVS	228
bcIBJI	230
bcGVRY	192
bcCMCU	251
bcDZHW	249
bcGMML	236
bcAHXO	225
bcAHCG	195
bcBSMY	218
bcDOWD	210
bcELDH	215
bcFMMJ	130
bcCQMB	214
bcCYLO	222
bcHSCD	184
bcGBDI	238
bcDXQE	235
bcCVXT	177
bcFMZI	231
bcAUWV	185
bcGTEZ	217
bcEETC	156
bcDWNF	159
bcBXVX	208
bcHUKA	226
bcBYBI	177
bcHVFL	188
bcDFBZ	199
bcDOLS	205
bcCZBD	196
bcBJTI	138
bcCIUK	177
bcCFVM	156
bcAYAA	172
bcCZVU	171
bcCNWT	162
bcGAHI	173
bcEZVP	203
bcAYTU	146
bcAZOK	182
bcEWQE	211
bcHVTG	5048
bcBNBQ	2881
bcFORM	2433
bcBUAS	2468
bcGETE	1661
bcBUWX	1712
bcFBNY	1522
bcGXUM	1347
bcEYDX	1620
bcCHRN	1410
bcBIKZ	1481
bcHJEJ	1281
bcFCRA	1352
bcHKHO	1267
bcCOUQ	1168
bcCTYJ	1252
bcIEUL	1060
bcELKP	1007
bcBKCE	973
bcAXRH	1030
bcHYYN	894
bcFLFJ	865
bcFHTC	575
bcBFTK	896
bcHHOY	759
bcBFXA	924
bcEITM	747
bcHVTM	649
bcAENN	514
bcBWVD	503
bcCVYO	458
bcDZQZ	443
bcCYRZ	561
bcBGDV	518
bcHWXN	405
bcEVIL	474
bcAFQB	412
bcHGJK	420
bcBWGR	360
bcAQKO	372
bcHUMH	304
bcHIMW	433
bcHPWY	329
bcBYRB	320
bcGFGL	299
bcGQZL	311
bcIJLK	341
bcHVDP	292
bcDESP	360
bcDREQ	313
bcHVGN	286
bcGRZU	330
bcHERQ	263
bcCIEA	311
bcARKU	282
bcHDFC	312
bcDCIQ	263
bcEUGN	303
bcIENL	242
bcFPXO	169
bcADCU	202
bcECJO	264
bcFPYA	256
bcHZRD	218
bcIABT	222
bcEHLI	258
bcADKD	252
bcFEES	252
bcCKHP	205
bcEEHZ	253
bcDYHO	257
bcDUVB	242
bcIIVG	124
bcCUHA	239
bcGEBV	177
bcERMB	220
bcBWLM	179
bcCNEY	199
bcBJMR	149
bcEDWF	221
bcGHZF	216
bcFWFC	159
bcHZFW	211
bcBCRS	190
bcGVKV	183
bcBPXV	144
bcDOMB	224
bcBQPO	162
bcEBUA	192
bcIGLC	121
bcCSXS	176
bcBJFN	192
bcAJWH	234
bcADDH	197
bcCUAS	186
bcGVNZ	158
bcAHQY	195
bcEWQT	193
bcCJYP	192
bcDWNB	122
bcFUVM	200
bcEXBH	188
bcENTP	214
bcAUYS	210
bcHQDA	193
bcBJJT	176
bcDAQL	177
bcEAVO	144
bcEEJD	6292
bcGGGQ	2688
bcCFOF	3429
bcGEZM	2130
bcBNNE	1649
bcDCLP	1717
bcCKOD	2038
bcECUS	1608
bcGSOQ	1523
bcFQCH	1281
bcHKND	1331
bcDRIT	1344
bcHPCF	1257
bcGWQY	1034
bcEPBJ	1549
bcDEXD	1443
bcDXRF	892
bcFSBL	1069
bcGQUN	917
bcENNS	1110
bcEMIJ	1050
bcDYLE	814
bcFINC	723
bcATGE	604
bcHKAD	778
bcDWFT	851
bcFYXJ	838
bcFZQW	740
bcCHWA	462
bcHGWU	546
bcCZVB	502
bcHCXK	596
bcBRML	420
bcENHU	493
bcCZMB	499
bcCRUM	413
bcFSQD	411
bcHRRC	270
bcBUCV	409
bcAFQH	316
bcHOVZ	385
bcCLLN	349
bcDUCK	384
bcEODV	377
bcHXTI	375
bcGIAO	326
bcDYSH	220
bcBKIJ	333
bcALXI	291
bcHFTK	302
bcIIOZ	255
bcDFJA	137
bcCPZF	305
bcDZXE	316
bcGKBJ	317
bcBVQQ	257
bcALCP	265
bcBXTL	306
bcFLEI	285
bcDPKH	254
bcEPEP	290
bcEONJ	288
bcFOUA	268
bcFXGZ	233
bcGQHR	259
bcIJGQ	244
bcHTFS	244
bcEKBA	200
bcBCDQ	266
bcHAHJ	191
bcHFSV	193
bcHGTY	225
bcCFRU	214
bcGHHG	195
bcCQGA	255
bcBUCT	241
bcHFEU	210
bcGRRG	224
bcAKET	189
bcBYKL	200
bcGWSE	187
bcHCAB	214
bcHSAI	224
bcFGKI	215
bcESFT	231
bcFJYY	216
bcBVTM	199
bcFIDU	185
bcAEMH	192
bcBVCD	212
bcGJZI	223
bcEFHG	217
bcFUJN	234
bcCNFB	181
bcFLYQ	160
bcDWGZ	185
bcDEBP	182
bcGXTE	143
bcFEJH	171
bcBKGD	179
bcFUTH	197
bcABQP	184
bcCPGK	181
bcDWPC	160
bcEFJT	115
bcBIYV	196
bcHSKT	178
bcAJXI	185
bcHUPY	4008
bcCDEG	2441
bcGACS	2523
bcECKT	3301
bcGDKN	1915
bcBANL	1730
bcFSTL	1550
bcBLQN	1248
bcDFRP	1673
bcEHPZ	1427
bcAVHX	1132
bcCUJF	1274
bcFNBL	1385
bcCMCB	1188
bcDZST	1319
bcCAJK	974
bcGVQZ	960
bcFCJF	965
bcGAVN	1053
bcCUON	1640
bcCTKX	856
bcEGPY	864
bcANMX	875
bcAKPO	725
bcAVJA	675
bcCNRD	865
bcBLKA	375
bcCVQB	236
bcFLBC	446
bcDBEW	662
bcBGOL	593
bcEPKX	637
bcFGDK	471
bcFDFK	282
bcHUPC	424
bcAFSQ	421
bcFPLD	265
bcGZWS	389
bcCJKZ	387
bcBUQG	420
bcIIJR	399
bcFEBX	276
bcHUIA	386
bcDGXM	269
bcGLIC	354
bcHEOR	128
bcESCD	347
bcGAYI	339
bcIFAF	329
bcHJIJ	283
bcBOAJ	202
bcIFQN	266
bcDGIU	269
bcGZBJ	265
bcGFIV	279
bcDIUP	248
bcGOGX	275
bcATWH	295
bcHPRM	273
bcEGRF	272
bcCOET	259
bcCTRK	262
bcFIOB	252
bcDEUR	231
bcHYAV	209
bcGBUU	226
bcFFAX	243
bcCAAW	232
bcEKBO	230
bcEIVO	227
bcDOEE	213
bcBZMT	218
bcGGYV	196
bcFMOD	210
bcCLKI	235
bcHNFT	206
bcBBGL	258
bcFXDO	194
bcDEKA	244
bcEGBN	197
bcCCOF	177
bcFGEE	236
bcFIIY	167
bcHBBU	206
bcFLPY	209
bcIAFC	197
bcDBTQ	235
bcIIZR	138
bcBOHI	198
bcCQXY	188
bcHHPW	183
bcDFYW	181
bcCZRJ	173
bcEORV	175
bcDEYL	193
bcDMBH	164
bcBEDR	196
bcCPHZ	164
bcEWDH	218
bcBZPQ	174
bcGLEF	159
bcGQLT	195
bcHBLJ	151
bcCOGW	105
bcDWUV	142
bcCBTM	164
bcDRCW	152
bcCVLR	186
bcHDGD	5194
bcGYHA	2801
bcAJRY	3130
bcHBTW	2462
bcDNHJ	1699
bcGDXV	1858
bcGCLO	1512
bcBOHM	860
bcCXRO	1839
bcGKLL	1445
bcIBIO	1199
bcDIJU	1424
bcCOGX	1223
bcBSVN	1348
bcCRJK	1034
bcFLGT	1135
bcEIEN	200
bcCJSZ	1059
bcCDAI	925
bcEJAP	1082
bcHGYE	853
bcHOBN	957
bcEVQR	767
bcABDP	778
bcDBEC	753
bcAHQG	983
bcDCCO	747
bcAHHD	481
bcFSUW	433
bcCKTP	534
bcCKFX	439
bcCRNC	528
bcIIVY	446
bcIBYK	473
bcEJLW	441
bcDQPL	425
bcBFZQ	452
bcIIAQ	394
bcBCQQ	266
bcCDDL	311
bcEFII	279
bcFZOG	315
bcCZQM	277
bcBWPH	277
bcEISR	341
bcFEUC	395
bcAGFU	179
bcHNRH	314
bcGJSX	281
bcCBZK	325
bcBSVA	336
bcBQZB	288
bcFPWW	337
bcEQBN	270
bcIAXB	307
bcELAG	238
bcEYUR	245
bcAHDB	310
bcHYDK	255
bcGXYL	227
bcDRFR	265
bcBTXH	253
bcFEHS	241
bcCDGX	247
bcHDNR	219
bcIGDE	203
bcBYEP	226
bcGFII	222
bcFBNV	237
bcBJXC	208
bcGNMK	261
bcBNBE	238
bcCHSG	220
bcADKK	241
bcIFXU	172
bcAYNJ	230
bcGPUV	120
bcBEFJ	204
bcIGVJ	169
bcGXRS	195
bcGRYX	162
bcHPMR	189
bcGPUI	221
bcAKOX	242
bcEWEU	265
bcBLED	132
bcGNMP	230
bcGGTJ	172
bcFQXW	204
bcACDZ	143
bcCILP	192
bcDBGJ	173
bcFBIH	205
bcGWUY	187
bcAWMX	189
bcHDSN	176
bcFGCC	226
bcHEPC	160
bcGONG	178
bcCSLH	139
bcGHWZ	166
bcCALD	190
bcCBKC	168
bcDOVK	118
bcDDBL	179
bcCOTA	134
bcCUTO	160
bcBCAH	165
bcFBGH	3646
bcAKBM	4373
bcDJYJ	2536
bcFKTK	3666
bcIENX	1656
bcCBRD	1709
bcCPVQ	2045
bcCTKZ	1765
bcADRC	1657
bcBIXP	1320
bcGZUU	1374
bcFALC	2153
bcAWTX	1135
bcFGDT	1249
bcGYIU	1044
bcGHIB	1177
bcICSK	1023
bcGHZG	1141
bcCPLA	832
bcHOUY	1312
bcEOBT	879
bcFIQR	829
bcIKAB	730
bcEYLW	702
bcAZXR	603
bcAQGX	554
bcCGDB	523
bcGJPT	648
bcAGBA	501
bcCMBT	470
bcEYYG	564
bcAIPM	414
bcFTPM	419
bcHLIO	407
bcDSYR	471
bcDYXZ	292
bcAPWD	322
bcFFUS	469
bcFBPN	415
bcDTIK	359
bcHWZJ	316
bcCEEJ	323
bcGMKV	361
bcCXYL	332
bcCKST	142
bcGYNG	369
bcBWAX	297
bcAPIV	296
bcCDSV	293
bcDOAN	311
bcGSGM	310
bcAAJH	322
bcDNFA	310
bcFSXI	283
bcAFRG	304
bcCRDY	269
bcFXSN	248
bcBMLE	184
bcBLMS	233
bcHLIU	242
bcHCVC	281
bcCBJC	253
bcIFRL	239
bcBPPA	264
bcHPJB	234
bcBCWU	225
bcERNF	217
bcGKDT	261
bcDBLN	258
bcBENG	238
bcDLCO	255
bcGQAM	216
bcFZDF	227
bcDABI	258
bcEUAD	222
bcAJDY	225
bcFKXY	14
bcHBVL	215
bcBYIC	196
bcHRGP	229
bcHKUI	155
bcDUOI	230
bcALEC	212
bcDBPQ	235
bcCDLN	222
bcGAPW	178
bcGAYZ	192
bcHZAM	120
bcHLRJ	179
bcCCEL	201
bcGWYD	206
bcBLIR	155
bcGNTP	171
bcCOOV	180
bcCHST	200
bcCNID	140
bcHDMF	153
bcCJRV	196
bcFVIY	150
bcFXVA	156
bcHCUC	208
bcCZUM	165
bcFNEN	207
bcGEDJ	145
bcBKCV	159
bcBTHH	185
bcCXXL	195
bcDUEC	159
bcEIRD	4068
bcBNYZ	2899
bcCVQU	1930
bcECMF	1986
bcHWLD	1693
bcCJAQ	1410
bcEUCW	3210
bcCDZU	1638
bcABSX	1628
bcBFPU	1398
bcAZJI	1565
bcBDHG	1523
bcIFZD	1440
bcCPWC	1124
bcHCHO	1288
bcFHNT	987
bcFVZU	867
bcFDMB	1268
bcHPVE	876
bcBXZH	912
bcBPWX	955
bcFHWN	984
bcDHCX	776
bcGDRD	612
bcHPNA	670
bcBXCH	569
bcBTAA	761
bcBFEZ	698
bcAZAP	581
bcEWMT	639
bcBRPC	472
bcDQQR	627
bcBSXM	503
bcHOLJ	510
bcDWCJ	468
bcHLYY	255
bcCKQE	404
bcDVBS	427
bcCXEY	304
bcCOZR	240
bcBTDO	380
bcEYXX	370
bcGEOF	329
bcCBUS	330
bcFXFQ	344
bcFZJM	304
bcHLMY	344
bcDQSV	320
bcAAOF	366
bcBPXN	324
bcHIZF	193
bcHMIV	298
bcFRXX	317
bcAGCH	284
bcAERN	303
bcHEFM	256
bcFMBS	283
bcCBFQ	253
bcBQZU	232
bcCHKV	253
bcGTZJ	7
bcBVBF	220
bcAMKQ	289
bcHWZO	223
bcAPLY	245
bcCXHS	197
bcHGAE	261
bcGLAS	236
bcHJGC	192
bcGMKI	213
bcHRDB	254
bcHIVH	246
bcABJT	229
bcIFPM	219
bcCSEN	207
bcGBET	200
bcFBBA	200
bcIABE	204
bcBLAB	193
bcHWPW	201
bcAZMH	196
bcGBEC	210
bcEBUI	237
bcAUVG	240
bcAVGO	209
bcAYEZ	179
bcHBKN	196
bcCIXF	202
bcAXRT	210
bcCMGB	233
bcGALP	171
bcEFAF	183
bcHAHP	182
bcDWKN	145
bcBXMQ	174
bcGBEK	164
bcBFKP	198
bcAZRL	220
bcHKFI	198
bcDEIB	174
bcHAGT	161
bcHHBB	109
bcCRCJ	159
bcGUJX	166
bcBCIK	183
bcFOPV	150
bcGNQB	157
bcFGTF	6043
bcFGOR	3669
bcFVSM	2025
bcBZEB	1722
bcDGHN	1622
bcHZGB	1566
bcCPRL	1451
bcCVFM	1355
bcBAWD	1430
bcGAYJ	1267
bcGXZY	1148
bcAGVZ	1194
bcFFFC	1348
bcCANE	997
bcDSUR	1194
bcHBDE	1124
bcGXXG	986
bcCCDV	919
bcDDMG	870
bcFTAP	865
bcGPCI	1301
bcFPIZ	753
bcHPPF	696
bcCMXW	659
bcAVNG	707
bcAAUO	738
bcBERG	659
bcAAUJ	547
bcIFUK	627
bcHAWF	556
bcFBOK	518
bcEIFM	361
bcGTEL	486
bcFMBI	438
bcCOYR	463
bcCNNV	461
bcHAAS	248
bcAKMY	475
bcGUHE	417
bcDQMX	442
bcFDRR	372
bcCAHG	389
bcAWNJ	335
bcHVNG	358
bcBKJS	399
bcAECN	300
bcAHMQ	357
bcFUVY	235
bcAVXM	344
bcBUKC	293
bcBVQH	290
bcCAPF	272
bcBMJS	274
bcGSDC	288
bcGLDT	280
bcHZYI	294
bcCIFZ	287
bcCKLI	204
bcEVAE	292
bcHDGU	299
bcFKSF	247
bcGMQW	253
bcGEFS	242
bcBVXU	222
bcDONH	266
bcBWQW	184
bcAUNV	262
bcBREV	267
bcCICG	228
bcHOJP	200
bcBYMM	206
bcDUBG	249
bcFVGV	173
bcGENH	194
bcGKWC	167
bcFFNN	220
bcDUTL	223
bcFRQP	174
bcECWF	210
bcDIKX	220
bcHJCF	194
bcGWUO	168
bcAMYO	184
bcCTYV	198
bcHELS	198
bcAXWI	209
bcAJBN	209
bcAFCK	226
bcEFNJ	4
bcCDBI	173
bcAEYM	239
bcBMPM	171
bcEYTU	151
bcBAGB	215
bcCJXL	175
bcCQWU	103
bcHAGH	153
bcBGYD	197
bcGDML	189
bcHWFI	155
bcDNGD	193
bcBVYF	166
bcBUTO	188
bcBBGC	180
bcBTNC	165
bcGSVG	181
bcAYKH	166
bcDRAO	5619
bcICUW	4062
bcGVFT	3079
bcDZOT	2589
bcCRJV	2022
bcFKXV	2398
bcDYCQ	1979
bcFMLB	1809
bcIHCT	1332
bcEJQY	1189
bcCYMB	1459
bcCNQG	1234
bcCDQQ	1356
bcGLSS	1274
bcCJOO	1294
bcFMGJ	1243
bcCNSP	946
bcCSTO	989
bcHRWO	1432
bcAILD	1010
bcCVBG	987
bcABLU	1064
bcDAHW	791
bcDSOI	1204
bcHVKH	634
bcCEHO	913
bcBWQQ	600
bcFDVB	719
bcBNKZ	612
bcALVK	602
bcBQDU	389
bcFXKR	504
bcCZEJ	541
bcAUJS	447
bcGEIY	403
bcHZOP	395
bcENGK	427
bcBLFG	389
bcHEXD	455
bcFHKO	381
bcEHZU	207
bcGMLI	317
bcDFMK	366
bcDZCM	388
bcCXNH	314
bcDYJT	338
bcCPLI	355
bcGGHI	269
bcCRQC	343
bcEHPC	228
bcFANS	331
bcHZAQ	200
bcCUKQ	286
bcAPVZ	299
bcBVYU	258
bcACKF	291
bcHJEV	123
bcHHFC	288
bcAECF	286
bcEGWT	309
bcGSKM	295
bcEOSC	270
bcFJQG	235
bcBLKD	228
bcAXOO	212
bcHDQV	209
bcEMAJ	272
bcCCIP	223
bcEMHN	272
bcCLIX	216
bcFWTN	181
bcHBTR	207
bcFBFR	221
bcFMOA	238
bcENKI	235
bcGDCS	250
bcCYLI	250
bcDBNN	220
bcCXUU	200
bcGXOV	186
bcHYFZ	223
bcBFTM	225
bcCTLV	162
bcEDIB	186
bcCRGJ	201
bcHJHG	186
bcAOLF	189
bcGVBL	168
bcDDNZ	199
bcEQCE	186
bcFNRN	166
bcAHMY	224
bcADGV	197
bcARXO	204
bcCBCR	218
bcGLAL	183
bcIFLN	159
bcCNPE	158
bcAEQT	140
bcAGAJ	198
bcCSFM	179
bcDNLW	206
bcDFXP	173
bcEPFI	195
bcERQF	213
bcCEOU	160
bcBADB	166
bcCWTE	5369
bcCLFC	2426
bcGWUT	1980
bcAWWO	1856
bcIDUP	2167
bcEBRA	1997
bcEFXV	1550
bcHVZM	1622
bcCJBJ	1374
bcBMRT	1366
bcABYC	1392
bcDIEY	1596
bcEITP	1240
bcBBEP	1382
bcELUC	1082
bcCOLT	1377
bcFSYY	1313
bcFBHM	1033
bcAWOG	1051
bcESWC	897
bcAOOI	800
bcEIRJ	924
bcEOFB	780
bcDHHF	798
bcBDVQ	554
bcAOGH	747
bcBCUR	477
bcFQTB	621
bcBIRF	613
bcCLMZ	557
bcFNAH	575
bcIHXE	492
bcHWYP	319
bcDQDQ	500
bcHDEL	426
bcHIDA	487
bcADTK	464
bcIIGQ	405
bcHWWW	313
bcFTQJ	339
bcEWMF	419
bcHLNH	368
bcGQGC	401
bcDWIS	328
bcHOZJ	226
bcCUTL	281
bcEQYX	347
bcGBVU	359
bcDAKH	359
bcDMDM	221
bcAITE	306
bcAOFR	288
bcENFC	347
bcANFB	289
bcCOAA	324
bcAOIE	292
bcDFYH	270
bcHUTD	236
bcAYGU	233
bcBWRW	210
bcDKJQ	314
bcFSTC	250
bcBZJI	212
bcCYJI	243
bcDDKK	250
bcFCUB	248
bcDSWK	255
bcAROT	218
bcAFIQ	229
bcEBHY	277
bcDNOI	259
bcIJXN	204
bcFRNX	232
bcCAWG	239
bcFITM	236
bcDDHW	230
bcFCDP	287
bcBPYP	262
bcEVXA	249
bcFTUO	180
bcFJZT	104
bcGPZD	229
bcAGGM	232
bcAVKP	216
bcCGZR	202
bcBUOX	190
bcAXNE	210
bcAIPE	199
bcEHLB	202
bcHPMV	200
bcCSIU	178
bcFLBE	196
bcCKUS	135
bcGIDN	176
bcAYKI	153
bcGZYM	204
bcADNM	204
bcGULA	172
bcFJHN	186
bcFFFZ	189
bcHZHH	163
bcIHCY	168
bcAUCY	171
bcCBEU	176
bcEIGL	166
bcEVLT	164
bcDMTI	177
bcFTBO	5982
bcCKQB	3401
bcGPWT	2044
bcEUDF	2028
bcGJZF	1781
bcCOZX	1624
bcAZSX	1712
bcGNVE	1332
bcGCMD	1512
bcFSLJ	1295
bcDWFV	289
bcCSEL	1297
bcCCLL	1152
bcAGCW	1307
bcBVEG	1130
bcEBTC	1292
bcGSIY	1136
bcDSWN	1049
bcDCQR	1064
bcDLDM	924
bcBPWZ	944
bcHMMD	1316
bcASCM	816
bcHMSN	679
bcAAWA	602
bcAEOR	726
bcHAIQ	674
bcAUTT	731
bcHNJC	645
bcGHIH	413
bcBLQE	388
bcFEAR	520
bcHTIQ	419
bcCVXL	458
bcGONZ	442
bcFTQI	390
bcCHJS	374
bcDUWG	356
bcBZDW	280
bcEMKN	399
bcGXYT	14
bcBXSU	317
bcAKEG	409
bcBQYH	323
bcHKWK	339
bcAHJT	358
bcEDZN	347
bcHQFS	354
bcBUEK	312
bcDCSF	284
bcDOZX	291
bcBUZT	309
bcAQUB	247
bcAAMC	304
bcGCHM	256
bcIBBH	265
bcGSBW	278
bcAMTT	250
bcBYNS	259
bcCMLD	191
bcAJBR	245
bcEAVQ	220
bcCPZU	270
bcHXYK	252
bcCZPI	220
bcFTRE	166
bcAKGK	258
bcCGRI	216
bcBNSQ	176
bcFGUH	22
bcFDOH	255
bcEKBT	216
bcACPJ	234
bcCKLH	181
bcCMDE	240
bcGRZZ	209
bcBNNM	229
bcHXBG	199
bcBMFO	196
bcHGJC	202
bcBKQV	209
bcHTCJ	224
bcFXBD	135
bcEGHO	209
bcGAVY	195
bcBDXH	215
bcBPNF	189
bcBWTV	145
bcAVOY	189
bcBBSQ	181
bcAYNR	206
bcHBHJ	230
bcABZU	196
bcDFHI	210
bcGYRC	163
bcCXOH	154
bcBKEC	172
bcFTHC	192
bcFUTS	196
bcHYAR	180
bcCLWA	173
bcEBOS	200
bcABOM	191
bcCTAA	185
bcFXBW	136
bcGMJL	177
bcFTXP	162
bcFVXP	3422
bcFTGN	2769
bcBGVG	3078
bcAJEL	1794
bcIAMB	1770
bcGNRT	1856
bcGGPL	1448
bcBEVU	1391
bcBTVU	1532
bcAFDO	1579
bcAYIN	1431
bcGMWY	1236
bcBGOI	1298
bcHCNO	1289
bcDBOE	1140
bcHMYN	1132
bcFGTE	1367
bcCRWA	1182
bcBGCO	1127
bcBMAG	1019
bcDJOZ	799
bcEZNJ	740
bcGNMS	772
bcGTIJ	648
bcAYXO	689
bcBZYJ	563
bcBMCK	739
bcBSNY	724
bcGJGR	617
bcDFCJ	616
bcCLOI	595
bcDDOZ	561
bcHSNC	481
bcEVDB	472
bcEFYW	354
bcHHNZ	431
bcHJED	370
bcCDVF	280
bcHOEJ	279
bcHNRY	374
bcHOVV	369
bcCMDP	334
bcEPTC	391
bcGBLQ	295
bcFKBZ	321
bcHIAQ	368
bcAZOR	299
bcGFQK	301
bcDIOV	315
bcBFMA	283
bcFMOY	288
bcCHHH	312
bcDHSN	281
bcAIDF	293
bcGFYY	275
bcAYHC	232
bcEIGN	248
bcGJCK	263
bcFYZR	264
bcIEUS	284
bcCEPE	275
bcGCLU	70
bcEPRS	173
bcBXTQ	234
bcGAXU	241
bcBPHK	248
bcEXOW	130
bcDOTX	268
bcGKBH	259
bcHPVY	243
bcCHOD	220
bcDFPW	273
bcDUVL	187
bcCKFU	241
bcCCJP	204
bcFSHI	230
bcBUWI	219
bcIIUJ	185
bcGPPA	247
bcGBOX	199
bcANVH	236
bcHGQL	179
bcFXNG	201
bcDVRI	188
bcGRAO	189
bcBXFS	197
bcAUGQ	208
bcEGAM	196
bcEHVA	176
bcCFBU	136
bcEGQY	194
bcEFAY	182
bcAIWT	222
bcHFCG	215
bcGTUA	169
bcBXWK	163
bcAXYV	168
bcGRIY	197
bcBWVP	161
bcBJNU	89
bcDIYO	194
bcBWIP	131
bcEVTO	183
bcESVU	158
bcAHWZ	173
bcCDRJ	159
bcBYKG	162
bcBDQD	6900
bcDNPZ	2575
bcBETT	2226
bcCKCC	1635
bcCXAQ	1343
bcAFKP	2296
bcIJTO	1686
bcFVLQ	1486
bcCBBV	1384
bcHUVY	1355
bcCVWB	1184
bcHUMQ	1546
bcFVCH	269
bcEZHT	1333
bcAUIE	1080
bcFYTE	1152
bcAHEL	1113
bcDAKR	1021
bcCQZR	779
bcBPZA	1131
bcGHNV	891
bcEVPV	713
bcFCKM	992
bcHACH	1141
bcGILE	611
bcEBTW	533
bcCZTB	488
bcFCII	446
bcGUYF	211
bcAVZA	582
bcFCXW	486
bcFGRD	559
bcECVR	412
bcDSOY	358
bcGELZ	197
bcBBIH	382
bcHMVQ	415
bcEYYD	436
bcANFU	392
bcFZTS	443
bcBFGF	314
bcGHMX	378
bcDEWT	387
bcCGCZ	328
bcAIFJ	198
bcCLHE	342
bcDQKB	290
bcHUMK	228
bcECQV	174
bcGREI	312
bcBUZP	247
bcIDLE	319
bcAVLS	241
bcBDNQ	309
bcBVER	241
bcDBJN	296
bcHLQB	238
bcEQRD	267
bcHGZF	238
bcAFHI	301
bcHDKA	275
bcEKEE	232
bcGFGJ	276
bcCGPT	208
bcCJXR	244
bcBOVR	260
bcBLYR	268
bcBCKJ	188
bcEAOK	278
bcCHNF	188
bcFAEC	252
bcHMFC	223
bcGODN	218
bcEOES	261
bcIBOM	191
bcBBJI	241
bcAYTE	201
bcGSWB	237
bcGLAI	198
bcBPXJ	213
bcGDXF	187
bcFZSI	200
bcFRTM	212
bcBAIS	211
bcBWDR	188
bcFVLM	201
bcDVKP	172
bcEEJL	190
bcHBIN	198
bcCEDC	153
bcGVGA	215
bcHKKD	168
bcEIDT	151
bcDYXS	199
bcIBHQ	106
bcFXUX	179
bcCFXQ	186
bcCRXH	168
bcEXVX	191
bcAJCP	184
bcDXLH	182
bcAZVQ	142
bcBQIA	170
bcCXLQ	142
bcHETO	184
bcHRED	190
bcGTWR	167
bcHZMF	5370
bcBBFV	2377
bcHWDR	1702
bcAQQP	2182
bcBRFT	1648
bcHFGQ	1823
bcCTUZ	1637
bcAUSO	1559
bcHHIA	1553
bcELGM	1531
bcDXZS	1330
bcFIVW	342
bcGDZT	1055
bcHJIF	1135
bcACMT	1159
bcGBSW	1021
bcCNHL	869
bcBJHE	1000
bcAVXF	915
bcAYWO	947
bcHQEC	846
bcFPGW	752
bcHIAY	1043
bcDENV	780
bcAPIA	627
bcGYYZ	693
bcGUEK	654
bcAPUA	666
bcCYHO	644
bcIAAX	551
bcEWZB	566
bcBXNP	536
bcDOOJ	369
bcDEXI	546
bcDHNF	499
bcHMNS	211
bcAFTY	357
bcEAVP	287
bcHWZW	342
bcCDTI	382
bcGDPR	400
bcBWTU	296
bcBUVY	306
bcEZXP	329
bcBZEP	320
bcHFJH	378
bcFAFZ	342
bcBLKS	248
bcAJGU	313
bcFLWE	329
bcGDMZ	340
bcGWPD	249
bcAPQW	235
bcGPII	300
bcHDLZ	308
bcBUCZ	256
bcAJYG	304
bcHHTA	251
bcAYHB	260
bcFCLM	156
bcGADN	270
bcDDRI	252
bcHMLI	248
bcBAAR	235
bcIFTW	164
bcFUHZ	273
bcHRDP	220
bcFFPO	251
bcBVOT	206
bcBXES	223
bcASDP	226
bcEHFW	234
bcDDEI	238
bcEJFG	237
bcBQTW	238
bcGWLI	233
bcBAVW	195
bcFUKJ	240
bcCIAS	168
bcDEVR	215
bcGQMO	221
bcCKUX	177
bcGZVF	163
bcEUTC	174
bcGRWY	215
bcHDAX	206
bcCXRJ	195
bcFDXC	186
bcHUOK	195
bcBRHT	196
bcARAL	156
bcFFAN	132
bcFMPK	199
bcGTQO	167
bcFLIV	201
bcCFBG	164
bcBHZM	164
bcCDCP	159
bcCALU	193
bcAVOV	190
bcCVTD	166
bcGULL	188
bcDZWS	206
bcBJHX	148
bcCEQR	174
bcDSSS	201
bcHZPB	100
bcBJBV	5780
bcCSWJ	3307
bcHKCF	2146
bcATQR	2308
bcDPWY	1791
bcCZRD	1657
bcBNKW	1461
bcDSLS	1534
bcAHSX	1308
bcGSNV	1405
bcAVXV	1447
bcFTVJ	1181
bcGBRL	1337
bcCUIY	1214
bcHVOK	1453
bcBTZW	1108
bcDBOJ	1053
bcAKJU	1196
bcBANR	1081
bcCZSA	1046
bcBEYR	822
bcGSVU	919
bcGDQY	562
bcGOHU	746
bcEBAN	803
bcGBWT	741
bcGBAX	296
bcAPSR	591
bcEAXL	195
bcFXVJ	492
bcCJEY	449
bcAQWR	519
bcANVI	496
bcDGMQ	536
bcGJHJ	491
bcBGDE	455
bcHVSF	415
bcDYLW	347
bcBZPC	360
bcFNNS	448
bcCDEO	370
bcDPBC	349
bcDOOR	378
bcBLXT	286
bcHXYO	297
bcAMOF	284
bcFCKS	335
bcFTRR	226
bcCBSP	298
bcGGPC	277
bcABBI	294
bcEPNY	313
bcEBKN	332
bcCBXN	243
bcCIBD	254
bcDDPY	228
bcHJIH	268
bcDBGW	267
bcCORD	260
bcGSNW	178
bcHBMT	277
bcDFMC	264
bcFOPJ	214
bcCLCX	267
bcENKA	270
bcGXRQ	216
bcBMOJ	200
bcGBBO	228
bcGLWC	263
bcAKLH	272
bcIDQS	231
bcBLVQ	222
bcFHMP	201
bcFTJY	215
bcEBCF	212
bcECZQ	209
bcCLAH	177
bcBRPP	205
bcGJFZ	190
bcBVOS	205
bcGEBN	217
bcAPYU	182
bcCCEJ	222
bcGARX	220
bcEFQJ	182
bcHJXH	196
bcDMTE	220
bcHYWS	200
bcEFGQ	212
bcHVXS	179
bcHTQC	188
bcAUUN	172
bcAMOI	196
bcHXAR	160
bcDFJU	146
bcEPQE	199
bcDCCD	181
bcGSDX	154
bcEHIS	195
bcAUSZ	200
bcAADS	215
bcAXRM	158
bcHDSE	163
bcFFVA	192
bcEIUK	174
bcDBBG	183
bcHUGU	166
bcBMCW	3115
bcEXCV	2502
bcFZMP	2090
bcCINQ	2017
bcAWPJ	1643
bcBGWW	1928
bcCCTT	1773
bcAGZZ	1668
bcERCD	1709
bcFDMJ	1389
bcHHTG	1421
bcBLUY	1272
bcHFQE	1245
bcGWJZ	1383
bcAAGO	1260
bcCZVY	1248
bcDDYG	1439
bcDKYF	1236
bcALKF	1011
bcETMX	821
bcCVIJ	681
bcDLWO	688
bcDRFG	765
bcCBIW	760
bcDAOA	657
bcBACC	591
bcBNMQ	546
bcEPMI	612
bcDDIL	615
bcBMDW	350
bcDNVG	391
bcEUAH	359
bcBLDD	375
bcHNPC	286
bcGKEZ	218
bcEUOL	370
bcDZBR	363
bcDIPE	366
bcEDFU	405
bcHRKY	313
bcCHZS	422
bcBVYH	369
bcANXI	236
bcGJBR	365
bcDZCD	348
bcCRSA	281
bcCXZG	340
bcESYL	208
bcHDQL	310
bcCMZK	273
bcEJUT	274
bcDKDX	295
bcDHTR	345
bcAHMK	274
bcIDTX	243
bcAIKO	260
bcDAFX	294
bcEAGW	185
bcFRFM	208
bcBRDM	231
bcHGJE	198
bcBEKS	247
bcELPV	225
bcGANE	237
bcFYSZ	264
bcCRMP	236
bcECKJ	261
bcELBL	202
bcDISQ	250
bcDSUL	252
bcEGAD	211
bcCKWP	202
bcCIGQ	208
bcBKTQ	244
bcIIIR	212
bcFKVZ	229
bcDJWB	211
bcGSMT	224
bcGYBM	194
bcFDVP	185
bcFWRQ	223
bcCOEQ	204
bcGDLI	226
bcAJWD	225
bcGLLA	177
bcEYPM	214
bcIKCG	162
bcIGKI	169
bcHRMS	196
bcBLXO	180
bcESGV	172
bcGJGC	186
bcDQCR	218
bcDSDO	196
bcCUTB	187
bcHBWC	167
bcBOKM	203
bcBVRJ	178
bcASXJ	138
bcBINC	176
bcEXEP	180
bcCEPG	166
bcBYSQ	173
bcBSQW	193
bcAAYI	188
bcCRBV	150
bcELHB	170
bcFHFO	2892
bcHMSQ	3400
bcHTNN	2505
bcCNVN	1633
bcAULD	2104
bcEALT	1809
bcHRGY	1553
bcBLMY	1539
bcGOAY	1838
bcEDCG	1550
bcBENL	1220
bcCMOD	1373
bcAOQS	1207
bcFQMB	1189
bcAYYF	1289
bcATII	1241
bcDZTZ	1042
bcGMBS	1321
bcHKIN	1062
bcERNO	980
bcHWWL	958
bcGTSW	860
bcFBXW	879
bcDLCM	723
bcEMJC	615
bcBPBR	758
bcAZVX	444
bcHQON	395
bcAAFP	722
bcAYUM	503
bcBWJS	516
bcICUR	279
bcAVBJ	599
bcBZPN	367
bcAYHV	474
bcHKPD	462
bcBALC	417
bcAJZK	403
bcBMUA	414
bcEQDF	319
bcFRQX	295
bcDUKS	342
bcGBKF	227
bcFOWV	313
bcDZHZ	260
bcDRYQ	366
bcCNHV	321
bcIJJO	324
bcBAPB	294
bcCJGN	263
bcAVGM	309
bcGQAC	267
bcBKEL	297
bcESVX	310
bcACWI	317
bcBRDN	254
bcCODK	223
bcEFLW	244
bcGYMO	247
bcBGYL	271
bcAQSA	220
bcFAXZ	169
bcFRGQ	173
bcAOGF	232
bcDKVN	261
bcFGXA	249
bcIGQT	242
bcGZTD	194
bcAXQU	214
bcCKKH	223
bcFGQV	235
bcGCDY	207
bcDIJS	138
bcIBEK	212
bcDUIQ	224
bcAYBU	219
bcETEH	225
bcEWBN	267
bcDZSA	213
bcDHQJ	223
bcIIAV	197
bcDLXC	163
bcHAQR	166
bcFGIQ	221
bcBJQG	217
bcECFY	232
bcDTMR	214
bcEOLZ	193
bcGTAO	231
bcGPTR	229
bcANUR	213
bcHFTI	195
bcIJEN	213
bcGUPO	190
bcCCEP	181
bcCTYD	222
bcAORJ	166
bcAYEN	155
bcFGNW	195
bcGUDM	120
bcDYMZ	105
bcEJLL	156
bcEBLC	192
bcHCYA	153
bcDRUQ	178
bcDQEC	100
bcBUZW	154
bcGLHV	6159
bcAGNO	3352
bcBSOU	2035
bcGNTL	2026
bcIDPH	1835
bcHQRB	2150
bcDRLO	1570
bcBMLJ	1466
bcCGMQ	1482
bcFKVD	1386
bcGTDX	1552
bcEKQV	1289
bcBVBL	1365
bcBJJE	991
bcEIYR	1167
bcGBHO	1217
bcCFJZ	1183
bcGOTC	1000
bcEWGY	994
bcCDPA	878
bcBQIJ	834
bcGYDU	719
bcESGO	871
bcAWZY	756
bcAKML	714
bcDSMQ	710
bcDWFF	604
bcHQDT	510
bcDGGC	754
bcDXDJ	438
bcAEZQ	607
bcAMZN	518
bcCURS	482
bcBWIL	372
bcDOPO	509
bcBDBU	495
bcDIQY	379
bcGTUG	283
bcAGAG	335
bcIJQA	439
bcEBLD	319
bcGSZD	404
bcAAQT	382
bcEGER	388
bcHBXR	331
bcGFKW	288
bcCTQS	332
bcGYAA	214
bcEUDD	308
bcCKUY	300
bcGLKP	305
bcIGZS	235
bcEIXW	291
bcHDLG	268
bcBSOF	300
bcCMFY	274
bcEQGC	233
bcAQGF	295
bcGQCM	263
bcHUPL	229
bcGIZU	286
bcHHMF	201
bcEFNW	261
bcIFXH	223
bcHMZN	246
bcCZUB	200
bcCGBE	220
bcDIYI	198
bcBXPP	236
bcEFFZ	246
bcCZEL	229
bcETJN	231
bcHMED	224
bcAMLJ	226
bcENEX	224
bcCEGQ	248
bcAEKH	226
bcEKEL	206
bcCHBE	203
bcHOPG	211
bcEVOI	246
bcIBQQ	218
bcBGGB	217
bcBQUE	212
bcDNZI	229
bcGDHE	217
bcHNOC	195
bcIBDB	202
bcGWVQ	171
bcCVLO	180
bcCRVC	234
bcHYZC	207
bcGRDR	168
bcAYBH	173
bcIBIN	186
bcFCKE	191
bcDUSX	194
bcBJSC	206
bcANBG	165
bcHFFE	158
bcFJRS	187
bcFPJU	151
bcGELC	155
bcDGIS	174
bcDVQM	188
bcARKZ	148
bcADGC	208
bcANXS	3414
bcDDWO	3314
bcAMCK	3031
bcHQFO	2192
bcFOLD	1702
bcBTII	1954
bcCYML	1593
bcCENA	1614
bcFWQJ	1330
bcDGJU	1636
bcCUVB	1444
bcFJXS	1238
bcDYRO	1577
bcCGPR	1180
bcHZVB	1171
bcEKML	1059
bcGHVL	1184
bcAHSA	1046
bcDWQG	756
bcGJPY	747
bcDKBP	1019
bcEQVC	1018
bcEXIT	759
bcGZCO	717
bcBFZN	633
bcBGEL	599
bcHWJW	655
bcAMDK	351
bcHUIU	564
bcBIYM	680
bcCVRN	513
bcCVVK	475
bcHTNJ	456
bcAXQO	401
bcGTJZ	494
bcGLCP	453
bcBCPE	399
bcCQYD	366
bcCUMR	379
bcADUA	389
bcCXYN	407
bcFMCW	360
bcATWA	302
bcEJLT	305
bcBSQU	239
bcBXPB	316
bcHPYW	292
bcCNBR	294
bcCWJU	247
bcCCSF	241
bcCNII	292
bcFNRH	260
bcCUEV	299
bcAKRC	324
bcCLNP	320
bcFJUR	289
bcAUFN	160
bcHDNZ	237
bcGANW	262
bcBTGK	210
bcAJLZ	258
bcEJVL	264
bcIJDR	256
bcHTEK	230
bcIBQD	250
bcBFUR	205
bcHGCY	194
bcDLAJ	259
bcBFRZ	230
bcHLPY	238
bcHOYK	213
bcAVLL	222
bcDJJD	216
bcHRIH	177
bcGGTL	205
bcAKQX	172
bcAQXH	182
bcFHPM	223
bcCXJF	199
bcFHIW	203
bcGLZL	210
bcGBER	212
bcBUNC	166
bcAKWJ	207
bcEXPN	190
bcCNGQ	190
bcCTBG	200
bcGNRB	191
bcBXQF	219
bcGZWW	203
bcHAUN	195
bcEIVY	196
bcIHCZ	125
bcCLJM	179
bcCULQ	189
bcEJXW	156
bcAAUX	184
bcFHVA	206
bcAXQH	174
bcDVLQ	160
bcAQRM	169
bcCMYP	145
bcGBDD	110
bcCXQL	198
bcCVSI	156
bcFZMU	122
bcDTZT	177
bcBOBG	3179
bcCVTH	2146
bcBLDY	2218
bcHVVU	2342
bcEHEQ	1899
bcAOAX	1567
bcBXJV	1302
bcCSGL	1870
bcDXZR	1993
bcHHKJ	1343
bcGYMU	1306
bcDPFZ	1437
bcAKXZ	2187
bcBPUF	1184
bcAHZW	2006
bcAHNS	1266
bcEXJG	1249
bcEXXS	1132
bcFAAM	1139
bcATOM	924
bcGPHI	1023
bcEPBR	1013
bcDBQO	1072
bcGUOP	1044
bcFBTP	623
bcHNPN	484
bcFLVZ	805
bcEFZN	475
bcDQQV	539
bcGITJ	626
bcEDGO	541
bcFFIP	632
bcBXTC	459
bcBZDK	422
bcFUCF	465
bcDOQH	460
bcBKSK	466
bcBLSN	431
bcFARQ	462
bcBGUU	451
bcDSJS	362
bcAFYI	260
bcBOUA	424
bcBVNR	301
bcCRAQ	307
bcCXNS	314
bcBKCO	358
bcEQPK	352
bcHKJI	306
bcGFPU	287
bcBGUM	342
bcEVXR	324
bcERHN	266
bcADWJ	289
bcHWVN	225
bcHMBN	257
bcCARW	241
bcHPCN	257
bcHWQI	260
bcEFMT	264
bcGRNE	208
bcFPAI	245
bcBLCP	216
bcBJFZ	277
bcBXRX	206
bcBNAO	216
bcGLGF	219
bcIAZS	184
bcBRRD	262
bcGBAF	217
bcCPSH	237
bcAUGU	238
bcBJBF	171
bcGWKL	228
bcCLNV	247
bcDYWS	251
bcAZXI	228
bcAKFA	223
bcCCCN	227
bcCBHX	229
bcBFSK	192
bcCKWS	196
bcGBTZ	203
bcHUWJ	187
bcCGIN	163
bcENNQ	206
bcEOER	210
bcACTC	199
bcBFQE	227
bcELTU	223
bcIIDH	134
bcHKAS	202
bcCCTN	174
bcEYJD	221
bcBWKW	121
bcIFSD	178
bcFKUN	156
bcEAAC	210
bcDVHO	178
bcBOQG	190
bcBHVA	161
bcHJMG	175
bcGVUI	162
bcERAO	181
bcFJKQ	125
bcGTMS	192
bcASTN	133
bcEQCD	3366
bcBEGT	3259
bcBWLP	1808
bcBOQH	2466
bcCINZ	1632
bcBPIR	1763
bcCFVA	1844
bcEYFO	1971
bcDRDW	1656
bcBSPO	1376
bcHRMO	1474
bcDBAS	1368
bcCAYF	1092
bcFWVV	1326
bcGYOQ	1320
bcEKTX	1438
bcHQJW	996
bcCWRA	1026
bcBJEN	1063
bcEGPH	1028
bcIGTU	880
bcDXSO	748
bcEYHI	1236
bcGIUE	621
bcFBJZ	1108
bcDNQA	770
bcFDWP	599
bcGDHM	391
bcCEVH	597
bcFVTA	484
bcFVPG	616
bcHTFI	472
bcHICW	517
bcEIYN	379
bcFZZA	460
bcDQIN	313
bcDDTJ	379
bcDCAN	469
bcDBCV	407
bcBVWE	343
bcEFKS	402
bcFXTD	361
bcCQDX	345
bcICAG	366
bcCEUL	216
bcANAP	253
bcBLGK	268
bcGYQI	320
bcARGS	327
bcFOCN	298
bcFXTQ	246
bcADKF	237
bcCFGA	205
bcIIVQ	238
bcAZQM	301
bcHXSI	195
bcHBGF	263
bcAPWT	305
bcBJCN	312
bcAVEG	273
bcEAPI	289
bcAHTM	275
bcIIDA	259
bcFGGJ	261
bcDVFT	222
bcGYDW	270
bcAGQR	229
bcECCB	219
bcDHID	263
bcFWGG	260
bcCSUS	234
bcCSSS	247
bcCIVL	201
bcEEEB	212
bcFCRV	233
bcIDLR	190
bcDMYX	262
bcFTVM	201
bcBGKX	207
bcAZCV	131
bcCNNA	182
bcBVYX	168
bcALIS	209
bcGHPC	199
bcAFWP	195
bcESGW	143
bcEBJF	236
bcHCTP	232
bcAYXH	212
bcCSFD	197
bcIIFW	157
bcDCQT	201
bcEKEC	180
bcGNPF	172
bcCQYG	166
bcCGYG	166
bcBUAZ	164
bcAFEL	197
bcGQLB	194
bcBZIV	136
bcBGJM	197
bcHNNC	186
bcAWXE	198
bcERGT	155
bcCLGQ	182
bcBJEQ	206
bcEWEJ	202
bcGAEU	4162
bcHWHY	2390
bcCTHA	1884
bcHQBP	2278
bcFMLY	1930
bcAEKC	1770
bcCUNV	1806
bcBBQI	1523
bcFZTZ	1424
bcGGBQ	1355
bcBYTU	1576
bcHQTG	1576
bcDRVS	1408
bcBCEK	1178
bcACHF	1205
bcBAPT	1357
bcFULU	1188
bcEOBA	1020
bcHIZU	770
bcFBFW	1115
bcDCQK	835
bcGIKM	1278
bcFPAF	663
bcETPQ	664
bcHMVP	866
bcGXVP	166
bcDWGA	472
bcGFFL	581
bcABQQ	414
bcBJGD	635
bcIHYU	488
bcECEA	498
bcAOBW	557
bcGBUV	341
bcDHMG	394
bcCHBO	388
bcGTGL	456
bcIIHY	411
bcEOXG	414
bcBPMK	424
bcGHVM	369
bcDSOX	234
bcFXOQ	310
bcCREU	189
bcDRIR	293
bcAFEX	368
bcBULW	243
bcBASK	344
bcGGZJ	222
bcGJJP	287
bcBLQR	278
bcEGFA	289
bcHKEU	290
bcAMXD	217
bcAHVH	303
bcDVVA	291
bcCXVL	270
bcEEQH	272
bcCEDJ	252
bcBWMK	257
bcGRCP	222
bcCADX	232
bcEDCO	228
bcCVDJ	234
bcEGKC	274
bcIAZF	195
bcAUNC	235
bcDVNG	227
bcEJXZ	238
bcHGDP	240
bcGYNA	223
bcCCII	204
bcARIC	237
bcCQQQ	250
bcASEY	238
bcFDTA	220
bcBZES	186
bcGHME	226
bcGLIF	137
bcFMHF	202
bcGGUR	210
bcFZHL	218
bcDHKH	242
bcETSD	196
bcCOVX	180
bcBKSH	216
bcIIBG	182
bcIEKY	210
bcAJJM	211
bcGWRW	177
bcDAKN	217
bcADDO	203
bcGRTE	191
bcBIFE	207
bcDDOD	160
bcDQBF	207
bcFBBM	207
bcGFYF	143
bcAEAM	194
bcALJD	187
bcCEFT	183
bcDULX	183
bcEETI	179
bcBVET	189
bcBTQQ	166
bcBNQK	187
bcGWME	164
bcAZDI	4837
bcDULH	2569
bcGJYI	3966
bcCNIU	1727
bcHDLW	1759
bcETTB	1614
bcHFGO	1856
bcAXDK	1430
bcESIU	1529
bcDPRJ	1359
bcDYEF	1468
bcEYIC	1576
bcFRBI	1190
bcHEMF	1356
bcFMDM	1111
bcCBDX	1076
bcEOKE	860
bcBION	1249
bcEBEG	968
bcERPC	852
bcCWNH	1291
bcDXNZ	808
bcBRQI	882
bcDKGH	809
bcDIZS	819
bcDITJ	768
bcFLQY	840
bcHCLF	673
bcCDDQ	189
bcCBRU	497
bcCIXK	424
bcHWNX	486
bcIHLE	488
bcFHYP	406
bcAGXB	396
bcGSJX	482
bcBBRB	411
bcCCQC	383
bcALOD	407
bcADAO	379
bcCBIQ	371
bcAGVG	400
bcFXPU	338
bcERCT	324
bcGSJF	316
bcDHEA	394
bcCOSN	197
bcCGOJ	300
bcDOQB	256
bcFMGT	265
bcBXBJ	278
bcGZAX	229
bcIFMC	306
bcDABR	251
bcHDML	266
bcGNSD	315
bcBUHJ	266
bcCXKC	271
bcEGOV	266
bcBJTQ	272
bcFFWP	285
bcIAIO	229
bcCSFF	242
bcCEJK	231
bcCFBS	202
bcBRCK	277
bcCTIT	240
bcHTNG	254
bcCOOD	208
bcGVDL	205
bcFGFL	265
bcEKKY	214
bcBOPO	192
bcHHDV	187
bcFGAC	289
bcBMTR	219
bcFYXM	211
bcERUT	206
bcAYRE	206
bcHKES	228
bcFJIK	203
bcCIPN	200
bcAQJY	189
bcAOAK	187
bcBMSH	197
bcFHDL	174
bcABAK	199
bcCVCB	219
bcGNDT	222
bcBEXZ	214
bcCOKX	152
bcEUPE	202
bcGKPX	181
bcEAJU	185
bcHZFL	167
bcIGEM	188
bcHHSF	187
bcIBJZ	183
bcDVRN	183
bcHHQP	187
bcCQAL	181
bcFMIC	193
bcCHJK	173
bcEAQV	194
bcBWEY	170
bcAZTC	197
bcAZKM	155
bcDIRJ	5753
bcFIVO	4465
bcHWKZ	1942
bcHXUJ	1909
bcGOAI	1977
bcDTTE	1630
bcBZAK	1628
bcHEWU	1505
bcHPSL	2248
bcFXAM	1570
bcEJYW	1134
bcFJCD	1224
bcGUAI	1158
bcEDWW	1119
bcAOZQ	1290
bcAMEF	1066
bcBVAC	993
bcCEIX	1122
bcADIP	919
bcCSJL	978
bcBYRO	902
bcIALN	940
bcABZQ	917
bcDFKY	696
bcEDPL	937
bcGLME	692
bcHRNX	642
bcFVAJ	693
bcETJP	605
bcAVII	604
bcDVAI	318
bcAQRD	388
bcFHBF	466
bcESRK	459
bcEGPC	501
bcDADN	432
bcBIBS	424
bcCOWC	416
bcFZXQ	317
bcDORW	396
bcCNUY	373
bcCFDK	368
bcAFEJ	347
bcDJZZ	393
bcBJRO	335
bcDIKA	342
bcDOTM	276
bcGKCF	337
bcCFLD	304
bcFRSS	319
bcIIYV	222
bcGVRX	269
bcFZTL	303
bcCFJB	283
bcIIZY	297
bcCQLQ	307
bcBRNW	268
bcFSPP	232
bcFDEU	282
bcGUKN	196
bcIDQF	207
bcHANL	239
bcASZT	198
bcGFOQ	160
bcEGAX	244
bcBDBH	228
bcCDZG	211
bcBMLR	218
bcFPIG	211
bcIJPA	228
bcEYMR	211
bcFWAR	201
bcDONP	247
bcHQZS	218
bcGBAW	224
bcDNOM	226
bcCUQS	221
bcAJKX	215
bcHIXW	205
bcDNVM	235
bcBMXS	188
bcBWBM	209
bcAYSI	214
bcANOT	237
bcCSET	179
bcFBHG	216
bcEJSM	181
bcCYOB	185
bcFMTP	214
bcDJOA	247
bcFFFD	233
bcIGMR	213
bcDMTX	187
bcCNAQ	109
bcGHGO	173
bcIJJJ	195
bcDJCH	188
bcGBEX	174
bcETLC	204
bcHFTU	189
bcBZIY	161
bcGEGY	178
bcCWYR	172
bcFPYR	155
bcEIEA	144
bcFVPP	190
bcGMNE	164
bcBMYN	3810
bcDWSR	2672
bcCRMV	2367
bcIHFC	2184
bcHBMG	1784
bcGDJY	1879
bcAPED	1905
bcBDLO	1546
bcFJMA	1223
bcGGMP	1170
bcEHMW	1270
bcGCGR	221
bcDWWG	1138
bcHFYU	1442
bcDFFS	1148
bcCZDC	1155
bcENSG	1135
bcFFDY	851
bcIDWO	951
bcEWQB	813
bcDSQU	791
bcARNN	791
bcFDKM	889
bcHGWW	691
bcDSJX	567
bcIILN	638
bcBCAV	796
bcDBYP	662
bcARPW	539
bcDIFJ	350
bcHFXM	460
bcBNKU	586
bcAVYB	508
bcFLIL	74
bcEYVO	373
bcCFIP	375
bcAXHM	391
bcCLII	386
bcCTSO	394
bcGYOU	365
bcFHWC	279
bcIIKH	324
bcEALA	351
bcESKC	343
bcCVYE	301
bcFHAM	303
bcDGLM	356
bcIBDH	264
bcHXZJ	346
bcCUKO	278
bcFMUM	282
bcFRWS	332
bcCUVQ	320
bcHNIK	311
bcHORZ	276
bcCEOX	258
bcBLZA	251
bcHSET	246
bcHICV	268
bcCFFH	210
bcFGBA	315
bcCHXT	207
bcEGDI	261
bcCLZM	245
bcGBAA	233
bcAYGV	214
bcGHNU	260
bcCDMZ	218
bcEJOX	190
bcHGXI	204
bcFYUR	236
bcHDRO	190
bcBOBJ	197
bcHBOD	233
bcBDMN	241
bcABSN	287
bcEXPJ	234
bcBARX	231
bcCZCV	205
bcALUE	217
bcDDFH	271
bcAJHW	195
bcAUMS	203
bcGVGR	178
bcBTSO	185
bcEVKY	187
bcCGQT	193
bcGFAR	182
bcEUWR	199
bcDRDT	208
bcGIAK	207
bcGOHR	195
bcBORE	180
bcBAOY	157
bcDKSF	187
bcBVXY	185
bcDRCN	151
bcHJIT	167
bcIEUY	173
bcBBKE	171
bcDDDD	202
bcDSYH	215
bcGBYJ	205
bcEIXZ	119
bcFFFY	186
bcBBJF	188
bcEUJQ	164
bcAPHT	3946
bcHDTI	3031
bcCQXH	2359
bcFBRS	1860
bcFIVQ	2059
bcHSBR	1639
bcCXPM	1642
bcBDAW	1498
bcHISD	1634
bcHGQS	1490
bcFWJG	1420
bcAGHY	1340
bcGAEY	1201
bcELLV	1141
bcDVTI	1071
bcFAXT	1189
bcCTRI	1277
bcCYUI	1009
bcCDHL	923
bcDAKJ	973
bcDTAZ	789
bcHUXJ	810
bcDIHC	1169
bcEBQI	741
bcFQLA	680
bcBIVC	537
bcAZGJ	237
bcBRDC	550
bcCPGI	647
bcIJSZ	695
bcGAIL	570
bcETZG	464
bcGKFX	513
bcCCJT	431
bcCTBM	447
bcGCPI	471
bcGPXI	412
bcEDPK	430
bcADVO	424
bcHPHO	384
bcAYAG	335
bcGSFY	325
bcHHAZ	369
bcEYRN	305
bcIGOS	318
bcEYIS	308
bcDQYH	330
bcDFEM	194
bcEJCL	287
bcHUSD	289
bcCQVX	313
bcAOIU	319
bcDFGY	252
bcCWFP	227
bcGNGB	285
bcHWPF	255
bcGICY	275
bcFJBE	270
bcAEAT	245
bcGYBI	210
bcBVFN	258
bcDXFK	269
bcAPPW	292
bcBXLK	251
bcHWDM	186
bcBQTQ	241
bcEAGZ	228
bcDQPS	198
bcDYFQ	146
bcFRJJ	204
bcHGDA	248
bcGWRU	212
bcDMEK	234
bcGCWM	248
bcCSQE	228
bcFCUG	244
bcCDGB	197
bcAIHT	190
bcABEO	246
bcDESK	256
bcAUWD	246
bcBRSR	228
bcGEXT	210
bcESCP	204
bcEUWA	181
bcFTNR	197
bcDIQX	205
bcANMI	206
bcHNFJ	238
bcFOKO	169
bcABPR	190
bcCTAK	166
bcDLBG	226
bcCMMR	188
bcDYCT	202
bcACEP	220
bcBVGV	147
bcEBHP	194
bcGNNO	140
bcERII	191
bcDCJQ	221
bcAUBB	142
bcBIMA	194
bcGCGM	165
bcHEZS	169
bcHBHD	179
bcGWVA	160
bcAEJX	3205
bcGABW	2597
bcEEWL	3220
bcEOMF	1965
bcGJIJ	1928
bcAUZU	1508
bcAKOQ	2676
bcCHAY	1447
bcEIWR	1376
bcAZOE	1316
bcAFWK	1424
bcEDYG	1407
bcEOFU	1295
bcALSY	1240
bcEBYC	1075
bcFNVF	1020
bcGRSE	1073
bcIFOX	1081
bcCSWY	950
bcDLYD	765
bcCBAF	834
bcEBFM	859
bcFQBJ	760
bcHBKC	666
bcBZAZ	832
bcCSJP	522
bcCZDT	740
bcBLFV	666
bcBWJK	636
bcEPSV	579
bcGLSU	366
bcFZWK	524
bcCQYK	396
bcHSBZ	469
bcBTFP	449
bcDYJK	288
bcGABD	414
bcBWBB	331
bcCXIX	365
bcDMPG	348
bcFETP	358
bcABYI	418
bcIHCV	311
bcEIHD	300
bcFXLQ	341
bcGBTO	353
bcBQUP	321
bcFBKQ	328
bcCVUB	294
bcHFZY	346
bcHQBD	306
bcIGTI	318
bcAPUM	212
bcEHIH	304
bcBNLM	277
bcDVHK	271
bcHZTX	269
bcEKZF	246
bcBCLY	276
bcFMFL	268
bcAOJJ	260
bcCULS	213
bcCXEZ	257
bcHUPJ	280
bcBUIX	156
bcEZBE	277
bcDTUS	261
bcAEXW	267
bcGEEP	184
bcAEYS	253
bcFDQG	197
bcHHOR	200
bcBNDC	214
bcHIFM	164
bcHPZH	248
bcEQZH	214
bcABTM	254
bcGJRK	209
bcGHVJ	216
bcGDJJ	267
bcEYBA	236
bcEYYP	189
bcCTHW	206
bcDCEW	258
bcBSNL	209
bcAWGI	220
bcDIYG	195
bcBHZS	183
bcBQAS	155
bcDWRP	159
bcCSHD	162
bcBZWK	220
bcGUCK	182
bcHBAJ	179
bcFGIH	204
bcHVRZ	172
bcATYC	188
bcEGAE	207
bcFLXF	185
bcAUMV	190
bcBJLP	194
bcHTGM	175
bcAIEA	182
bcBVPW	186
bcHCQB	224
bcAEFQ	167
bcCRQM	155
bcGLHS	3973
bcCIMW	2531
bcGEBL	2191
bcENEP	2091
bcFJGO	1661
bcAUSQ	1808
bcHRBE	1874
bcHBAK	1571
bcGBEI	1330
bcIJFP	1920
bcEBTI	1339
bcARNI	1384
bcDMXR	1406
bcAPSG	1152
bcDIKT	1145
bcGMFG	1294
bcAPBH	1161
bcGRVE	1235
bcFXWU	997
bcHFGF	910
bcEOCD	977
bcDJSI	993
bcGHUG	727
bcCOIN	728
bcBZGY	526
bcBLCK	204
bcCFJT	928
bcFVFU	607
bcIBRH	605
bcCBGE	489
bcBERP	689
bcARYO	529
bcBTEA	526
bcBEPU	479
bcGCIE	256
bcBEUS	474
bcEDGV	418
bcAETD	432
bcHUQZ	353
bcBCPR	380
bcBDDU	360
bcBOCR	390
bcGDKD	381
bcAIQG	375
bcGERS	321
bcGVJB	302
bcHUOC	326
bcACCG	327
bcEKYJ	326
bcFWKO	326
bcBUKW	306
bcCSRO	261
bcCSDW	266
bcAVFU	245
bcAIPQ	234
bcEYTR	246
bcIJEG	290
bcCDOL	223
bcDLER	231
bcDMTM	303
bcFORV	275
bcCNFJ	186
bcAFCA	281
bcEWCI	250
bcAIJO	263
bcGEZE	234
bcHEDP	255
bcGVPL	222
bcCDHI	228
bcANCA	279
bcFZBH	241
bcEABB	256
bcFNJG	232
bcGFNR	211
bcDEDG	214
bcDPOR	206
bcGNLL	210
bcDAMM	228
bcAALS	195
bcHJIY	251
bcFKYA	234
bcHOZO	255
bcCUBP	231
bcGWOM	194
bcCEAQ	220
bcESJO	143
bcABRP	207
bcEFMN	193
bcCTKR	166
bcATXL	189
bcCLSO	190
bcABZZ	185
bcDYEB	217
bcGFSD	158
bcHCDY	204
bcBVHJ	175
bcASTA	197
bcBYOE	191
bcGNGT	178
bcGKGD	188
bcGUXI	170
bcCOCW	180
bcAGTP	192
bcGDYR	173
bcAMRH	181
bcBFQD	172
bcGKKC	163
bcCWGT	2773
bcCFEA	2282
bcAQJJ	2136
bcFMCF	1823
bcCJCM	1997
bcFHDI	1737
bcEUZG	1622
bcAMXA	1333
bcAVWX	1504
bcAFQA	1698
bcHRMH	1187
bcCKFR	1460
bcAIIZ	1300
bcGSII	1113
bcGAFD	996
bcBEWG	1153
bcEOOZ	989
bcGECQ	1030
bcAYPW	975
bcEXSY	975
bcIESB	681
bcEZAQ	806
bcAAKC	619
bcCHQO	560
bcFFYR	1148
bcERSO	584
bcHVKG	705
bcHNUJ	534
bcEEGW	687
bcBOSB	633
bcICOF	585
bcBOVU	525
bcHYXV	457
bcCKDW	381
bcHLVD	394
bcDAEP	460
bcBTIG	382
bcIAGD	436
bcGMWF	427
bcHSCR	359
bcCEIT	351
bcHHAH	332
bcFCPS	362
bcBMBV	318
bcAUIM	279
bcCJQG	332
bcDDXC	344
bcEPNT	297
bcEWHV	393
bcEYRF	265
bcAWYK	287
bcBWFT	306
bcFGRK	320
bcGHST	299
bcEVGW	248
bcGZUM	220
bcFNPG	303
bcCBUF	259
bcAJET	271
bcEWWF	234
bcIIOW	231
bcFGMN	253
bcIISV	183
bcAQZH	118
bcCNGF	240
bcCCPM	210
bcFYPE	251
bcCPIW	183
bcACHY	265
bcDRHC	236
bcCPVT	217
bcAWZS	101
bcBNGV	250
bcGXWV	215
bcIAYF	232
bcFWGI	234
bcIGIO	186
bcHIEN	215
bcEGOY	241
bcGILZ	208
bcCEKY	197
bcGIWU	210
bcHBCD	206
bcBDVS	215
bcEIKK	193
bcDFNW	213
bcHADB	195
bcEZHG	187
bcHKIL	177
bcAVYT	230
bcDXBJ	154
bcGVQV	187
bcBNJN	211
bcDPLU	213
bcEEVX	233
bcACED	191
bcCLXM	182
bcAIJT	192
bcHUNP	140
bcBEDT	198
bcCQTS	105
bcHQRI	158
bcAVFY	178
bcIDWA	186
bcDHHQ	123
bcIAKU	183
bcETCA	95
bcCGSX	3464
bcAAFW	3821
bcGXRJ	1839
bcDWTY	1403
bcEMVJ	3742
bcCPGL	1690
bcADDI	1832
bcCVQP	1362
bcFPDA	1393
bcELFX	1347
bcEWWW	1549
bcCCWE	1340
bcIIFM	1374
bcGLNE	1290
bcFAPX	1108
bcBDAI	1171
bcEWJM	1123
bcHKEZ	1029
bcDVNP	818
bcBXWC	938
bcGVBN	1109
bcDZJY	897
bcBQQJ	738
bcBFKC	597
bcHZSA	558
bcCGGF	813
bcHUTX	652
bcGSOH	734
bcFWFD	547
bcCLPR	393
bcDTXL	663
bcFSFJ	434
bcGEQM	469
bcDALE	518
bcDDVH	560
bcGYYM	385
bcEQGP	333
bcEQBS	363
bcBZQB	327
bcCPOM	404
bcEHTG	359
bcFVGR	401
bcBXIN	300
bcBLCS	267
bcDNTW	316
bcEIJK	354
bcGUVC	337
bcBIMP	344
bcHBAA	334
bcDXHV	292
bcHQPY	290
bcDDTW	220
bcFSUU	276
bcBTEJ	278
bcGVHB	254
bcEUDK	293
bcFYSC	280
bcCBFI	262
bcEGKP	143
bcFVDB	253
bcFMNG	249
bcHMEL	279
bcCHPR	212
bcANBR	162
bcFKWT	238
bcCNRG	216
bcEOLC	268
bcCNWF	217
bcBKAZ	148
bcGUCS	238
bcAWEQ	247
bcEYSY	215
bcAPWG	215
bcFDXG	213
bcFVVB	183
bcBYAN	246
bcBEZB	233
bcFGWI	217
bcGHNR	197
bcFTFJ	205
bcBZRZ	169
bcCXBB	200
bcDPMB	238
bcEZLS	220
bcBHOQ	219
bcHNNG	219
bcBDFR	227
bcGSIE	207
bcCHTV	195
bcHTTH	149
bcDTEE	203
bcEAGL	168
bcANYK	198
bcAMOU	196
bcDFIU	194
bcIHOQ	190
bcEZJX	193
bcHFCN	198
bcEVDU	201
bcDPNV	230
bcDFGF	181
bcFDPB	149
bcBRSW	200
bcGQQG	184
bcBMYM	141
bcEDQB	187
bcCHIW	82
bcCCMX	3090
bcCJQW	3051
bcALYF	2452
bcCIBR	1982
bcCIPU	1720
bcDFJH	1557
bcCDNC	1646
bcCXSR	2095
bcESDM	1443
bcDEOB	1456
bcEERG	1571
bcBGWA	1238
bcEPDX	1324
bcCTPH	1279
bcGKLV	1192
bcDMAD	978
bcAHYG	1043
bcENZZ	1188
bcAEFL	865
bcBKVN	987
bcDSOR	880
bcDXJP	747
bcAHGA	877
bcDTRN	683
bcGHIY	881
bcDOIA	952
bcBKFC	647
bcEAAE	583
bcAIHR	694
bcHMQE	599
bcFEFJ	632
bcAKGM	434
bcGJUZ	415
bcCUEO	526
bcCVTC	372
bcIFYI	412
bcBYDZ	397
bcHILG	446
bcACVS	369
bcDYWI	423
bcDRQK	372
bcCTFY	370
bcCNAF	104
bcGAAG	326
bcBYWJ	219
bcEJYC	333
bcCSVC	374
bcCONP	338
bcIERG	307
bcDUQB	326
bcCLMP	304
bcCMJX	311
bcDVTP	252
bcCMQZ	287
bcDTJW	245
bcBJPE	292
bcEJXP	222
bcCBWJ	205
bcGOMM	266
bcIFWO	252
bcAJBU	276
bcAVPK	276
bcAPII	253
bcGEQE	255
bcHIXM	201
bcIJUA	217
bcECZS	234
bcESYU	142
bcESKA	165
bcBMZE	263
bcDAIX	246
bcHZSC	216
bcHTKJ	139
bcHMMB	218
bcGBVJ	220
bcCHXA	208
bcGESL	160
bcCWGP	197
bcGNHI	217
bcEFQV	234
bcFPXA	215
bcETJZ	201
bcBOEB	193
bcCPGE	195
bcBXIH	165
bcHWEE	186
bcGUPT	212
bcEQPI	192
bcFQHV	207
bcEFLG	210
bcGCHI	183
bcCDYW	177
bcBYNV	182
bcCXLU	148
bcBWHJ	162
bcEVSU	207
bcCAGM	182
bcICOO	170
bcHFTB	199
bcBDHU	181
bcDOWK	128
bcECLQ	200
bcGMFT	174
bcCBBE	174
bcCGVW	161
bcAWIU	179
bcECHI	191
bcHMJH	4736
bcHUKT	3380
bcCUZZ	2893
bcIHZN	1728
bcFIGU	1757
bcDQDU	1689
bcEYKL	1729
bcDACU	1695
bcCQVK	1374
bcAHLU	1472
bcEOHU	1384
bcHDJL	1245
bcCVKM	1221
bcELSB	1049
bcIHFH	1122
bcAGRT	1096
bcGGPK	950
bcBOFK	1079
bcCLWK	1098
bcEMXZ	936
bcDKRS	954
bcCDNE	760
bcBUTP	816
bcCYDC	691
bcBWYW	782
bcHIGJ	591
bcBFWT	473
bcDAJD	636
bcGHAO	454
bcGEVF	675
bcFSEP	465
bcBWWO	530
bcGCCZ	460
bcHCDK	503
bcEFLF	452
bcDVTL	389
bcFFQT	410
bcDQWS	391
bcBIBI	386
bcHWTX	248
bcHLLP	149
bcBIDH	258
bcBLTO	319
bcGZAD	313
bcFYZG	346
bcAFLA	270
bcAGCV	205
bcBWRI	172
bcCVFP	316
bcDSXN	299
bcCGUW	254
bcDUGN	160
bcBZSQ	288
bcDGEC	314
bcGGMU	264
bcHSGL	268
bcGIRT	262
bcGAFI	265
bcFQLT	253
bcCEYC	237
bcDUJX	256
bcHRIK	265
bcFRCL	239
bcGZCZ	233
bcGPXD	241
bcHQZE	272
bcGADA	188
bcCOTT	202
bcCXLL	231
bcEQED	206
bcBOAU	226
bcEPFG	312
bcIJLN	123
bcGDTW	224
bcHZGT	222
bcCLBQ	215
bcCZYG	239
bcGXTH	146
bcEHQY	182
bcENKZ	215
bcAZDP	166
bcCNQD	160
bcHICY	199
bcDPTC	222
bcAUBD	195
bcBXKG	183
bcBTCV	183
bcDEDM	182
bcHDSB	202
bcFLHU	191
bcCVZO	155
bcFZUE	212
bcFIQQ	207
bcBEXS	133
bcEKVG	171
bcDQQG	179
bcHJCO	176
bcDQYK	209
bcDYJP	180
bcGONM	177
bcEDOH	202
bcGMRP	215
bcFFRQ	176
bcDRWP	197
bcDFPA	200
bcFWUH	186
bcGRWQ	168
bcGMTT	3282
bcGXWM	2066
bcCOYU	2244
bcCWES	1617
bcCKZE	2184
bcBWTB	1480
bcHTJW	1481
bcGJJZ	1486
bcCIOO	1420
bcBANB	1510
bcGJBE	1552
bcENOS	1242
bcCRBO	1374
bcGYYR	887
bcEYBS	1166
bcGJBZ	1108
bcDATZ	1118
bcAVLA	1343
bcIEMA	984
bcBDVM	950
bcCWSQ	774
bcDMET	815
bcGRQF	770
bcEAZR	746
bcCVMC	835
bcDWHK	322
bcGXUE	656
bcFQCF	754
bcFYTK	544
bcGWVT	577
bcFOOV	523
bcHVJV	470
bcGKLB	455
bcCAXY	438
bcIIEX	359
bcCLUH	418
bcAMYB	375
bcASRZ	327
bcBBIZ	375
bcHTQQ	343
bcEBKT	375
bcIGCV	327
bcCDLF	335
bcCERP	369
bcAGQJ	321
bcBBFJ	372
bcBVSG	316
bcCGWV	161
bcFMUC	318
bcAGBE	294
bcHOCU	230
bcFJPJ	252
bcBTAG	217
bcDWDH	260
bcBFXK	300
bcGILM	291
bcFUYJ	270
bcAGAP	270
bcBZNI	219
bcEYNS	137
bcGVCX	131
bcAKUC	280
bcBHPU	235
bcICKV	232
bcIFTN	204
bcHBJT	268
bcFWZU	241
bcGUVV	229
bcBOHS	270
bcDDWB	261
bcCXON	229
bcAZTA	250
bcAFNV	220
bcASJF	217
bcHGIX	209
bcGDLZ	244
bcBTFW	222
bcAUBV	194
bcIIFE	213
bcGJGM	216
bcHAFA	204
bcBXNH	239
bcEGTE	209
bcAMRG	175
bcIDIF	219
bcDRRJ	234
bcGKKG	167
bcFTDC	222
bcCIYM	190
bcEZLK	209
bcDMUA	180
bcBBMI	181
bcGVUR	161
bcHARH	198
bcHKWG	192
bcHVKY	188
bcCAHM	175
bcBRBE	191
bcGHXF	168
bcEKZE	181
bcGEGH	183
bcAAZD	190
bcFQFB	208
bcCMOF	190
bcBMZV	176
bcCIAH	164
bcAIYW	179
bcHIYC	3410
bcCTMJ	2853
bcBLCW	2351
bcCJYY	1881
bcENGB	1969
bcDOSW	1758
bcDYQQ	1572
bcEJTJ	1534
bcFOLJ	1427
bcFPSO	1464
bcEHHF	1470
bcBYIX	1350
bcCIGC	1207
bcBNTV	1152
bcGRGX	1378
bcHYEU	1187
bcGVCH	914
bcDVGX	1071
bcFPXM	957
bcGTCJ	971
bcEBAM	855
bcHKAO	946
bcCJQK	811
bcHNTD	671
bcBZMI	622
bcADJA	665
bcECYS	672
bcFTFL	729
bcDVSQ	534
bcHKLT	467
bcCVIO	478
bcATNZ	479
bcGSPS	353
bcCKEI	312
bcATAE	300
bcCIXB	233
bcARCA	450
bcGXXS	329
bcGQRF	341
bcCSZY	280
bcAUGB	352
bcHKFJ	328
bcDATY	345
bcIFPQ	220
bcIIKD	259
bcGSAJ	310
bcCNMH	260
bcDBKQ	261
bcCXZP	332
bcBNCC	254
bcAYJU	271
bcBPZI	343
bcGXZC	230
bcGKUV	173
bcERJY	261
bcCDXN	243
bcCJGQ	238
bcBWGX	259
bcCHWY	137
bcDMOV	72
bcBZJA	242
bcFGER	288
bcESPS	227
bcAOON	255
bcHOPU	232
bcEYVU	214
bcHDAP	248
bcAKBN	258
bcGAUF	246
bcGFHS	220
bcAEPG	264
bcHZFO	224
bcIAIK	239
bcECNV	237
bcDWWX	183
bcFNPO	217
bcBJJS	244
bcCFYB	214
bcALOJ	212
bcCKKK	186
bcEBMZ	241
bcGRUI	232
bcBHPP	191
bcCLNO	209
bcBTLB	173
bcGBHK	181
bcHRWK	146
bcFWCC	152
bcHMIN	179
bcHTBH	167
bcECGI	236
bcDWJD	162
bcBRQX	186
bcDJJE	186
bcGTUT	172
bcBFOC	216
bcIIQM	144
bcFWAC	139
bcDAWF	198
bcHUPH	179
bcBQWZ	178
bcHAKY	208
bcIFTC	185
bcGEJN	163
bcEXOV	177
bcAGPA	155
bcBVTO	163
bcCJYD	2797
bcEQJJ	2545
bcDWUN	1710
bcFVQV	2436
bcICZN	2681
bcHGOJ	1762
bcAQHS	1515
bcDBAG	1228
bcAVEK	1349
bcDDKP	1094
bcFUCT	1526
bcGJIE	1363
bcAHJK	1295
bcHMZK	1046
bcELYG	990
bcBDRP	1324
bcCNWQ	1106
bcGEOB	851
bcFGYK	806
bcFSAQ	965
bcCMYG	812
bcEUDX	699
bcCCNL	1211
bcBQHU	862
bcFIAJ	628
bcCINP	681
bcFMGM	662
bcFCHM	570
bcBLNC	646
bcDFSC	566
bcBIPT	632
bcEPPX	489
bcEMBV	581
bcBCLH	470
bcCHJH	425
bcIEQQ	413
bcBRNB	418
bcABSV	423
bcCENO	387
bcFJSV	371
bcDLRE	441
bcEDGI	328
bcIBAK	367
bcHERM	350
bcCNUP	337
bcFMWT	289
bcCMVA	313
bcGBOG	334
bcENMN	332
bcCKSH	233
bcGXVW	248
bcFJXX	231
bcAHSM	296
bcDFRN	276
bcCSDM	217
bcGFDF	292
bcCWHX	215
bcALBM	224
bcIDIR	230
bcFMBP	243
bcEVVS	284
bcBCHX	258
bcCVLE	248
bcBCQG	191
bcEFLX	241
bcHPLL	263
bcCOUJ	202
bcFBFU	257
bcBSTV	251
bcEPPO	149
bcDWPI	256
bcFOOI	211
bcAYIQ	185
bcEITN	220
bcAEKQ	235
bcCAEX	208
bcBMBU	209
bcGWKQ	207
bcDAPH	221
bcHVCN	202
bcEYLS	208
bcADAM	223
bcGNAM	206
bcGREW	195
bcELDT	228
bcDHHL	160
bcBWEG	202
bcDKII	227
bcIIHM	193
bcDNKG	247
bcGATM	182
bcEWXN	200
bcBJMD	162
bcDZPK	132
bcCBQS	157
bcAUVT	200
bcEAZI	179
bcFMTT	181
bcGCSH	200
bcEYNQ	186
bcCVJA	167
bcGRBI	173
bcFKJU	171
bcHQSX	157
bcDIUC	176
bcEFLT	168
bcBUWE	191
bcCNUV	4814
bcGMLK	2765
bcCOOP	2573
bcEGOB	2016
bcFMLW	1934
bcFHNH	1595
bcHVAI	1603
bcHUJI	1557
bcAVVR	1322
bcCSWH	1279
bcAJCQ	1252
bcFWJY	1449
bcFPVL	1195
bcEGCY	1393
bcCWYG	1043
bcBJGK	1124
bcDMBB	949
bcAZGA	813
bcHZOF	800
bcDOZE	831
bcEUIK	876
bcCKBW	1086
bcCIPJ	662
bcFFHY	660
bcFRCR	583
bcCJPM	549
bcCJUX	716
bcGGOP	589
bcCHVG	582
bcDKBV	592
bcHTCV	546
bcATUU	557
bcEUXO	241
bcBUIB	428
bcGESW	441
bcAPKV	219
bcDUBU	434
bcCNRV	392
bcADGI	418
bcBAHU	416
bcFONE	372
bcBXBE	335
bcARMQ	188
bcBKUD	351
bcIICL	168
bcCCTS	253
bcCFRT	275
bcEYUO	293
bcIICU	262
bcGBPZ	294
bcFCZG	275
bcICDD	279
bcDDOA	164
bcBRGS	270
bcHVTT	286
bcCDMI	289
bcBYZY	253
bcCAUD	216
bcHJJQ	244
bcGRZV	273
bcEWKG	276
bcGYMR	270
bcHOXD	231
bcFSKO	260
bcGATO	217
bcHSJY	257
bcDICI	205
bcCFBD	202
bcAGMX	200
bcGXZN	192
bcELIW	253
bcCQCI	240
bcEYIX	233
bcEOKO	165
bcBCQJ	164
bcEWHJ	251
bcECBL	207
bcGWVY	200
bcASSQ	228
bcESHC	203
bcAICK	211
bcBJPG	222
bcFKFY	241
bcHZHG	195
bcIJAQ	224
bcGADM	223
bcGHQP	211
bcAMNQ	211
bcCFXH	164
bcGLIU	193
bcFHGR	179
bcAEZB	200
bcICMM	175
bcBNGF	221
bcAYUW	166
bcGHAY	213
bcEGOU	211
bcHZXQ	176
bcADLH	224
bcAADO	175
bcBJRT	180
bcEZNF	189
bcHGAN	117
bcEOXA	208
bcHMHH	180
bcEMPK	203
bcCSCE	183
bcDLEW	4535
bcHMDR	2320
bcBEVW	2316
bcCNGD	1760
bcGSHN	1680
bcAQKQ	1628
bcBULY	1542
bcDCXJ	1370
bcGKTY	1258
bcCWJY	339
bcBEZV	1365
bcAHXB	1567
bcDXCW	1191
bcAETE	1222
bcAMPM	917
bcGLEE	1095
bcFPPC	1146
bcFBGI	946
bcGFBQ	809
bcEVVF	896
bcDVPP	865
bcDOHQ	695
bcCNWI	704
bcBOTX	832
bcAMJX	824
bcFRQG	672
bcHGIQ	656
bcEQKK	575
bcFLWW	659
bcGISS	635
bcGEQW	476
bcHEUR	463
bcCRIY	443
bcGJMC	420
bcBYMA	404
bcASLV	446
bcBVCW	409
bcBZVA	405
bcBCBI	404
bcIEDM	182
bcIBBU	357
bcDZIG	389
bcAVBG	368
bcEXNT	342
bcFCZC	353
bcFRKZ	333
bcDCHK	313
bcICLR	321
bcGSVL	328
bcHCJH	257
bcGJFP	313
bcEDGJ	297
bcDXLG	337
bcDOXQ	310
bcHYVQ	235
bcBKQP	308
bcBVSL	240
bcHCLQ	273
bcGNRK	276
bcGCGT	289
bcBYUQ	204
bcAMYI	265
bcBIMN	274
bcAYNY	262
bcEQFU	215
bcEUUG	199
bcBKUY	230
bcERPJ	246
bcCGZZ	219
bcFMMT	229
bcCGAU	238
bcEUXZ	211
bcHMEA	214
bcHVUS	218
bcFZKI	227
bcENFX	240
bcBLNI	212
bcCUIV	118
bcAIMI	181
bcBOHA	211
bcHPVX	215
bcARMI	205
bcHTMM	164
bcFZTM	184
bcCAIO	195
bcCFDY	191
bcEBXB	180
bcGQTY	195
bcAOOF	195
bcFHRI	174
bcBULM	185
bcGMCW	215
bcHNAR	178
bcDWOB	177
bcAYZC	182
bcBSYM	204
bcBPCF	182
bcFXHC	186
bcDIBA	149
bcFYRM	177
bcGUQZ	184
bcDXZX	161
bcHVEC	156
bcCFGO	178
bcBOGC	123
bcFOUK	190
bcIAWZ	193
bcHVUJ	2900
bcCRFR	2403
bcHKKG	2197
bcBDXC	1939
bcGVKG	2019
bcBIAP	1456
bcEQRA	1603
bcEWTH	1449
bcHRIL	1766
bcFTHB	1434
bcDIWE	1469
bcDRYX	1286
bcDGMO	1345
bcGRXV	1375
bcCYVC	1051
bcIIIY	1222
bcBELG	1304
bcHURD	1009
bcBAUY	986
bcATKW	764
bcAXTS	913
bcIJJE	831
bcCPTW	1193
bcAMJD	887
bcCEDW	574
bcDSFE	669
bcIDJC	688
bcACQM	707
bcBMHT	348
bcFZEU	517
bcCVYH	461
bcAFNK	504
bcCVWT	448
bcHMOR	499
bcHVNM	421
bcGGFD	396
bcEFLO	417
bcGMPZ	440
bcHPCV	343
bcBNPE	307
bcEBPU	359
bcIGMO	335
bcIBZS	403
bcBWOD	190
bcCTLY	275
bcDCGM	340
bcCONR	327
bcDDMM	303
bcCMOC	381
bcGYPB	321
bcHKUB	354
bcALOT	283
bcIILD	229
bcFPDP	282
bcARUD	220
bcBPPP	319
bcAQAY	279
bcHLIF	233
bcCXTI	290
bcAYEX	230
bcACYD	275
bcBGAE	306
bcCFGN	202
bcAEBZ	230
bcBPMH	285
bcADKH	224
bcCXKU	209
bcDPQN	271
bcCLQT	250
bcFXRK	192
bcGFVW	214
bcCUMC	230
bcAATA	231
bcAQXN	179
bcHQCJ	213
bcGIVI	170
bcBWGD	219
bcEFGZ	177
bcAXMN	201
bcHWCQ	199
bcBLVS	185
bcCXKX	168
bcIAJH	165
bcEHCY	221
bcAEYZ	223
bcHNLV	209
bcABIN	217
bcDEGV	196
bcFHPR	166
bcCAJQ	168
bcAVNF	203
bcCTOD	191
bcCJHD	189
bcIBSR	164
bcAGPF	165
bcDHLO	136
bcEFAJ	202
bcFTEH	179
bcBGAI	208
bcCPYO	190
bcBQCV	12
bcGUOK	147
bcFRGE	192
bcEXIW	172
bcBEXX	180
bcHZGY	179
bcBFJA	170
bcFKYC	5775
bcEYKN	2383
bcAPFK	2383
bcDGDA	3030
bcELHA	2579
bcIGEB	1565
bcAVAE	2497
bcGWMD	1455
bcDJPB	1516
bcEWNF	1806
bcFCAT	1483
bcCZQT	1379
bcHRQO	1071
bcEAKB	1232
bcGNQG	1026
bcAYRT	1192
bcHKVM	1214
bcFTJV	971
bcETVI	968
bcGBJB	748
bcDSIG	973
bcBPAH	904
bcAMQE	588
bcCVTM	724
bcCZWL	788
bcDLBW	582
bcDVCD	613
bcHTUR	437
bcCWCN	300
bcBWUY	529
bcHBPT	486
bcFWAE	465
bcELYB	568
bcCZZK	199
bcFXTN	437
bcCWRR	387
bcCPDI	268
bcATOO	203
bcDHKJ	413
bcIAKM	365
bcGDHD	340
bcFZJZ	342
bcGAUV	354
bcDZZW	374
bcHAYZ	349
bcGSQF	331
bcAXLL	314
bcFKUG	299
bcBYOM	344
bcBVNC	262
bcIIIW	264
bcBBBN	311
bcATSN	249
bcDRQU	348
bcCSEU	269
bcGXPT	201
bcFTSB	239
bcDOQN	279
bcAFYH	75
bcDCKY	297
bcHJKX	230
bcDZFN	241
bcBWCC	251
bcBVLV	262
bcFNYK	196
bcCPPW	249
bcHWCV	135
bcFCYV	248
bcBVOG	248
bcHKXB	235
bcHWOV	5
bcAUVF	264
bcEYUW	206
bcGLLT	205
bcBYST	169
bcHAXH	179
bcAEDF	194
bcCKVZ	208
bcGESC	207
bcHSCW	217
bcBWLS	197
bcDCPH	206
bcHUVN	217
bcFZYR	247
bcHCNP	222
bcAZIC	197
bcHOPL	208
bcGNCI	216
bcEZFL	148
bcDTOQ	245
bcGFMC	177
bcFPIK	170
bcGNQL	161
bcGRAE	180
bcBBTD	209
bcDDMI	159
bcCLQH	203
bcAJOY	173
bcEXDE	197
bcIFIK	192
bcEOKI	174
bcAKVD	185
bcDTYW	92
bcFRDW	153
bcCLUE	191
bcCGHB	156
bcCWIZ	126
bcHHEJ	2911
bcGJFC	2300
bcBKSP	2564
bcAEUA	2192
bcGLBC	2055
bcHFFJ	1810
bcCSUZ	1718
bcGQLR	1614
bcIICK	1444
bcFQIF	2711
bcDQVY	1341
bcDODF	1241
bcBAZC	1154
bcFYST	1027
bcFEPU	1383
bcICIH	1089
bcDWMU	940
bcBCDC	1050
bcCGLY	987
bcBDGC	816
bcFGUJ	1048
bcEOKV	846
bcGQOF	857
bcEDNO	741
bcANAE	696
bcBNEB	601
bcHONT	616
bcERSC	615
bcDULT	385
bcDILX	592
bcEAMJ	351
bcEECU	532
bcEYEB	538
bcEFDP	8
bcIABZ	432
bcGQWU	402
bcEUHE	378
bcHWFD	134
bcCTIM	386
bcDFAK	410
bcFHQF	364
bcEYLD	360
bcAXEX	347
bcAHYF	351
bcCVFB	348
bcEDMC	372
bcFFAG	325
bcFTCY	281
bcAEZA	314
bcEXDG	291
bcCWIJ	253
bcEHDM	219
bcIDNU	302
bcFWVA	258
bcFCVZ	299
bcDCWT	296
bcGVAB	230
bcEYXB	255
bcCHEZ	224
bcEYQI	233
bcEUHO	261
bcAZAG	278
bcGEUH	240
bcGZAE	231
bcCWDQ	204
bcGEHJ	262
bcBVSR	236
bcCAZU	217
bcFKOO	157
bcGGXY	219
bcCHCH	253
bcAWLG	263
bcGFVH	187
bcBAKW	227
bcGPOZ	248
bcGTNR	244
bcDWSH	179
bcAMHW	213
bcDOWR	212
bcDVID	181
bcIDCR	196
bcHLDJ	234
bcHESR	231
bcIIIM	176
bcFWHU	225
bcAJXM	199
bcDNYR	228
bcIDHU	178
bcDNVD	178
bcDCTJ	186
bcBMNU	186
bcBRAW	182
bcAEPH	193
bcGAAO	129
bcBEVD	186
bcADKA	203
bcCDLX	176
bcHSDN	171
bcDUIH	180
bcBFYG	116
bcFMYF	189
bcATPE	144
bcCABG	144
bcFXGF	185
bcFETT	182
bcAGEB	186
bcFTAI	175
bcCUCM	3322
bcEUGP	2844
bcAZML	2308
bcAEMF	1837
bcEBRX	1964
bcHRBA	1501
bcBGGK	1399
bcBAAF	1717
bcDKJT	1577
bcIBCQ	1370
bcDCZU	1503
bcBULZ	1264
bcGAHR	1091
bcIITP	1188
bcBMPI	998
bcFATC	1029
bcDWHM	940
bcAING	994
bcETYS	891
bcEVVY	795
bcCTJU	864
bcAJYX	761
bcGRDY	553
bcIBKV	728
bcAGEF	977
bcABCX	849
bcDCDE	556
bcESMA	654
bcETXG	518
bcGZCR	519
bcAOYJ	571
bcCAEO	536
bcHPTX	540
bcEGNA	508
bcBXSC	445
bcBFMQ	328
bcBVES	421
bcAJRE	415
bcHVEO	320
bcCZFB	344
bcFFPU	359
bcECNQ	406
bcDUIC	332
bcBTAB	264
bcCAKY	281
bcBMRJ	355
bcCBQV	214
bcGTRN	308
bcGCXP	294
bcIHNS	263
bcDPTI	313
bcBYIW	322
bcGLBB	309
bcCKAF	233
bcHJJG	260
bcCFXT	260
bcHKCC	291
bcFARU	288
bcCTGI	238
bcCAPN	235
bcCJLJ	241
bcCAOT	232
bcAQMT	223
bcEPOD	187
bcDQXM	236
bcDWYR	214
bcFKBW	262
bcDWFU	184
bcDRJV	233
bcHPDR	268
bcABOW	230
bcDLZD	209
bcFNTW	232
bcAEPD	235
bcCGXJ	208
bcEVCK	235
bcBAED	224
bcGXQZ	170
bcBTGR	210
bcFLFP	201
bcHYZU	185
bcECCW	132
bcBIUH	214
bcHFPW	214
bcIHHC	185
bcCRTN	172
bcBQOR	193
bcHXZN	210
bcAKPJ	222
bcBVIR	205
bcDARB	172
bcABMM	178
bcGRKW	205
bcBDMJ	187
bcEANE	218
bcDNYQ	196
bcAQQG	167
bcCVSU	133
bcEQWK	175
bcAQTJ	140
bcENOD	167
bcHEDR	197
bcFUOQ	187
bcCUPJ	92
bcEHCS	171
bcBDKX	164
bcBRBK	152
bcENIY	4119
bcEAMH	4185
bcANTV	1834
bcGGBD	1747
bcAOTT	1716
bcCOMW	1484
bcDGXN	1754
bcHFAH	1538
bcBFOH	1992
bcFLMJ	1401
bcHBAG	1361
bcFJAZ	1139
bcGTQK	1414
bcIIGZ	1205
bcBMDG	1181
bcHJEN	928
bcCPFG	992
bcBSWE	869
bcDKDG	1094
bcAGMS	995
bcDWWN	846
bcEBYA	720
bcGLZW	778
bcGYPA	594
bcIGNS	662
bcFCKW	775
bcCHQX	469
bcCJDR	554
bcCVAT	609
bcFDNE	516
bcCLCD	422
bcFRZY	547
bcHRMD	412
bcHDWJ	456
bcCSWQ	461
bcGMBJ	491
bcBWYI	476
bcHOVK	374
bcAWQC	393
bcFUSH	351
bcGOJO	363
bcESFO	297
bcDJUN	243
bcAJYS	348
bcBZLV	254
bcAJPN	290
bcHPHW	301
bcAVOR	282
bcGOVZ	271
bcEAEY	228
bcDGEM	365
bcBKVS	369
bcIJAK	316
bcICBT	274
bcDFGT	271
bcAQZK	262
bcFHSB	249
bcDKSP	281
bcEEZM	283
bcDWOW	277
bcBKRZ	285
bcFNOX	231
bcCUIU	254
bcCNVQ	236
bcCPMJ	239
bcCUPN	221
bcADBC	221
bcGVTO	225
bcHAVQ	222
bcAZCP	239
bcCGVF	190
bcGFWY	200
bcBRJC	243
bcBJLX	193
bcASKD	221
bcBMLC	236
bcBDOG	234
bcEEPE	152
bcAVDB	213
bcHWGS	163
bcHUUN	199
bcCUJV	193
bcAFLH	215
bcEYKE	195
bcCXFH	183
bcHCKY	234
bcAGHO	204
bcCWMQ	190
bcIHRV	163
bcALXX	212
bcHAXF	170
bcEIBU	174
bcHFYL	227
bcFBKA	178
bcFNAX	180
bcGSDO	169
bcDVHB	185
bcDNRV	157
bcDFVD	158
bcGHPX	224
bcCVRO	168
bcCHSQ	147
bcEEBT	188
bcCRRW	150
bcFBLE	182
bcDPDG	143
bcDOVA	155
bcCYPX	3038
bcCUKG	1766
bcGPIX	2303
bcBFQI	2128
bcAPSX	1758
bcCBKB	1716
bcCBNJ	1449
bcHSHB	1517
bcBQLB	1216
bcFOMU	1682
bcDVHF	1519
bcAOEK	1279
bcACLQ	1126
bcFLMB	1217
bcIHMJ	1086
bcDSDS	1224
bcGOYM	1036
bcBAPG	917
bcBKJH	1371
bcGPQF	1042
bcGEKT	907
bcCNLU	740
bcGAKV	769
bcEZYJ	642
bcATBA	601
bcBPDE	794
bcAPIN	472
bcIEXB	730
bcEBSS	643
bcGFKG	543
bcAJJW	419
bcDVKY	337
bcDPJL	608
bcBUBH	276
bcFNNZ	410
bcFHQV	360
bcBVAL	401
bcAKKY	377
bcBNQB	348
bcDEQP	389
bcCOWE	245
bcEITZ	349
bcHBAO	310
bcDBIE	356
bcHVBU	305
bcDEDO	385
bcCWKE	274
bcAJLH	316
bcFTDR	304
bcGTSX	322
bcCEFO	309
bcCUFA	315
bcDHPD	335
bcEVGP	299
bcDXBI	266
bcGOIT	268
bcAMOM	297
bcFSQR	245
bcEJTP	257
bcAAXB	222
bcDXOW	258
bcHZQQ	258
bcCXHE	212
bcGLHO	215
bcAFKY	256
bcAPJO	272
bcAARM	260
bcAZMD	203
bcCGZX	222
bcDSWR	252
bcGERQ	223
bcANHS	249
bcCZIY	199
bcFIKV	187
bcEVYO	244
bcBVTT	226
bcGTDA	227
bcCHMR	193
bcIIBW	200
bcATOI	203
bcCLVZ	233
bcFGUD	215
bcBYHB	178
bcHEXW	222
bcALVA	181
bcCARO	182
bcFMCD	226
bcEEIN	225
bcAOYY	190
bcFWMY	191
bcBWGM	160
bcHZYT	119
bcBAIM	218
bcFTHF	164
bcDNWJ	202
bcCNVC	79
bcEGXB	174
bcDUGI	194
bcGJIN	143
bcBENO	178
bcDJIW	183
bcFXAC	176
bcIEYD	175
bcBWKI	143
bcHSXL	120
bcATJH	169
bcDIQI	153
bcCKUA	3080
bcCDNJ	2197
bcBYZZ	2535
bcIERM	2059
bcFLBM	2118
bcDITK	1515
bcEKTK	1925
bcCBVX	1301
bcETEK	1334
bcHOXT	1310
bcHFQH	1422
bcCCDE	1416
bcFNYY	1037
bcFOKV	1151
bcFIRO	1566
bcIBBS	1050
bcHZIB	989
bcHKBY	1042
bcFVFJ	919
bcDPMZ	1069
bcGCGX	961
bcGGQR	712
bcDKQN	836
bcDKGN	771
bcADXR	689
bcEXRK	563
bcGAFS	619
bcIHTT	650
bcCZDB	618
bcEELH	573
bcGVOJ	516
bcAWHL	549
bcCWGG	393
bcAPAT	466
bcHEUO	436
bcEHGX	491
bcFXKI	353
bcECCV	340
bcCWTI	362
bcEYLM	269
bcBWLV	283
bcESRQ	345
bcCMWD	328
bcBLYO	310
bcFJGU	339
bcGPAU	357
bcCKDD	261
bcHHXX	357
bcBWQB	249
bcBOTK	292
bcCOOR	299
bcCLNE	286
bcHUNV	263
bcDXJC	208
bcBAZK	314
bcAQID	259
bcHJCJ	262
bcGPHX	272
bcAFNF	294
bcGVSY	250
bcHLOX	247
bcETOU	288
bcCLCE	228
bcBQGF	265
bcDYBP	195
bcEAKD	281
bcFOLM	229
bcCOLI	259
bcCTNZ	226
bcFOIN	257
bcBVQK	243
bcHWGG	116
bcDWMF	193
bcFOKN	210
bcCDTE	189
bcHMRC	214
bcETWA	228
bcFXJS	203
bcFRCI	200
bcCBZO	194
bcAYIJ	185
bcEVDS	226
bcEBFD	242
bcEEHF	214
bcGRWD	189
bcAPKO	196
bcGVFK	225
bcEYTJ	185
bcEWYO	170
bcDDRM	174
bcDCNZ	218
bcHBFB	193
bcDIRW	198
bcDJEX	184
bcCRDU	168
bcFEMI	118
bcCXJO	164
bcEITQ	202
bcCTRP	205
bcDAHD	125
bcDRHF	206
bcDGTZ	192
bcAHWT	222
bcFHIQ	183
bcBWIX	165
bcBRJO	168
bcGDOY	163
bcCVHQ	2991
bcEDIM	2270
bcFZYA	1921
bcETBB	2062
bcGZVH	1787
bcIDQR	1875
bcDOIJ	1292
bcAMFI	1517
bcFOIV	1466
bcDWSZ	1421
bcDFLP	1364
bcGTZX	1390
bcGTKB	1341
bcFKBS	1254
bcFGPX	1227
bcEZKB	1324
bcHDJV	1203
bcAQAS	931
bcBUCK	838
bcANXE	1033
bcIDUX	1252
bcEHQB	927
bcGNKI	699
bcCFVV	1014
bcBMPA	741
bcGUXU	534
bcEDRM	463
bcCCKO	423
bcBRBX	540
bcCEFZ	454
bcFMWX	478
bcCAZI	529
bcCZTD	474
bcCWLS	453
bcCOGL	425
bcCZLO	448
bcAPRI	392
bcBCCP	360
bcBIYL	368
bcCUHE	372
bcBPTX	378
bcHMPL	303
bcAYGY	292
bcFYUC	339
bcBWWV	335
bcCGSB	339
bcFJZN	325
bcHJSU	199
bcCOOG	290
bcAOGX	303
bcBWJP	235
bcHLLT	266
bcFUYL	285
bcDREE	312
bcFLCB	211
bcGTPX	273
bcCWFR	251
bcAPFH	274
bcFKVK	268
bcCRTP	262
bcHLLJ	257
bcCHAA	241
bcEUWO	227
bcBEZM	260
bcBWVS	179
bcGHBN	260
bcFZYW	236
bcAGUG	221
bcAFSH	247
bcAPQM	242
bcFVYW	188
bcACCK	248
bcCBOY	207
bcDGQC	254
bcHSZE	273
bcFTCB	99
bcCKPS	210
bcHBMN	239
bcDVTN	240
bcBXYN	229
bcFHNQ	199
bcALFH	182
bcCXFP	168
bcAXWQ	181
bcBHPE	203
bcAJTS	204
bcAOPA	196
bcACZA	202
bcBHPS	198
bcBVGZ	183
bcAXEI	182
bcDHVE	171
bcIAJB	182
bcCEUV	143
bcGHNE	174
bcAINU	210
bcEYWU	172
bcDLDO	208
bcEERS	181
bcCWWD	189
bcFTRV	156
bcHWHF	165
bcGGCF	142
bcDPDF	187
bcCCBY	154
bcEOQT	204
bcBQAQ	186
bcEDGH	3235
bcBVOM	3041
bcCMHI	2212
bcHKZW	2182
bcFJET	1825
bcDPYL	2006
bcBHYI	1548
bcBQUF	1635
bcFWAA	1357
bcHJLB	1438
bcHLOY	1303
bcGSJK	1124
bcDAEY	1242
bcBWYA	1029
bcHBDY	1014
bcFYOP	980
bcAXPZ	814
bcAAJS	910
bcCYDV	1078
bcEMJK	1090
bcAJRA	886
bcGRII	969
bcCHZV	901
bcEZXY	989
bcEBNB	1094
bcFDNW	644
bcAVNH	707
bcARKR	732
bcBYHU	433
bcEJJB	451
bcEJZQ	468
bcGVUC	399
bcGSON	480
bcATXZ	376
bcACSK	457
bcDBSY	458
bcAQVW	400
bcHWUY	296
bcHKGD	353
bcAYSX	405
bcBLVC	372
bcBZLR	280
bcCWZI	350
bcHAUK	231
bcFDWK	337
bcIHWM	324
bcHQVI	332
bcHRBO	280
bcAFTD	322
bcCKMK	241
bcBBDS	299
bcHNUT	282
bcDWVD	151
bcCDGP	261
bcDHJF	301
bcDALR	255
bcDGKF	281
bcFZHU	218
bcCWFQ	211
bcFLUA	293
bcFHPF	242
bcFCPI	249
bcBLJY	230
bcHVZD	199
bcFPGC	202
bcGVTM	237
bcDBGN	279
bcHUPS	251
bcCMVE	252
bcETFE	242
bcFSAH	245
bcBLAX	184
bcGLIW	226
bcGYOF	228
bcAGQN	233
bcCSUX	255
bcDFYX	228
bcICPT	197
bcCXYV	208
bcDUGB	227
bcDUHX	233
bcCVSJ	173
bcEXGH	229
bcBOIJ	245
bcGCPZ	223
bcHDAS	198
bcEYUE	186
bcAUTF	181
bcBMBE	211
bcDABG	235
bcALHB	182
bcCYAN	204
bcDBFC	179
bcGCJW	197
bcHUMF	156
bcBXKO	172
bcFPRH	191
bcBHSP	178
bcGEHX	158
bcGGUW	183
bcDHXQ	172
bcCNXB	169
bcBSNA	173
bcFXRQ	183
bcHRJR	153
bcCHYP	180
bcCQQK	155
bcEBSO	2961
bcGWRV	2262
bcBVHR	1776
bcFQIT	2277
bcDCME	1848
bcATUV	1700
bcBFTW	1827
bcFZTQ	1588
bcEKIH	1124
bcAQMD	1191
bcHYDA	1099
bcAPQA	1362
bcFLJE	1480
bcFZAB	1228
bcENWQ	1139
bcEWOV	1246
bcEWFY	1256
bcHSLP	985
bcCPNY	862
bcGGDP	902
bcDGTU	729
bcHMER	818
bcHPZQ	684
bcHOLE	696
bcEONE	710
bcFPWT	640
bcHTVF	564
bcHLNG	722
bcDKRP	434
bcBNSR	620
bcHCZM	574
bcHEBE	540
bcAQRS	438
bcEMPV	393
bcAPEQ	442
bcEGKF	439
bcBQGI	355
bcAOIQ	444
bcAYFB	375
bcBEWL	404
bcBYSM	196
bcGDJX	339
bcBQZC	311
bcAOWF	332
bcIEHH	344
bcGYSY	305
bcGXWZ	235
bcGOLJ	243
bcDACF	301
bcBGMC	332
bcATWS	312
bcBZUO	323
bcGFDK	314
bcIIJZ	216
bcIFKB	195
bcAQCR	249
bcESRN	268
bcCGET	269
bcCVGK	250
bcCPPD	176
bcGUZL	259
bcCODT	156
bcFMHM	283
bcEKBN	129
bcDFDO	259
bcCBRQ	260
bcEKEJ	247
bcGJMU	183
bcBPQL	241
bcCFRM	216
bcHRBK	145
bcDQMG	234
bcEEUK	234
bcEZRV	239
bcAZCF	221
bcAEYW	219
bcHWLV	134
bcCPTU	219
bcGREK	203
bcDYNZ	244
bcBXHF	213
bcCSNH	185
bcEDUD	220
bcGXTI	150
bcCNRF	185
bcHKYB	213
bcETPM	199
bcFHTY	194
bcGMMD	179
bcECKZ	217
bcARUT	210
bcBAPV	197
bcHMTA	176
bcAOBV	195
bcGQCO	210
bcHEJH	179
bcBFVJ	201
bcEICL	176
bcBDCM	176
bcFHJS	169
bcDOXV	174
bcHDFD	200
bcDCNE	169
bcICMX	176
bcCCOW	175
bcEHOF	196
bcAWSV	171
bcHUXD	2841
bcIEOD	2616
bcGUVO	2380
bcHTQW	1906
bcBQDZ	1454
bcBWYP	1870
bcDJJO	1531
bcFSAA	1666
bcEEIM	1399
bcHZCU	1222
bcBGVK	1306
bcBLTU	1260
bcGSMU	1308
bcEWZH	1246
bcGORP	1014
bcICSS	1151
bcHDKJ	998
bcGCQK	1146
bcCZNJ	901
bcHMSX	949
bcGGHY	731
bcHCWH	761
bcHBBY	714
bcAOGQ	749
bcGRPY	522
bcHKXP	675
bcCRKL	573
bcFNXP	651
bcAXXV	566
bcEEEG	343
bcDSXH	531
bcCZGX	576
bcGNAB	546
bcDXWR	489
bcEDEM	309
bcHWVZ	390
bcHFNN	484
bcAQEF	360
bcGLTN	419
bcHWHV	342
bcDIQW	369
bcBYQG	299
bcAYXM	325
bcEVMW	236
bcHGVJ	347
bcALAD	337
bcBDFN	363
bcHWHZ	263
bcEGQX	303
bcDAHH	324
bcBTFG	308
bcCAJI	285
bcDWTD	275
bcDWHE	292
bcAGTR	300
bcAWVE	280
bcEPTD	329
bcGBFQ	275
bcHLDU	263
bcHPCC	242
bcBNQT	148
bcEJAL	255
bcHVCE	252
bcEJJE	200
bcAYEA	199
bcFBPR	247
bcGBRE	210
bcAWAR	275
bcDVGF	231
bcCCAM	217
bcAPOE	184
bcGFAQ	178
bcGEAL	211
bcGYTQ	227
bcDZEV	224
bcCOEW	234
bcFRYD	189
bcCJIZ	138
bcEHQN	203
bcCLQR	244
bcBJCW	187
bcGBQE	121
bcHKWT	192
bcHIXO	187
bcCKBJ	177
bcEABO	234
bcCIFQ	180
bcBTLI	218
bcFXEC	220
bcDMBZ	158
bcDENI	200
bcGMMK	201
bcGAGF	187
bcCVOD	158
bcGBVF	171
bcBHVB	159
bcHTKV	185
bcCCRZ	158
bcBUNH	177
bcBKRH	163
bcAFFP	169
bcICQZ	184
bcBYTL	145
bcFNOQ	117
bcFTWP	168
bcCOPW	178
bcBRMY	149
bcHURK	3054
bcACOZ	2692
bcFFJY	3236
bcCHAZ	1870
bcFJFN	1629
bcDZJW	1950
bcCEAG	1687
bcIHQG	1343
bcIHYZ	1338
bcBENQ	1710
bcCDIG	1325
bcAWWK	1312
bcCHTT	1285
bcBFEL	1427
bcEMCO	1203
bcEEFX	1112
bcEPCE	1380
bcHNZV	946
bcAOYI	940
bcHRFJ	863
bcBTLO	829
bcDANO	792
bcDCOK	855
bcEGKZ	1272
bcAUHG	954
bcFIJO	584
bcCOVH	604
bcDMNT	434
bcCKFM	533
bcIDPS	389
bcBSSD	528
bcHEWT	484
bcAUPP	482
bcEPPB	173
bcBUAT	409
bcFKKD	401
bcEYYV	490
bcGAAS	402
bcBOMU	268
bcIIBQ	357
bcBDNG	360
bcGOFK	349
bcBVMV	270
bcGMUO	329
bcBNSS	291
bcBWPO	243
bcGLDQ	270
bcAEQV	349
bcDWKI	285
bcECAM	285
bcHOCP	235
bcDVRZ	289
bcHARF	300
bcDDPM	298
bcBLJG	285
bcCVMD	239
bcHXBE	237
bcHSEY	200
bcHORB	263
bcCVOG	201
bcCASQ	258
bcFTKK	272
bcFHSP	239
bcCLNB	230
bcCKYE	244
bcHVUF	252
bcGMUW	284
bcEJWM	167
bcEJJD	173
bcGGQD	212
bcFOCB	220
bcGEJQ	192
bcHMKF	242
bcHFSA	178
bcGBLP	243
bcDPNC	238
bcBQXW	201
bcGNYE	261
bcBWPE	195
bcCVRR	196
bcGFPJ	161
bcEFRL	214
bcAUUF	211
bcCNRA	155
bcHSIP	177
bcARYT	244
bcEEVJ	203
bcEARI	249
bcAHPT	215
bcBTMX	184
bcAYOQ	194
bcHVPT	162
bcBQTJ	196
bcCZMM	182
bcGOZD	161
bcHPDW	194
bcBEAR	230
bcAINV	198
bcEYVP	156
bcCKGY	153
bcCOJG	193
bcHYYR	164
bcBUME	210
bcHITD	193
bcBLRY	173
bcIELS	173
bcHAYW	165
bcIIYD	2988
bcBREH	3474
bcAFMO	1876
bcDFDU	2495
bcBZDB	2111
bcHBIP	1530
bcCEZB	1461
bcBHVJ	1509
bcEXSH	1684
bcHNAF	1403
bcCMPU	1529
bcBPYH	1325
bcIFZQ	1342
bcDTUU	1297
bcABSH	1159
bcEPVM	1095
bcBGUW	1211
bcDOZI	886
bcDPWJ	1003
bcFLXE	978
bcGOWM	687
bcDSBF	788
bcCRSR	828
bcCGYU	991
bcHDQA	990
bcBZHH	742
bcBQJD	675
bcCKNJ	670
bcHSOY	611
bcGWPV	447
bcCYEA	493
bcARET	496
bcATJF	488
bcGLQQ	497
bcHAWO	325
bcHRSL	357
bcFFNT	430
bcAKIA	387
bcADBZ	378
bcALFW	245
bcIHHG	334
bcGXTD	268
bcAUPX	292
bcAJNX	307
bcGBEA	317
bcHZOA	311
bcACYG	353
bcEDUZ	350
bcEOLA	311
bcHQWH	281
bcHDAE	300
bcAMFO	235
bcHTLL	298
bcEQGZ	243
bcASKZ	265
bcFQUY	204
bcCRFX	249
bcGOUM	260
bcGYLN	280
bcCIOD	276
bcEAKH	285
bcBVMM	263
bcFTXH	226
bcHOZD	238
bcFZUP	240
bcHAUX	231
bcFBJW	280
bcDQRC	271
bcHGMC	226
bcGSPY	222
bcDOAL	236
bcCWOB	216
bcBZCO	198
bcCTDE	257
bcHRQW	146
bcAYEY	162
bcEIKZ	226
bcATKD	219
bcAXMY	222
bcBBUO	163
bcAMUS	218
bcIHFA	212
bcGGWT	199
bcGSWL	219
bcHJTX	190
bcHRFB	214
bcHBSO	200
bcHPYQ	168
bcALRY	187
bcHIXN	171
bcBDKC	191
bcECIS	229
bcCMAT	183
bcDXBG	188
bcIFIA	211
bcFFME	210
bcFPEO	188
bcDVSE	174
bcDKCU	187
bcAXTM	162
bcBLFX	164
bcDAFA	180
bcGYTY	179
bcAFCS	167
bcFDKA	189
bcBVIY	164
bcHRVP	168
bcBLJK	3004
bcDRMP	2471
bcCWLJ	2069
bcHVCS	1774
bcBNRG	1734
bcBUPK	2441
bcARQL	1667
bcEXGB	1589
bcAFMZ	1465
bcFFBR	1443
bcBUWP	1377
bcBEEO	1163
bcAIUI	1392
bcDCEA	1350
bcDOIX	1224
bcCAWU	1082
bcDRTG	1057
bcBIKL	1117
bcBDRK	893
bcCULV	905
bcDSAQ	885
bcDYQD	941
bcEZBX	822
bcEIOI	889
bcEIQY	524
bcEFSC	650
bcBUJI	768
bcHBGG	503
bcDPXG	445
bcFMCS	701
bcHYWP	508
bcBZSW	351
bcEEIJ	422
bcHWBR	327
bcGWSV	472
bcEYKS	408
bcAHSE	449
bcCVKS	351
bcFUVQ	406
bcHHWF	386
bcAGBC	426
bcCZUO	330
bcIHYB	296
bcIHVP	341
bcCPBN	359
bcGQQH	324
bcGQLP	353
bcHRTX	278
bcFVUV	252
bcBBLJ	306
bcAENU	291
bcHAAE	291
bcFPSY	299
bcGSDI	289
bcDOZG	294
bcCLOS	293
bcFPUF	276
bcHQHO	269
bcIEGB	312
bcADLI	305
bcEQVB	277
bcCXCA	213
bcEMVX	269
bcBFDI	251
bcDVCF	183
bcCECR	144
bcEDZP	272
bcDECT	214
bcAPRX	224
bcCFHS	214
bcCRPL	195
bcBTZD	252
bcFNII	247
bcBWXZ	205
bcCBPO	190
bcCVAK	209
bcGDQB	147
bcIDVM	207
bcEIOC	230
bcBWOZ	143
bcGFQZ	195
bcHWHN	182
bcHZBR	188
bcEJIW	196
bcGFJC	168
bcGUZO	177
bcAOZV	207
bcBZOB	186
bcFTSH	150
bcDSHQ	108
bcDEOG	190
bcHPIR	204
bcBWCM	227
bcHFOM	193
bcFPTQ	188
bcBBXX	205
bcDQZR	203
bcIDYF	183
bcGCTC	173
bcBPTE	158
bcCOIM	179
bcCQRU	199
bcGRDV	158
bcEIKD	175
bcBXGO	184
bcFXRD	157
bcGJEP	159
bcANBX	4952
bcERWN	2700
bcIJIO	2182
bcAYKS	2000
bcFHVD	1638
bcGCKE	1484
bcHRPU	1205
bcFXXS	1472
bcHTGS	1451
bcDEHZ	1565
bcEPUK	1229
bcESSX	1216
bcFHUX	1772
bcENJW	1079
bcCVMH	1195
bcEKSZ	1156
bcBTZL	1065
bcHAEV	890
bcFGCS	1205
bcFIMK	1028
bcGFQE	813
bcBDPL	767
bcFWQF	844
bcDULU	704
bcGKNV	398
bcAHVC	629
bcAEIN	409
bcECJI	436
bcGCGO	632
bcDLCQ	164
bcCUYK	580
bcCNRI	512
bcHLOK	420
bcBVSN	394
bcCOWZ	373
bcGEQN	390
bcAWLZ	437
bcGBVL	428
bcGYUW	337
bcBFGP	390
bcGCEA	341
bcCKND	356
bcELBK	374
bcAWTY	360
bcHXTQ	346
bcGGOZ	237
bcBBVY	306
bcCCNB	308
bcAGTD	291
bcABYQ	88
bcDSVU	267
bcGXWQ	148
bcGTFL	217
bcCCCS	261
bcGXQU	226
bcIEWC	286
bcDKXC	326
bcHKJL	243
bcHRTM	235
bcCEPN	232
bcBSIR	260
bcFMZA	239
bcCFNS	230
bcGQGX	282
bcFVJD	143
bcAHGF	225
bcBXBQ	228
bcCLFW	220
bcHNBD	286
bcGQYJ	102
bcDFEY	155
bcBLRN	237
bcIICZ	204
bcFGYO	207
bcBWTA	210
bcCION	207
bcHYBE	224
bcHIFB	223
bcEJVO	201
bcDSLY	214
bcABLT	220
bcHREQ	241
bcAUYP	203
bcFTER	219
bcHTMS	184
bcDQXF	209
bcCHTS	198
bcCTTI	224
bcGNIN	178
bcCSLR	238
bcARWX	181
bcBQPG	185
bcFWNX	188
bcAZOY	222
bcFGQE	209
bcBJTW	208
bcBQII	154
bcBCWS	41
bcHXYV	177
bcCBOI	152
bcBBSL	189
bcAFZK	157
bcHIRD	181
bcGEHQ	182
bcHIXR	182
bcCCUK	100
bcERPP	194
bcDQZV	5237
bcAEIW	2273
bcDXPE	2253
bcEWHP	2010
bcCPAW	2361
bcBAUR	1445
bcEXGD	1612
bcBZSP	1587
bcHHKD	1435
bcAJLR	1485
bcEEYY	1355
bcAPBF	1269
bcEZOE	1374
bcGTCM	1010
bcCESV	1334
bcGJCQ	1576
bcDNJY	1310
bcCYQU	1290
bcIEUE	901
bcDSXA	901
bcEZCS	1073
bcGHYJ	995
bcGGLK	1164
bcGGMX	735
bcEJKN	792
bcCOAW	643
bcDUMV	861
bcARPA	632
bcCTCC	660
bcCDWA	499
bcDDOQ	487
bcHJXI	427
bcAAZH	431
bcBUPC	489
bcDZIK	413
bcAYJM	415
bcDEJZ	457
bcBMMH	401
bcDDEB	401
bcAGES	350
bcBJQZ	333
bcDLZT	241
bcCWAG	306
bcGUXQ	254
bcCFXY	353
bcFNNJ	311
bcGHKV	345
bcGFTS	290
bcCWIQ	262
bcGLNX	260
bcGJET	298
bcHEWB	285
bcBFUT	304
bcGBPG	260
bcDYZI	165
bcEIXF	221
bcFSDD	296
bcGNOT	270
bcHKEH	264
bcDWPP	251
bcFOAB	273
bcCNQO	199
bcGTOZ	242
bcEMWI	317
bcFMLO	239
bcHUTB	235
bcHREP	255
bcBLNU	203
bcCDYI	167
bcIFSV	230
bcBNRW	246
bcCNEJ	212
bcIJHN	234
bcFCTS	235
bcFVJE	114
bcFIPO	201
bcHFMF	233
bcBLTI	114
bcASIN	219
bcGVSV	178
bcAHXR	173
bcHXAD	155
bcGDZC	187
bcFLKP	202
bcHAEJ	164
bcGEBR	216
bcAOPS	199
bcDADA	210
bcEPOE	183
bcFJRO	180
bcFNZK	194
bcIDUM	161
bcEQCS	141
bcGSCL	122
bcBDEH	187
bcETCI	172
bcGDQU	152
bcCBGV	167
bcCFNY	180
bcHCJF	165
bcEPTK	200
bcEKMG	192
bcDFYS	183
bcBWGY	142
bcCTGM	151
bcDETW	195
bcBTBC	169
bcGMMR	3081
bcBRBB	2533
bcBNGP	2056
bcFFVK	1847
bcDDAD	1761
bcFKYR	1061
bcFOPF	1614
bcGKJY	1544
bcCGEA	1514
bcFJCT	1211
bcAMEV	1406
bcDXGG	1523
bcHLSZ	1263
bcCJZQ	1106
bcCWXU	927
bcFOKF	1222
bcDEPO	979
bcFSKH	931
bcAWUY	1671
bcATFL	660
bcHCEZ	740
bcGOEH	851
bcCQFE	691
bcGSGS	914
bcGHNH	991
bcIHBT	744
bcFPWF	680
bcAVHV	700
bcBQPM	501
bcCYMH	502
bcHUPV	552
bcBPNU	573
bcGIJG	402
bcHJLV	489
bcBUIG	379
bcGEIX	363
bcEEUZ	346
bcHPBE	344
bcATWE	350
bcFGMC	349
bcFLKS	405
bcEBKP	363
bcGYHQ	219
bcGSYU	361
bcCKFI	278
bcEKPJ	324
bcDWMO	296
bcABUD	295
bcCBBB	306
bcGUKZ	173
bcBPUX	297
bcHUGI	282
bcEBWY	279
bcDGED	326
bcEKAK	239
bcEYQB	216
bcHDEW	253
bcACKX	282
bcFRAK	272
bcGPWP	272
bcCFHR	249
bcADBO	249
bcCFDL	240
bcAUES	260
bcBMUJ	233
bcCGVV	215
bcAZND	219
bcBCGS	222
bcIIRN	147
bcFTEW	225
bcFUHL	263
bcFVRG	195
bcIFUX	256
bcEHJJ	225
bcFODC	220
bcDXBV	115
bcDQZY	187
bcBKGT	192
bcEHED	232
bcHDQN	177
bcCEXJ	219
bcDSPQ	231
bcCJDA	172
bcCLLI	166
bcFFVD	222
bcEDEW	210
bcGCHS	227
bcBDKL	203
bcGKWG	195
bcBAYW	224
bcCKWY	197
bcHZOC	187
bcDHWC	204
bcCDVU	189
bcADUB	172
bcAPKH	202
bcCGBW	169
bcDJDZ	191
bcEVFD	146
bcCYVO	127
bcGLXB	178
bcHRFE	174
bcEKFT	190
bcCGFZ	161
bcHOYR	170
bcAVOO	193
bcCVRL	140
bcHWYB	2796
bcIAER	2332
bcGXQM	1956
bcENJB	2394
bcADHY	1800
bcADCP	1429
bcFNWL	1389
bcFZBG	1568
bcHLHJ	1175
bcEYAR	1321
bcEUSY	1186
bcAFFC	1185
bcFFEN	1435
bcAXUJ	1257
bcDFJE	1090
bcAXLW	1236
bcCHZG	1025
bcDNMD	1000
bcGPJQ	1096
bcDNWV	1488
bcBQWQ	707
bcBXNJ	967
bcFRGB	703
bcBCWT	1047
bcCLBR	579
bcIERL	584
bcBIXG	823
bcBWSS	277
bcGEIE	595
bcDTYM	470
bcIBPP	585
bcHHYO	533
bcDXDZ	424
bcDUUT	328
bcIEOC	458
bcEYSK	178
bcGYNC	391
bcGUFD	377
bcIGAJ	314
bcEPXK	393
bcHNMH	393
bcAJZU	381
bcGGQY	290
bcHZCX	374
bcCAGV	365
bcBOWV	349
bcBWPD	188
bcDVLA	313
bcHVPN	242
bcFBWS	251
bcCEEM	280
bcDNFM	292
bcFGOD	278
bcDRJO	304
bcBBKP	274
bcIFWS	258
bcHDHE	296
bcEAPF	280
bcDZPY	286
bcGYSS	283
bcAYVQ	272
bcESSF	319
bcAVYG	273
bcCZSG	240
bcHVTI	254
bcFHST	190
bcEIDK	238
bcCGGI	225
bcBTJN	210
bcERGA	189
bcFCUI	228
bcCBVH	205
bcFMAS	234
bcDWQW	171
bcHMNT	204
bcHPQH	109
bcCDMU	187
bcEIKW	210
bcASBC	204
bcEQSC	195
bcDGUU	254
bcGFZT	178
bcCPOS	203
bcBCTU	194
bcBLIN	173
bcGICR	209
bcCPCK	233
bcCZBI	207
bcFKCN	211
bcAVML	220
bcFMAR	224
bcHFBR	189
bcHVQE	198
bcCCRK	189
bcAFSL	198
bcDUEH	230
bcGLXJ	177
bcADEG	175
bcCNBA	185
bcGDSH	171
bcFDQF	169
bcHPNT	168
bcCWSA	184
bcFMYU	214
bcGXWF	151
bcEZVE	192
bcHCFQ	180
bcCWEK	3399
bcHCOS	2745
bcDIYE	1915
bcAOCE	1879
bcGADC	1911
bcHVKM	1414
bcGGCX	1765
bcAUGE	1499
bcCXZR	1179
bcAEWU	1315
bcBNFQ	1463
bcFLKM	1423
bcHKFV	1486
bcDTIQ	1222
bcAVNS	1197
bcGUKG	1177
bcFQSB	1068
bcBEWQ	1294
bcIHMS	839
bcBXPC	832
bcGVCG	740
bcDOBZ	933
bcCMAH	748
bcETOL	1041
bcEZXM	617
bcCABN	808
bcBBQN	686
bcDDIK	514
bcGXXX	489
bcDCMJ	625
bcDIWI	293
bcAJTM	388
bcGXXH	366
bcGQWB	434
bcCBAK	447
bcATQG	373
bcCEDP	357
bcFHCC	387
bcFDYF	407
bcAZPG	403
bcFQAO	417
bcCVUG	335
bcBYBH	305
bcDKQZ	361
bcCARR	298
bcHUPO	284
bcHMDZ	8
bcHESC	283
bcCDTL	304
bcEUGH	316
bcHVQJ	186
bcFXJN	233
bcGFIU	267
bcBVWY	301
bcHNMO	295
bcFZKN	270
bcAPFM	268
bcARWI	257
bcFUXI	251
bcBMXT	246
bcBMKN	242
bcDYZD	273
bcCNUF	201
bcCYSO	271
bcHMVO	303
bcFBDB	263
bcCJLF	212
bcFTIJ	235
bcGWRI	233
bcDRAL	243
bcCBVE	194
bcADLR	224
bcBXTO	127
bcAVDW	242
bcEXFP	217
bcGADK	240
bcEZZY	217
bcHZGP	213
bcEDDM	215
bcBQYI	207
bcHLJR	194
bcDGDB	239
bcEDFY	208
bcENDN	192
bcBQCP	191
bcCTJF	228
bcIBNH	160
bcHRDR	190
bcHTNK	193
bcDGLW	213
bcEDDU	198
bcCSOG	199
bcBYEN	229
bcBQEA	193
bcFKMC	187
bcFNMX	211
bcBZHZ	164
bcDNMT	218
bcAVUJ	207
bcDVSH	162
bcDVTY	209
bcATRF	203
bcHLHK	189
bcFUEU	177
bcDMIU	189
bcGSEI	167
bcAGIU	176
bcDITO	2502
bcHCUY	2441
bcHLQS	1807
bcHMMT	1602
bcDVZI	1929
bcADJY	1659
bcGZDK	1447
bcESZS	1712
bcDLXO	1219
bcGPQX	1310
bcDOAV	1605
bcEZEI	1231
bcDOYF	2148
bcGJCV	1128
bcGUGM	1106
bcDLKM	1100
bcEAXB	1212
bcDAYM	1105
bcAULG	1302
bcBRAO	815
bcHCGN	1286
bcHOME	731
bcDAWK	591
bcIAOQ	760
bcAIQT	727
bcBPGI	624
bcHWQT	487
bcFIIN	580
bcAVDV	594
bcDNLG	645
bcEANG	420
bcHAYB	541
bcHYYM	374
bcBEFW	385
bcHQWW	470
bcIEJE	386
bcCVOK	381
bcAUUQ	387
bcDZTP	359
bcFMOW	372
bcDUNQ	103
bcGQEK	360
bcEZSS	379
bcCXNT	345
bcDHTH	419
bcBQEM	318
bcCHZN	306
bcFGDG	330
bcCWGM	265
bcEOMI	293
bcHKWM	293
bcFMDZ	282
bcEYBR	140
bcFPFT	254
bcAODX	275
bcEQBO	250
bcBUNY	265
bcHCLD	258
bcARAP	224
bcFICP	250
bcIBJJ	239
bcBLWG	242
bcIAOO	228
bcFHXU	240
bcFIIK	236
bcDBAF	209
bcHUGL	251
bcEAGT	240
bcEWQG	273
bcIDSQ	220
bcDZUS	235
bcDHZU	223
bcHAJS	249
bcDJSV	206
bcAEEY	234
bcFBJO	262
bcGNMU	212
bcESZE	167
bcEIEY	209
bcCTJT	218
bcEYSV	193
bcGQNB	206
bcGDRC	208
bcEJVB	185
bcDAEZ	221
bcEMWB	207
bcAGYI	206
bcDQQS	235
bcHGRR	220
bcBIUM	235
bcHXXK	130
bcCRZM	165
bcDVRT	199
bcHVLP	137
bcEKTN	201
bcGFSY	169
bcASEV	185
bcGOAR	190
bcEHLM	176
bcIDOL	176
bcEGNJ	184
bcEDVI	179
bcHAFC	162
bcBVWI	176
bcARZT	171
bcCFXV	143
bcCIZK	157
bcBMSN	2796
bcBNUO	3117
bcAESE	2203
bcFKBY	1902
bcDLXM	1638
bcGDSJ	1792
bcAIDG	1504
bcESVE	1711
bcCVCS	1463
bcAUKH	1271
bcAYQR	1400
bcGGTX	1152
bcAHWV	1081
bcCXSI	1236
bcERZM	1024
bcEPNC	1093
bcAYXR	1287
bcAHHC	941
bcCTWY	985
bcCZNY	968
bcAXPU	1096
bcEORZ	769
bcCMFD	807
bcBFMD	621
bcBCYB	568
bcABEY	606
bcGZXG	562
bcERDD	520
bcGUZK	587
bcHTIL	458
bcASAA	566
bcFGLI	564
bcAHOK	558
bcANKP	458
bcFNIH	445
bcDYLR	443
bcCWCX	360
bcHOPM	395
bcFBGT	431
bcDVGV	355
bcCBMO	349
bcDOSH	297
bcDVIX	143
bcDMDG	345
bcHVGU	289
bcDVJN	265
bcGRMV	319
bcGBEV	309
bcDJJG	256
bcCEDB	254
bcAVQD	369
bcDOEW	326
bcCWBD	227
bcBYGZ	144
bcBYCX	286
bcADXJ	333
bcBCSZ	248
bcIGBM	7
bcGFXP	265
bcGILR	257
bcAXVT	259
bcHFAR	298
bcCDUB	216
bcHRIX	216
bcHNMV	204
bcAJRH	273
bcHLJI	185
bcAPIT	239
bcBQZX	227
bcGSHW	262
bcHKDY	242
bcIHZD	213
bcEHWD	113
bcFKIC	217
bcAQBO	196
bcAHEP	218
bcGLIH	225
bcFJQK	194
bcBGQY	234
bcHEPX	200
bcAXVE	181
bcGISQ	200
bcIFSW	212
bcEKNX	177
bcCCBN	204
bcGDOT	154
bcDAMT	202
bcGOCI	197
bcCPMA	226
bcAZFJ	184
bcEJZI	190
bcENCP	204
bcBLIT	181
bcEFKH	165
bcATCR	159
bcGDJU	178
bcDYYR	193
bcDEPP	167
bcCZUG	104
bcCONG	180
bcCYYH	164
bcEAKL	144
bcHPGF	180
bcCVUF	158
bcCQPE	202
bcAZMO	170
bcBNBW	146
bcHSJA	4678
bcEBXD	2208
bcHTDF	1967
bcFZZR	1960
bcFTSR	2396
bcGJEW	1497
bcCHFD	1564
bcEBTG	1818
bcCFPY	1203
bcFJTR	1258
bcFNEA	1686
bcGBZS	1403
bcAECQ	1311
bcFHTL	991
bcHCEK	2036
bcBKBG	1301
bcGCQY	1036
bcGLVT	1080
bcDHKD	1129
bcDZET	1007
bcEWXH	992
bcFDCQ	739
bcGNHC	609
bcCNKP	508
bcHQMX	555
bcHBDM	802
bcDQUI	742
bcCVCT	630
bcCNRM	609
bcFOQZ	550
bcDQUJ	461
bcAHGP	576
bcCVDA	463
bcEHAC	416
bcDUUD	451
bcIIJJ	400
bcAJXU	413
bcCWRS	353
bcIDEZ	423
bcCAZR	336
bcEZII	414
bcFXFS	377
bcAMSI	292
bcIBNP	313
bcEZPI	229
bcHDIR	273
bcAWDN	370
bcGGQC	276
bcDZDH	112
bcDICF	245
bcIDTO	332
bcIIVF	201
bcFTCR	287
bcCSZE	330
bcFMMH	275
bcDYQV	319
bcBTRM	133
bcCLNG	245
bcDWLD	181
bcFHLK	262
bcIHJK	236
bcCSGU	250
bcFMKO	239
bcETEF	262
bcBTXL	260
bcDBOZ	254
bcCDUR	235
bcBPNE	239
bcCLJX	223
bcGWPZ	206
bcBVIL	250
bcIJWI	248
bcDBHF	240
bcICNL	233
bcBMIC	135
bcBBVX	264
bcGCAA	217
bcDJGV	222
bcFSZR	207
bcGLHC	211
bcCVPB	186
bcCJOI	224
bcEYUH	209
bcFSIN	211
bcEKLS	183
bcCNEV	145
bcGCGG	212
bcFFSB	201
bcAMWX	192
bcDZHK	193
bcGPTQ	194
bcEYBE	199
bcAODK	206
bcDXEY	229
bcBDSR	204
bcFNJU	168
bcGCKK	178
bcFFYI	195
bcGLNC	156
bcCMDK	207
bcFWLA	209
bcIBEM	182
bcBWYM	170
bcBFPA	174
bcCZLQ	162
bcGWUB	151
bcBCMB	175
bcBVIK	2476
bcAHSB	2451
bcHVDN	1811
bcCLJT	1996
bcALPK	1883
bcGXVO	1271
bcGWYB	2081
bcHOQT	1354
bcGVHS	1413
bcCVTG	1132
bcBGKA	2202
bcBRNX	1168
bcFSXZ	1232
bcEJMG	1208
bcEVUC	1348
bcAKFP	1254
bcHSOR	1125
bcDTXB	972
bcIJYD	1092
bcHCII	1540
bcDSBS	874
bcBWRH	1049
bcDSCE	880
bcIERH	563
bcDPNN	1013
bcHVWD	734
bcDXOI	505
bcFLKI	704
bcAYSY	469
bcFOLP	534
bcCHTU	606
bcBLEB	406
bcHBHH	397
bcCAOX	428
bcCBHL	391
bcENMS	401
bcFWWV	443
bcGFDS	359
bcEAID	408
bcBYFX	356
bcBRGC	377
bcHLEV	333
bcDQZH	360
bcDQGW	219
bcDWVC	272
bcCULO	364
bcAHQQ	247
bcHDMH	284
bcCDEC	290
bcGMPE	302
bcEXVN	316
bcDTDL	297
bcCWBZ	257
bcBVPQ	268
bcBUDB	298
bcIEZF	263
bcABEK	277
bcACEX	296
bcDRSA	293
bcETRL	265
bcBSOE	230
bcCYKV	238
bcIAFA	286
bcFUAQ	244
bcCOGR	255
bcAPMA	225
bcCSGX	242
bcCAMY	201
bcHQFF	232
bcFGAF	263
bcDNSL	134
bcCIRE	219
bcCVYM	196
bcGHXT	219
bcATQL	205
bcCJIV	193
bcERDN	173
bcBBJP	230
bcCANK	162
bcCQYW	203
bcHSZD	228
bcGBMM	217
bcCYFY	206
bcFNZH	174
bcBSYZ	201
bcAGFB	120
bcDBJZ	218
bcBXYE	194
bcGKGK	184
bcCFCS	186
bcCLVV	214
bcDVGQ	197
bcFFQR	187
bcANJY	202
bcHMKD	194
bcEEOG	198
bcABCJ	188
bcHEVE	152
bcFCZE	207
bcGWPH	188
bcAJAB	215
bcALPL	138
bcGMAF	161
bcAAJZ	185
bcAFDQ	189
bcAMIG	146
bcFHSK	167
bcBPGW	2536
bcIIIS	2541
bcBKZA	2578
bcDDJO	1717
bcEYRM	1931
bcCTMB	1654
bcEFIC	1912
bcCNSW	1280
bcFFZK	1492
bcBMPB	1314
bcHSID	1254
bcHPMO	1197
bcGHTG	1182
bcBRQF	1134
bcCGAF	1132
bcABMN	1343
bcGQUF	1064
bcIDSW	986
bcCTMR	870
bcDAAD	860
bcFREK	736
bcCDHU	945
bcCXHO	695
bcBXNZ	878
bcGQWW	713
bcBWKJ	433
bcIJMK	499
bcHZIS	630
bcEJRC	616
bcDOYE	615
bcGGZE	363
bcDQJG	575
bcHABW	355
bcEVIT	434
bcBBTY	480
bcHGYF	402
bcGFMG	378
bcFSFH	244
bcCDRY	419
bcIAFG	375
bcEVIH	309
bcAYAK	339
bcHXSS	282
bcHGAO	365
bcCZVA	346
bcEPFA	347
bcIBPQ	319
bcEEBE	336
bcDTVT	326
bcFWCY	262
bcHYFE	327
bcHWUX	239
bcEDUH	319
bcAYFU	243
bcCLEU	286
bcEQVU	280
bcCBGL	230
bcBPEO	287
bcECQC	289
bcCQQY	296
bcGMEE	244
bcIDDA	245
bcGWNX	235
bcEVQK	295
bcBEIO	215
bcCTNK	276
bcBQPF	190
bcGICH	234
bcASUE	121
bcALIL	222
bcDJRA	263
bcGAZY	237
bcHLND	204
bcCPZH	223
bcCKCR	207
bcBVHS	222
bcHEKF	147
bcBVGI	210
bcAOCT	224
bcBQSQ	190
bcEOHM	236
bcEYLL	202
bcETIT	228
bcDXOC	245
bcDUZI	182
bcEKDG	182
bcGKAF	208
bcDXXW	148
bcHJHP	187
bcACEC	108
bcFTHD	189
bcBORK	182
bcHZBQ	175
bcIIFQ	175
bcCZLC	184
bcBAWQ	210
bcCTBH	133
bcDDZU	184
bcEGPN	185
bcBUTW	202
bcGPWY	159
bcAZUY	161
bcDMEY	166
bcERXM	201
bcBLTY	173
bcIIHZ	114
bcGJPX	120
bcCBXQ	2728
bcELHN	2456
bcCNUS	1682
bcIEGG	1757
bcDWLR	1868
bcDJVE	1841
bcAGLY	1447
bcAECO	1502
bcBBBT	1338
bcCVBI	1607
bcDZKN	1486
bcABYE	1437
bcEMEY	1467
bcEDRJ	1177
bcBYOB	1209
bcFPMK	1100
bcBKOO	1096
bcFXFB	1016
bcEPUY	950
bcCDLV	980
bcBJTY	1047
bcCEAC	920
bcEXFK	853
bcFBWQ	638
bcFXKF	554
bcEVTB	603
bcDBMT	386
bcBCUO	603
bcGJDN	680
bcEGBY	580
bcCCIF	508
bcAZOH	408
bcEBIU	296
bcATSV	425
bcDEOR	471
bcESNB	462
bcHLCK	381
bcAMSO	368
bcBMTB	415
bcATVJ	355
bcARCC	224
bcCIRZ	348
bcCFTJ	329
bcACSV	351
bcAQUF	307
bcHLFR	278
bcCRSS	302
bcDQQL	298
bcBGMA	373
bcFLQN	313
bcEEUS	274
bcBVIC	300
bcCKAI	242
bcEHES	260
bcASFH	288
bcDWZQ	278
bcCLET	276
bcICNN	275
bcFVUC	231
bcFJRE	300
bcBWRA	221
bcBTHQ	253
bcCQSS	292
bcBQLH	196
bcAGQZ	260
bcBEOD	250
bcCWZL	169
bcCNET	233
bcBROO	252
bcGHLK	257
bcEUJS	242
bcDYFC	249
bcEWUK	259
bcGRWK	171
bcAKYW	209
bcDAOY	199
bcGETD	234
bcEIWT	237
bcGRBG	196
bcFXQB	210
bcEAMF	200
bcBLUN	176
bcBHWD	168
bcFXDH	215
bcAZYR	225
bcGXZE	142
bcGLHF	196
bcAUHP	194
bcFOSV	191
bcAYQY	188
bcFNFK	224
bcHKSF	165
bcDXCJ	185
bcAIZZ	188
bcGSKG	201
bcCVGT	197
bcEFDO	213
bcBQFI	167
bcDJWQ	197
bcGPRE	184
bcDHUX	157
bcGRCH	162
bcCPMU	179
bcGFFW	186
bcENUQ	182
bcFMRO	178
bcESGD	181
bcBKZE	2590
bcAFEY	2386
bcALJC	2235
bcEKZP	1868
bcGPXY	2368
bcGFUI	1491
bcAZDL	1403
bcBGPT	1779
bcFQAE	1498
bcBMWG	1326
bcHMMW	1288
bcABYH	1343
bcEMXX	1654
bcGLCW	1436
bcEMUP	1199
bcCMXV	1021
bcAULA	943
bcBEVQ	894
bcHOJA	1367
bcHVRY	335
bcBFWE	876
bcFPZH	940
bcBYRU	866
bcGIWG	795
bcBWQS	538
bcBMPZ	613
bcEWGS	512
bcBQQV	393
bcBHNM	422
bcAFOJ	608
bcCPFU	465
bcGGQO	441
bcFCYO	376
bcHDII	464
bcDUGD	477
bcCVHX	397
bcDNTX	298
bcERKU	383
bcGXVG	210
bcGLIL	334
bcBJVO	394
bcHAFS	325
bcHDUP	289
bcAZES	364
bcEKOZ	318
bcFGPB	315
bcARQS	290
bcGMWM	331
bcICSZ	338
bcGABS	284
bcGAQV	309
bcGMHR	288
bcBEQL	241
bcFEJK	316
bcFMID	280
bcGADO	253
bcAXZY	270
bcFSBN	283
bcGVLU	225
bcBKAG	249
bcBWHO	107
bcBVDH	262
bcHMWO	303
bcFBLH	292
bcGLOM	200
bcBCBW	244
bcEHSF	228
bcGBLH	246
bcDOAT	276
bcEFYB	218
bcAXYW	202
bcCVDN	218
bcCMGS	265
bcGJDI	247
bcGYDR	248
bcGGOD	190
bcEQLX	234
bcGUXS	125
bcCWFU	184
bcFOGN	198
bcDYSC	235
bcCASO	172
bcIGNX	193
bcFTOB	185
bcFNKB	173
bcCBNQ	182
bcFIXJ	214
bcCCIZ	132
bcHCGW	195
bcEFOQ	200
bcACZB	197
bcBPIL	216
bcCJEQ	201
bcCNBC	174
bcFDDA	205
bcBRIX	187
bcCJOH	170
bcAMSH	188
bcBEHZ	188
bcIJIA	147
bcADCZ	190
bcANKE	194
bcAYBV	152
bcDFJP	186
bcHEEC	186
bcFUKQ	189
bcHDSS	166
bcBUXG	4667
bcEBXZ	2423
bcACPF	2374
bcHMVF	2207
bcGGWM	1868
bcCKCK	1507
bcBGUA	1911
bcCAFJ	1415
bcATRL	1477
bcHWVE	1153
bcBWEO	1193
bcFEKA	1367
bcFGAD	1323
bcDTQV	1119
bcBVOQ	1079
bcGDIW	1243
bcAGMN	971
bcBKLD	870
bcCJOV	1226
bcESQA	904
bcHSJV	853
bcAVFX	801
bcIIAR	1186
bcBTRA	581
bcBRSN	840
bcCOPC	546
bcHNUB	722
bcIFMP	601
bcIGWR	612
bcESRV	542
bcGBDE	478
bcGGQW	443
bcGFHC	376
bcDMNZ	517
bcGFJX	438
bcDUQO	436
bcIDKV	303
bcHAQV	438
bcBQHM	125
bcDFJG	368
bcFJVB	391
bcFXVT	344
bcDTSA	372
bcCIYK	296
bcDLGR	331
bcADIU	324
bcANDX	355
bcEAYI	324
bcGHSH	300
bcGUMO	290
bcFPED	280
bcDJBP	281
bcEZMV	317
bcARTS	261
bcBZDC	157
bcGPZI	289
bcBWLD	227
bcFTSS	252
bcFBOH	158
bcHHVG	295
bcGENZ	259
bcGVUO	223
bcHGGH	262
bcGMJI	248
bcHWSE	233
bcFIYX	255
bcFNSP	249
bcCBLD	215
bcDZAM	237
bcCWCO	86
bcCZAB	196
bcAGIC	273
bcEIFV	192
bcEYSO	190
bcCEPB	228
bcIFVH	155
bcHDJT	222
bcCFUR	186
bcEGDS	232
bcDWFG	182
bcBPDX	130
bcARAX	195
bcGYXK	178
bcEGAB	178
bcDOHS	232
bcAOTX	186
bcHHHS	184
bcAFZG	204
bcEKXM	141
bcBATP	194
bcCPND	204
bcBQMY	158
bcAFWX	199
bcADOI	211
bcIFBO	185
bcGVMW	163
bcHARI	169
bcETXR	245
bcHBNJ	206
bcBVVS	180
bcEURT	172
bcHWRD	160
bcCACH	169
bcAOTY	176
bcARZJ	180
bcDCUH	200
bcCMII	200
bcCANZ	3827
bcIHPK	2229
bcDDST	1947
bcGEJC	1469
bcGCCL	1397
bcBWNA	2372
bcICLB	1605
bcFUDK	1995
bcAWZL	1620
bcBHWY	1576
bcELMG	1234
bcHMMP	1018
bcEDVV	1311
bcHXZA	966
bcHOWS	1185
bcGBCI	990
bcBJKL	946
bcBGRT	1011
bcCXQH	1137
bcDXDO	834
bcHAVO	1109
bcBEEP	708
bcFQBY	1304
bcCJGY	691
bcIITM	626
bcHGVP	646
bcCHFM	564
bcDQRF	661
bcFSCW	652
bcEVBX	588
bcDTNJ	609
bcAFYC	406
bcGQNL	508
bcGCRW	374
bcFJEV	486
bcBSMN	400
bcHNMB	424
bcGFBN	399
bcCLOL	452
bcFDKX	376
bcDVYH	262
bcGWQV	310
bcCNTT	363
bcGTYN	346
bcBNBV	330
bcAEIC	298
bcESBW	313
bcBXWJ	227
bcCTEM	312
bcBSME	297
bcAZFW	165
bcAGVN	275
bcESQP	277
bcGXSG	217
bcGKUB	264
bcCCJU	284
bcCICP	276
bcCHLQ	231
bcGQXT	198
bcCYZU	273
bcHPWF	257
bcFDMX	277
bcBKCQ	239
bcHJUF	271
bcCSRQ	259
bcAKUN	239
bcDEEX	260
bcCWUZ	205
bcAZLI	254
bcGCBZ	227
bcACNW	189
bcGHRF	230
bcHRDS	251
bcBOXD	233
bcGJFG	186
bcCHWX	188
bcHLNQ	152
bcEZIC	252
bcDCQV	220
bcGMNP	235
bcACYU	202
bcAZLK	200
bcCHGX	192
bcGMKW	215
bcHKMU	227
bcAYXI	175
bcCGOH	193
bcEKOO	183
bcEXNA	227
bcDHQT	200
bcCHMB	159
bcGTVN	148
bcDJBG	186
bcFOFO	200
bcCALY	163
bcEXDF	144
bcCPVV	174
bcHJPE	198
bcHNPD	180
bcAFES	186
bcFJTD	133
bcENQT	177
bcBTML	174
bcEGPX	178
bcIGYK	166
bcALYY	155
bcAORD	197
bcHQAQ	3485
bcHMWU	2456
bcHIBU	2096
bcBGGH	2280
bcELRS	1818
bcIIMO	1586
bcELKS	1815
bcGUPQ	1564
bcDRAY	1279
bcBSXI	1335
bcFFTR	1280
bcDBBW	1363
bcAEIO	1414
bcBDEV	1099
bcDNNH	1093
bcCHZW	1164
bcFGNF	1074
bcDYGF	1154
bcADNS	1193
bcEZUF	998
bcEMOW	878
bcERIQ	718
bcCIYY	736
bcAIHP	756
bcCXDA	801
bcAQHG	522
bcEYPZ	524
bcHTMO	648
bcHUSH	621
bcCDAW	360
bcBHVK	184
bcDUUU	574
bcFHLZ	430
bcDVLR	332
bcCVQN	404
bcBWNW	350
bcBZPP	301
bcHPPL	391
bcELWH	390
bcCWDV	279
bcAOPF	339
bcCGGD	337
bcBJPD	279
bcBWPN	314
bcAWBL	376
bcAZRR	370
bcCOWR	279
bcDOPW	341
bcAPCV	302
bcFHMM	305
bcDTKB	147
bcCGSR	319
bcFAME	286
bcHGVT	255
bcCEVL	268
bcFTWK	239
bcGPUU	248
bcCKJY	204
bcETYH	272
bcDWXD	267
bcHNKC	204
bcGFSP	235
bcCFHU	147
bcBFDH	266
bcDPSJ	289
bcCVTS	273
bcCCOX	241
bcEWSV	270
bcHVON	235
bcCPWS	249
bcDYCE	227
bcDMSS	251
bcAWLW	217
bcCNBL	161
bcCGAE	185
bcETAS	227
bcEHCC	162
bcDSQB	238
bcBAMD	216
bcBSKY	186
bcICPZ	205
bcEFIA	186
bcFPQQ	225
bcCPDM	223
bcBPYZ	225
bcGEAD	187
bcBJBO	214
bcBJII	188
bcFQZR	188
bcGESZ	175
bcHKDZ	184
bcDNZY	207
bcEURY	168
bcAGJC	207
bcCBUO	156
bcGMCP	188
bcHBHN	163
bcFMUB	203
bcFVUY	168
bcBVTN	198
bcBEVA	174
bcEMZP	224
bcGOBM	177
bcGYVE	152
bcFZQE	188
bcGCBI	162
bcGTVE	184
bcHERO	4201
bcEFZI	2530
bcCKKY	2566
bcESWG	2791
bcDRVK	1638
bcBXJE	1469
bcCCWC	1829
bcDQXY	1649
bcHFHJ	1610
bcICFD	1208
bcFGVI	1222
bcGXPF	1037
bcFKXW	1519
bcHBJL	2148
bcDJPC	1240
bcGGEA	953
bcDCOM	1024
bcABFM	958
bcGROA	1027
bcAKPR	911
bcHCKX	1063
bcBORV	876
bcBPKM	747
bcFQNG	622
bcELYP	554
bcDXEU	882
bcAGUX	440
bcGIUB	535
bcBLVM	581
bcAVIA	612
bcBHWS	376
bcHDZD	348
bcEBKL	509
bcEMFQ	518
bcCHBG	435
bcFWDI	351
bcHUTQ	333
bcFMRB	470
bcDWRN	382
bcGTSB	430
bcHWHQ	243
bcEFGN	363
bcEGXR	403
bcCWXD	332
bcGPYW	331
bcHZZK	312
bcFYPD	258
bcBUEU	290
bcHZEU	282
bcDNJA	247
bcAOSV	301
bcHPQT	294
bcICND	312
bcEPTA	311
bcCPZC	275
bcCNAJ	236
bcFVMJ	239
bcCWHM	182
bcBIMY	293
bcFYQV	239
bcASHW	261
bcIGCO	234
bcAOWG	257
bcFNNW	256
bcCXUL	239
bcCGMX	212
bcBFDO	255
bcGEKQ	198
bcFKJW	210
bcAWDV	244
bcCFAZ	194
bcECPT	247
bcCRYE	208
bcAGVI	239
bcCGFO	206
bcFHKI	208
bcHVTV	187
bcBVJF	195
bcGKFS	194
bcAVDG	217
bcANRK	211
bcGHTX	236
bcDOOM	224
bcBIDC	232
bcDBEV	202
bcCGUY	186
bcEQTN	218
bcCWEO	128
bcIIGR	193
bcHJCW	157
bcEORL	204
bcBROL	210
bcFZOE	171
bcGCDU	189
bcEAYY	234
bcHJJW	188
bcCYAO	156
bcGDEY	186
bcIIAS	188
bcAOJZ	174
bcBEEZ	173
bcBUGD	153
bcEQQR	141
bcAHQC	177
bcDMOX	114
bcGZDB	164
bcBSIV	171
bcHDHY	2811
bcHNNT	2607
bcFLGP	2563
bcELRL	1908
bcFFBS	1896
bcCCGU	1763
bcIJCM	1629
bcFMXB	1742
bcDITA	1228
bcHILU	1440
bcFTGB	1268
bcDVHC	1287
bcBUAF	1155
bcFHWJ	1103
bcFDYG	1229
bcCKWH	1205
bcHEEQ	1025
bcHOWU	1140
bcIBBD	869
bcDZNJ	892
bcCOVP	1034
bcEJBU	741
bcCZLK	836
bcAPZV	260
bcAHMB	914
bcBAOI	483
bcEXEU	819
bcAEWQ	597
bcFSZN	455
bcFPPF	587
bcFQAY	571
bcBPGD	334
bcHSXI	361
bcALMD	487
bcBNSL	118
bcGTYR	381
bcEYQM	254
bcFHCO	366
bcBXTW	355
bcBACO	385
bcHQZR	337
bcALUS	335
bcCULX	351
bcAHHJ	334
bcIAOH	350
bcAMLW	296
bcGYJK	318
bcBLIG	288
bcDZTY	303
bcBRIA	310
bcBWTW	284
bcIITF	218
bcCYJQ	127
bcGFKC	268
bcCHRY	314
bcBIBK	239
bcCTCM	307
bcARJU	256
bcGAEI	203
bcGSIT	182
bcCRHR	253
bcEFXJ	248
bcGNVZ	141
bcACFY	269
bcGCOQ	307
bcFOGS	258
bcCMOJ	274
bcFRSV	223
bcFOUQ	254
bcAUFO	193
bcBJAU	243
bcCKTF	55
bcBXAA	231
bcBAQS	254
bcFIUK	199
bcIHQC	179
bcGLFD	208
bcHCBR	201
bcBISS	240
bcEVPS	251
bcEAFN	211
bcBTFT	173
bcAMKE	210
bcFIWB	213
bcFAJR	221
bcFDQA	194
bcEGKT	209
bcCCFT	204
bcCJUU	175
bcDXAP	181
bcAJJZ	166
bcBZBE	184
bcDWGK	112
bcFKPQ	170
bcGLFB	172
bcCWQG	206
bcDXEI	177
bcDWOP	174
bcANTM	198
bcAAUB	220
bcHZFD	152
bcCVXK	152
bcBMKR	187
bcCIGF	159
bcEUSW	163
bcDSRC	212
bcAKJO	198
bcBXEH	3191
bcGAQE	2000
bcGEAK	2333
bcFTJI	2069
bcATEY	2172
bcAHQE	1495
bcDWHV	1897
bcFSLE	1875
bcIBOJ	1162
bcEGRU	1381
bcHJJV	1548
bcEFMJ	1218
bcBBGH	1334
bcATLS	1046
bcHTCO	1267
bcIELV	1506
bcGHPO	984
bcGGYE	890
bcDQHE	917
bcIGER	990
bcFEWF	936
bcBHZQ	974
bcDQOK	880
bcAOCS	883
bcCBOP	675
bcHCIE	294
bcHLBS	618
bcGUSY	571
bcBWOI	413
bcFGNO	607
bcBNAJ	301
bcHJCU	168
bcIJAG	473
bcCRVA	394
bcHWSA	411
bcAMCZ	458
bcIHLM	409
bcGBZO	448
bcDQFP	349
bcETMB	104
bcEWKH	305
bcEXDS	360
bcEVLF	361
bcHFHT	325
bcBWSQ	274
bcFVOA	362
bcCCTW	249
bcCOYY	304
bcFHSY	262
bcAVBP	306
bcBWVY	254
bcCERN	300
bcHKJE	331
bcDGLU	311
bcDJIG	268
bcIAAU	271
bcAGJS	264
bcCKXI	221
bcIHEV	250
bcIHWG	241
bcIHHM	210
bcHTLN	231
bcBXVU	237
bcHPWB	298
bcFYRR	238
bcDGZV	293
bcBWUE	210
bcEHZC	256
bcHDVY	243
bcEIXA	217
bcDDEW	88
bcHTEE	251
bcGENL	217
bcFQWT	198
bcGMCS	232
bcHWDY	141
bcFSUG	209
bcGQYU	165
bcGPTS	246
bcHNPJ	217
bcCCXU	199
bcHWOJ	178
bcCWKZ	208
bcHMEF	210
bcEPZD	118
bcCSYU	218
bcBOUB	204
bcCAEW	209
bcEUYN	199
bcHTAZ	209
bcDNWF	173
bcCHYY	204
bcCBTQ	161
bcCKGV	158
bcCYYY	201
bcGOXK	175
bcGOTQ	224
bcFKRF	172
bcCEKX	179
bcDPGX	192
bcFQLM	180
bcDGOR	212
bcGOJS	186
bcIBGJ	183
bcBGFH	162
bcAFIM	92
bcGDNR	162
bcAOBI	2759
bcBOYA	3347
bcBWRG	2325
bcFZIU	2035
bcALWD	1794
bcEYWC	1455
bcDQFN	1483
bcABXA	1864
bcHRGZ	1992
bcFOTF	1052
bcBITG	1446
bcBDCP	1254
bcBBTX	1364
bcDYYX	1305
bcBYAR	1209
bcATGY	848
bcFCAG	951
bcCTTT	903
bcHAHI	943
bcFWZV	913
bcEETQ	849
bcCUYS	803
bcATMN	859
bcFNKS	550
bcFNVI	939
bcEKSH	625
bcHMSJ	438
bcCECZ	493
bcBXHP	553
bcARWO	127
bcCNWC	368
bcEGSN	549
bcBPKP	285
bcAXWO	460
bcCGGM	271
bcCZRX	424
bcHDDW	371
bcGBDL	410
bcDDOE	293
bcACXU	361
bcARDG	386
bcCDUC	336
bcIBSB	330
bcIHXK	307
bcFJNO	356
bcASTB	341
bcGDBW	334
bcHEMY	367
bcHJWR	297
bcFNEK	324
bcHTKZ	302
bcCZFF	254
bcGAYX	285
bcGPHB	258
bcFJEW	312
bcAVDM	296
bcCADE	230
bcAUVD	262
bcGYVV	239
bcGESS	218
bcEZQW	255
bcGTPS	191
bcFPPN	285
bcBECQ	241
bcFUBR	255
bcBIAS	231
bcHBEQ	187
bcHLNC	231
bcCDHP	222
bcGVPE	224
bcDEHN	226
bcCBYR	188
bcALES	200
bcBECP	247
bcBZCA	225
bcBBWD	242
bcAKOT	209
bcETQJ	223
bcCVSC	216
bcDBFN	78
bcEWBF	211
bcBTJK	201
bcHICX	241
bcFBID	262
bcEAFL	197
bcGKXC	193
bcHYFA	205
bcFNJV	176
bcBSLA	197
bcBPNT	196
bcAXFN	204
bcBQZY	209
bcBYKQ	190
bcAGDN	192
bcAKKR	199
bcFBLK	195
bcEADN	201
bcENXL	186
bcBGKC	233
bcFSOK	166
bcEJUL	185
bcBBIJ	177
bcCCTU	194
bcGGOV	155
bcGTVX	174
bcEEVR	173
bcEZVM	146
