bcGCVR	59411
bcFELG	3986
bcBLZN	2720
bcHWBS	2213
bcBWJK	2502
bcDVKA	2169
bcEFFE	1825
bcELCW	2014
bcGPWG	1606
bcFQVM	1228
bcBAXN	1280
bcBGVD	1155
bcHEYG	877
bcCCYT	712
bcGNPW	575
bcEAMF	495
bcEILR	742
bcIHSE	536
bcCWIB	369
bcBTCK	529
bcHZHP	422
bcDXSD	490
bcFBBV	329
bcANKS	430
bcCZRE	318
bcEXAV	316
bcEOMY	404
bcDXFC	266
bcCWSU	259
bcEMYK	371
bcGTEP	277
bcEMGL	327
bcCOVV	203
bcDXGP	279
bcEAVJ	276
bcCWUY	210
bcEYMM	250
bcCLOO	252
bcFLIG	220
bcCRWT	236
bcCXFP	161
bcFQSJ	236
bcBKAX	218
bcEPTB	210
bcIJOK	213
bcBWTG	141
bcHAHT	182
bcHFDQ	97
bcECJJ	218
bcDXHR	157
bcAVBR	214
bcCNBW	79
bcDWOY	179
bcDFEX	49
bcDTPR	172
bcGBKT	153
bcFNHN	177
bcCWVO	129
bcCNKH	166
bcDCMX	146
bcDFCU	177
bcEWLG	148
bcCHKT	157
bcGAFS	148
bcAVBU	144
bcDCPO	152
bcGHPF	153
bcFSYC	167
bcERXN	139
bcBNHC	166
bcDOVV	69
bcHXBP	88
bcIJVF	68
bcHVWA	143
bcGHBQ	101
bcBZIM	105
bcHCQO	117
bcDTIC	130
bcGXVG	81
bcCBIB	127
bcAWWZ	86
bcFQHL	109
bcEDZI	133
bcIIFK	131
bcFNIZ	91
bcBAOZ	112
bcFNBI	122
bcBVDQ	126
bcBYCL	123
bcCPKE	124
bcFZJC	124
bcHLEE	52
bcHJGY	78
bcIDQR	112
bcCUPL	101
bcHIIA	110
bcGSYV	94
bcAXER	72
bcDVCH	62
bcBWDI	119
bcCHVB	100
bcCVVI	38
bcEBBN	106
bcAITJ	114
bcATUZ	15422
bcEZTE	3859
bcEHNF	2538
bcIBKK	2813
bcAWHL	2452
bcCJZS	2018
bcHNKS	1872
bcAEER	2094
bcAGXQ	1635
bcBGJY	1418
bcCBEB	1153
bcASGO	915
bcFMGP	1171
bcCHHW	1310
bcDPRO	109
bcCMIS	693
bcCTEV	700
bcCELS	646
bcHYBF	500
bcDWGR	298
bcHXYY	414
bcBUFK	402
bcAVKZ	375
bcBWMB	294
bcCWAH	213
bcGVLD	267
bcBVNA	248
bcGDTZ	275
bcEWZJ	264
bcHPQU	272
bcELZT	225
bcBCWK	194
bcCXBX	199
bcBHWZ	267
bcBYQN	196
bcAQHC	209
bcCLQK	247
bcCTCC	222
bcHFAE	213
bcICSZ	253
bcCLWH	160
bcHGOT	210
bcDEKS	241
bcFKSH	152
bcEJSE	181
bcGQHN	201
bcEHFR	156
bcICSA	241
bcFCYX	191
bcCCBS	195
bcCPWN	148
bcBAOJ	164
bcGLOP	136
bcIGBC	135
bcFKQI	162
bcHSPW	110
bcEGGY	210
bcCFVK	105
bcCRTB	146
bcAKTF	159
bcGHJJ	166
bcAOSP	130
bcDQHJ	156
bcECKO	132
bcEWCO	167
bcFYPF	149
bcCAHW	126
bcBMRN	114
bcAYIM	107
bcCZPG	149
bcAEVJ	172
bcEKOT	124
bcCNQZ	122
bcHZFL	90
bcHJAY	131
bcHHRZ	134
bcAXEY	126
bcHEFZ	151
bcHCGY	147
bcDATT	110
bcDBPM	150
bcEYUZ	91
bcICCD	119
bcHJCR	76
bcHAUU	88
bcCXIQ	102
bcHWNO	108
bcCBXY	78
bcBTIN	100
bcBYLW	116
bcGPYH	114
bcGANM	94
bcBISF	134
bcDSRI	148
bcDMPI	99
bcBRSI	104
bcEZQU	115
bcCRIK	100
bcDQGR	89
bcEIQP	87
bcIEVS	132
bcCPGH	80
bcHPVN	111
bcCFYX	96
bcIGYH	7143
bcBUFO	4192
bcGJDF	2811
bcCFOC	2833
bcCOYO	2098
bcHJFX	1938
bcBBZK	2762
bcGESL	1491
bcGYRZ	1395
bcIJYM	1601
bcDUHD	1382
bcAYPR	1064
bcCYZD	846
bcGLTW	782
bcCNJS	518
bcHZBL	520
bcETIL	524
bcHVPM	583
bcDXLR	525
bcBMKA	421
bcGKGE	528
bcASDG	488
bcFFOH	480
bcFCTM	390
bcHARR	293
bcGOJC	305
bcFQIX	303
bcFSIU	303
bcHMVU	314
bcBSTW	293
bcHXSN	287
bcHTQW	164
bcEFFP	177
bcDSXK	275
bcGGNJ	223
bcBYAT	199
bcFGWN	198
bcDUOX	243
bcFRAC	235
bcFTPC	205
bcHKKG	162
bcBBKK	215
bcHXZE	188
bcDADW	191
bcIEQS	201
bcFCMW	195
bcENGV	141
bcCKJD	120
bcGCWQ	198
bcAXOL	144
bcCHKX	183
bcAZRC	194
bcBTUW	169
bcHXSD	164
bcCGUF	141
bcHSCG	169
bcCVMX	143
bcBXNN	149
bcAIQH	215
bcASCQ	94
bcCEBT	160
bcDSKM	165
bcASXK	111
bcGFOW	78
bcHTNR	133
bcAVEL	157
bcBMVN	130
bcAREW	148
bcGJVV	100
bcIBXC	148
bcDPNX	150
bcEJUX	130
bcACEF	143
bcCKMZ	119
bcCIMC	88
bcBLHR	119
bcFEQA	91
bcHTPR	119
bcBCCI	148
bcFOSI	136
bcHGKC	108
bcANJX	141
bcFRSN	115
bcBFPX	141
bcAZIO	94
bcCNLX	89
bcBZTS	96
bcDMQJ	121
bcAXUA	86
bcFXJF	147
bcATUY	106
bcFQZI	114
bcESGY	74
bcHWAY	100
bcBHZP	119
bcBJQV	110
bcGRVJ	107
bcESRL	104
bcHEPW	110
bcBTAO	115
bcEJHW	62
bcHPZP	121
bcHDBR	52
bcBJIP	106
bcIFYB	10830
bcDEON	3946
bcBPWB	3227
bcCCAV	2914
bcACCA	2690
bcDZUU	2049
bcDQSN	1884
bcIIZZ	2062
bcHZZA	1461
bcHGFY	1546
bcBRLC	1250
bcCPKO	1029
bcCVCY	912
bcGCUJ	798
bcHLTQ	643
bcGUPG	616
bcBUTU	663
bcGOQC	382
bcCPAS	499
bcBOXE	507
bcATUV	396
bcHNXP	482
bcGVLA	393
bcDRMQ	416
bcFUPC	347
bcEUXK	305
bcCJCU	280
bcAGYN	288
bcBACP	339
bcBEKU	256
bcCZFK	192
bcFMAK	295
bcDPVP	307
bcEEPE	243
bcIJLG	298
bcAOVO	234
bcDONQ	206
bcEIYR	205
bcCIVP	190
bcDKFH	186
bcICEW	250
bcFTIF	232
bcBDHR	139
bcDSUX	165
bcIADF	214
bcBVZO	134
bcIJYX	175
bcCQWW	213
bcHMIG	205
bcCIJE	147
bcDJIX	158
bcCAQL	192
bcCRZV	116
bcBERO	133
bcBOTX	199
bcGOYG	133
bcHPWA	105
bcBPMI	160
bcFKMW	121
bcIGNH	151
bcDYOD	158
bcIHAK	146
bcHZSP	126
bcGIZI	184
bcFZWH	132
bcCFXI	145
bcCUDX	127
bcCMGY	192
bcFEKX	154
bcGSLJ	164
bcCVSN	95
bcCKTY	158
bcHRDF	123
bcESPG	109
bcGZAD	124
bcCHXR	104
bcATWA	128
bcBEAA	156
bcCEDS	133
bcHNRP	85
bcIAEA	71
bcDVXR	84
bcGCDM	111
bcDBYB	100
bcAEAG	129
bcCOYZ	117
bcIBJX	108
bcFPXB	118
bcASMJ	111
bcGQMR	126
bcHUXB	123
bcGNHC	67
bcEQZH	111
bcHPHB	88
bcBPIK	93
bcDCJA	66
bcBKZP	64
bcDONU	115
bcGENQ	112
bcERXV	87
bcEQHS	93
bcCGEY	98
bcFLNL	67
bcAVLJ	61
bcAREC	11215
bcEXPH	4298
bcHHKI	413
bcHFDO	2761
bcESBP	2354
bcCCUM	2457
bcCJAC	1763
bcCEPX	1837
bcDWNS	1489
bcHNFB	1327
bcGRAH	1220
bcFPYY	1083
bcGQRD	1108
bcHKRB	964
bcDBVH	847
bcDMKW	617
bcEBNK	725
bcFHXC	480
bcDHRJ	408
bcDILU	477
bcHJHY	419
bcHVQA	347
bcBRDB	328
bcEQQX	363
bcCNQW	334
bcDETE	196
bcCCXB	359
bcBNIN	252
bcHHWZ	259
bcCNVZ	271
bcHTOA	229
bcGVBB	221
bcCVVC	212
bcHGRO	287
bcIDSB	180
bcAVOZ	158
bcHWGE	160
bcDWPV	214
bcASAS	222
bcDYJT	251
bcEKKZ	114
bcCVRT	127
bcEHFD	216
bcAQPB	199
bcAUVC	197
bcHQXS	203
bcHECC	193
bcBLIJ	163
bcAQGM	172
bcAPUF	175
bcCBMB	96
bcAAWR	170
bcHKBQ	150
bcCMHH	248
bcDLKV	154
bcALDI	150
bcCXQN	125
bcDYBM	197
bcCJZG	144
bcAMJE	134
bcEREC	110
bcFTKQ	136
bcFLZV	153
bcAJOK	117
bcBZQG	112
bcHRTJ	114
bcFKYB	121
bcAXVA	126
bcCQAI	90
bcAEBH	8
bcDXZI	107
bcBFDI	150
bcAAWQ	118
bcADUV	129
bcBXHF	104
bcHELY	119
bcERFE	89
bcCHNS	95
bcHWLT	74
bcFTAO	106
bcIGTN	113
bcAQPN	90
bcFFED	110
bcEAYY	134
bcHLMJ	97
bcFGKZ	138
bcCHIB	94
bcFVMJ	93
bcCYRI	147
bcFXPO	129
bcDZZU	67
bcCWUA	109
bcAZDE	131
bcEBPP	113
bcCSJI	70
bcGVOZ	106
bcERWC	94
bcFMNI	82
bcHSIE	119
bcBWOM	80
bcCNZX	110
bcAQPQ	126
bcDPZG	81
bcGYFI	82
bcCNWD	6780
bcCXJX	3312
bcAPDI	3999
bcCYIH	2344
bcCFNU	2038
bcCULG	2035
bcHHZP	2189
bcCYNM	1788
bcEDUB	1752
bcFKKW	1187
bcEIAK	1006
bcHIUC	1205
bcBUYS	973
bcARPW	612
bcALVI	646
bcFOKI	1030
bcEYOX	603
bcHGDQ	456
bcCZWP	595
bcAPCM	592
bcIDMB	407
bcDEQP	463
bcHVYS	350
bcEEXT	416
bcHIXA	373
bcAMRP	331
bcEUVU	303
bcEGES	177
bcCCRQ	297
bcARAL	175
bcDIQN	269
bcGCWM	288
bcAOQH	223
bcDUPD	131
bcHZMR	188
bcIHBU	274
bcAZIZ	68
bcGYWZ	198
bcEZXG	261
bcDZDV	189
bcEJUM	259
bcHEAC	172
bcAOEK	212
bcHLFS	197
bcIJSR	215
bcGQVO	139
bcEYDC	175
bcDMCY	192
bcBORQ	223
bcAANF	234
bcEDXP	210
bcAIZZ	189
bcETWU	133
bcHCWY	138
bcCCNP	186
bcFGAW	138
bcCGIX	166
bcHIID	170
bcFTFO	164
bcCEWM	152
bcACKE	172
bcBENQ	138
bcFPID	121
bcEZZX	153
bcIGVH	161
bcBBHK	164
bcFJWL	151
bcDGEV	185
bcGWLT	130
bcHFHV	158
bcECMQ	124
bcEEOI	112
bcBCQJ	116
bcFAMT	148
bcDCRR	117
bcCJIH	110
bcEBVN	98
bcGYWM	87
bcBXKI	98
bcDREN	109
bcBXLO	88
bcBVZE	97
bcGAYY	104
bcAFEG	126
bcDCNG	132
bcFRBF	117
bcGBJQ	138
bcBUTZ	115
bcBFCG	121
bcAFWY	108
bcADSF	119
bcBEZW	141
bcFDOO	118
bcCTXC	100
bcBPEW	91
bcCNAR	67
bcDISZ	95
bcDDRY	105
bcELAE	104
bcGBEW	93
bcCVBA	76
bcCSCO	113
bcDSQL	89
bcFMKH	93
bcIDRY	9856
bcGESO	3480
bcADYA	4365
bcFUJD	2526
bcBTIZ	2174
bcCEGB	1805
bcETKA	1753
bcCQAQ	1728
bcHDFP	1448
bcEMUI	1669
bcIEZL	1131
bcEEOA	1116
bcEXRE	1139
bcHSEY	698
bcBQHB	888
bcERTJ	836
bcCRPS	486
bcBIVZ	472
bcDWGB	415
bcCNMH	315
bcABGR	472
bcHNSA	415
bcGLUJ	286
bcGJRT	72
bcCXTJ	397
bcBPMJ	368
bcFFZT	283
bcAOPL	255
bcANXK	180
bcANGT	267
bcBUMG	276
bcFVIR	238
bcHTQJ	215
bcCCEL	267
bcGLAL	205
bcCBWG	233
bcGHNS	251
bcCADP	253
bcIEBX	188
bcAVHW	189
bcHIXN	230
bcATZD	178
bcBYVK	134
bcHQDB	196
bcBKGS	220
bcGVJP	167
bcBFGQ	237
bcFCKJ	122
bcDOQR	183
bcCLUU	114
bcGESJ	206
bcAYYP	179
bcHNWH	8
bcGKRV	148
bcHGMG	151
bcHMNR	44
bcHBXV	191
bcCFJU	148
bcEZHX	186
bcFXKZ	137
bcATAC	140
bcFYWE	157
bcEWUN	160
bcGZVQ	161
bcBVNP	155
bcDZOJ	178
bcEFMR	145
bcAPDB	161
bcFOOY	164
bcDDOZ	141
bcDFJH	137
bcDFQV	86
bcFQDN	125
bcCHUX	109
bcFXWN	98
bcBFLO	107
bcEDDE	113
bcATOL	117
bcFEBU	136
bcHMCR	135
bcGJDA	122
bcENMS	98
bcIETF	138
bcEDFA	99
bcGYXU	118
bcBTLF	110
bcAQTS	103
bcAVFE	91
bcDEEY	106
bcCUSX	119
bcBQNF	73
bcACLD	99
bcCHVY	119
bcFTCC	99
bcCQAT	105
bcHVMC	89
bcFAUN	123
bcEJVN	103
bcBTWA	111
bcHEQB	66
bcFPES	100
bcGTJT	103
bcFOBT	108
bcAPJN	113
bcCJBO	8724
bcBEZZ	3740
bcBOEU	2928
bcFWES	2138
bcAPOZ	3976
bcIAGG	2202
bcEUXY	1732
bcGBHR	1720
bcAHVF	1528
bcDZSI	1520
bcHPXE	1173
bcFBTD	914
bcHKGQ	707
bcERHH	945
bcAXRW	706
bcGLYG	559
bcAYDW	484
bcFPFS	451
bcDJSC	464
bcAOLV	174
bcDAOJ	268
bcFMAQ	366
bcHRPR	347
bcDRGK	403
bcBUFQ	285
bcDDXX	418
bcFZAM	353
bcHLGK	326
bcGGUN	173
bcAXZU	240
bcFNQZ	300
bcBJDN	280
bcALRG	263
bcDPUR	314
bcCDPV	231
bcAUOX	229
bcHYJE	272
bcHAJE	190
bcFNXB	216
bcFKNB	208
bcGVKR	184
bcDJIU	144
bcGUCW	226
bcIBGI	163
bcDVFI	191
bcGLNU	185
bcDATL	190
bcBFTK	174
bcFTJU	216
bcEMUU	221
bcFHGT	207
bcCQSH	249
bcDVUU	164
bcIJWQ	137
bcCCJH	173
bcAWXR	183
bcIDYT	177
bcBTBE	170
bcGLES	152
bcAKPU	153
bcBVJC	77
bcBPJN	170
bcBMMM	123
bcAZOL	138
bcCVDG	140
bcFWHX	157
bcFOHO	135
bcAEYB	164
bcHWEN	115
bcCUQZ	143
bcEHVK	147
bcERVC	135
bcFCZR	140
bcHOPX	102
bcGJCL	138
bcBWHB	99
bcBABY	133
bcIDON	112
bcIHKA	118
bcHIXM	129
bcDTAS	127
bcDQWM	136
bcAUFC	94
bcGDTQ	111
bcBKWG	133
bcIJXV	116
bcHLAA	135
bcEYWS	90
bcBPYK	134
bcAAJS	125
bcEUSJ	103
bcCYYA	91
bcDETS	124
bcFQUL	121
bcBLBB	92
bcEGLD	98
bcGKSA	97
bcFJLV	107
bcEEBW	84
bcAIAZ	122
bcIBNN	98
bcDXQK	100
bcDLWO	92
bcEFBR	92
bcADIE	8284
bcCBHC	4041
bcCWAV	2676
bcEQMU	2753
bcHCWM	3024
bcGYNY	3144
bcBTPQ	1817
bcEOOI	2438
bcAWJE	2028
bcGQWL	1072
bcGKCH	1276
bcBGDW	1084
bcCQVO	1003
bcHPYN	771
bcEDRT	850
bcHTJG	431
bcHNOG	490
bcDAEN	522
bcFSZH	546
bcHLHN	512
bcGOCJ	492
bcHVKJ	398
bcGBNI	386
bcHDPY	255
bcBJXN	394
bcFHVV	261
bcEPEK	416
bcGMRC	197
bcFYIC	249
bcBYHC	224
bcGJWT	312
bcCQOT	213
bcBNQZ	255
bcDUMM	234
bcFRQH	213
bcADHU	53
bcHFGS	219
bcGKIE	242
bcEXHQ	255
bcHGPE	225
bcBNMR	158
bcHTCW	207
bcIBHY	180
bcDRDV	226
bcCBFN	201
bcFREG	184
bcAACH	195
bcCNTG	151
bcEORO	213
bcHOQM	201
bcDACI	184
bcFVKV	169
bcCFBC	175
bcEYTV	166
bcCHTA	163
bcCWGL	117
bcABSQ	174
bcAJZB	150
bcDBIQ	181
bcFNXA	139
bcCXTB	165
bcIIJG	121
bcDYSP	167
bcBGNQ	186
bcDQFS	168
bcDDUI	149
bcCQHE	119
bcCNPI	45
bcGKHQ	158
bcFAJU	116
bcCXGG	108
bcGQZF	48
bcHJFT	133
bcAEPV	140
bcCSJG	98
bcCDWV	114
bcFXDL	104
bcBELM	113
bcAQTU	121
bcEIBE	83
bcICFI	140
bcFRBA	119
bcBJWS	48
bcDTAL	114
bcHIRE	137
bcBCON	89
bcHMOW	115
bcFTMD	71
bcGOIQ	131
bcGRUO	105
bcAJGS	115
bcHTRA	133
bcFILV	69
bcFUGI	104
bcFHFT	128
bcATWP	89
bcDMCU	82
bcCZHJ	114
bcHIAP	107
bcBYOB	89
bcFHFC	107
bcCBUJ	64
bcBHQT	76
bcHTHG	87
bcCWKM	4731
bcAOOT	4015
bcBNKM	2872
bcDWEB	2310
bcBKZJ	2061
bcBQRO	2079
bcCHMM	2105
bcHMOC	1551
bcEIWX	1589
bcDPXF	1498
bcANLI	1105
bcCLGL	1256
bcCEWP	776
bcENEW	715
bcCUXS	656
bcBVMR	524
bcBHQS	489
bcHOZS	545
bcFZYU	660
bcAWLG	465
bcAMFZ	397
bcIHWF	348
bcDGWC	224
bcIAKQ	369
bcCYCE	379
bcATKF	317
bcGXUU	211
bcGTEB	324
bcFLHP	368
bcEYSI	236
bcIHZE	226
bcAPHA	266
bcBVLM	272
bcIGYI	195
bcBUZF	247
bcHWVY	247
bcBVXV	210
bcAUHX	190
bcDVYB	202
bcGXXG	158
bcGJVU	92
bcDZVY	127
bcIIDO	202
bcBEUK	218
bcFDFP	188
bcGPQA	183
bcCVQJ	199
bcAONZ	146
bcAVDJ	214
bcFAZM	201
bcDEWZ	193
bcAJHG	161
bcDROW	185
bcGBGH	163
bcASFB	159
bcANKL	168
bcGWWD	179
bcCWVA	150
bcFDLK	142
bcCPNZ	111
bcFNRL	168
bcBBAM	143
bcBTBA	107
bcDPNF	203
bcBVAJ	142
bcBLCB	140
bcFHDS	87
bcGAMH	124
bcFAIV	150
bcDBMX	164
bcEIRW	127
bcAIGM	129
bcDVNW	168
bcARDI	136
bcHLRF	90
bcAYAR	132
bcHEGJ	132
bcAEOD	108
bcCHMN	97
bcDKRW	147
bcDARA	120
bcCBVP	110
bcFNQC	99
bcHBYO	96
bcIHWG	107
bcCKIU	117
bcBPLK	111
bcFGZR	118
bcBUNZ	98
bcAZNO	103
bcCQAL	115
bcCGLX	110
bcDPBA	110
bcFXIQ	124
bcFRKE	75
bcGSRS	114
bcFQMK	127
bcBWPD	77
bcBQUV	112
bcAEDG	97
bcFMEN	99
bcIEOL	72
bcFEDE	84
bcIAGX	113
bcEJNJ	5637
bcFQBW	4123
bcGAZO	2561
bcGLLW	2403
bcDSAC	2095
bcCHRR	3751
bcACBL	1877
bcHZAM	1478
bcALWP	1700
bcFZTS	1561
bcFWVQ	1200
bcGAKG	961
bcCJMC	1116
bcEXXZ	680
bcGWOC	1023
bcGCVA	445
bcBFIS	471
bcCMGS	470
bcHORA	524
bcHNZY	442
bcHJUI	451
bcEELR	424
bcCNMX	350
bcBGPC	259
bcFPGF	326
bcHFVX	371
bcIANC	266
bcCXGN	202
bcDCOU	329
bcEUHF	319
bcHWDV	235
bcATNS	272
bcBGRG	309
bcCBED	263
bcFMYC	258
bcDBIW	233
bcBOQH	231
bcEJHG	135
bcBGIE	190
bcCBAM	209
bcHVPQ	209
bcEZRT	224
bcCDTE	188
bcALDN	185
bcATVG	191
bcHTKK	166
bcBZZA	154
bcDWPH	182
bcFECW	205
bcGDCA	56
bcHCME	177
bcBULZ	19
bcABDD	164
bcFRNR	183
bcHBLV	171
bcDYZU	137
bcAKHO	186
bcGZEO	82
bcCJDG	156
bcHKBR	152
bcGQNP	171
bcCUIV	141
bcFGCH	173
bcIFXG	144
bcGOZF	131
bcDNQO	149
bcFKET	165
bcGDWS	94
bcDKXD	169
bcGWLW	162
bcBZJA	112
bcGULO	133
bcFJMO	109
bcHMCH	152
bcAFWG	126
bcCVQO	104
bcDUJI	98
bcDEHU	139
bcAQEL	87
bcFEOE	99
bcEQRG	114
bcAMVV	146
bcAYSX	120
bcDJVU	103
bcGWUE	135
bcEXHA	80
bcCRCA	92
bcAHRT	98
bcGHRD	102
bcIGJG	103
bcGIUC	123
bcEAPZ	141
bcFIIO	87
bcFIFT	100
bcEFFU	86
bcAEAM	88
bcGEIS	99
bcCAMP	98
bcGRAG	87
bcHZRL	98
bcAJPA	106
bcCZZZ	100
bcHZEN	68
bcASEB	108
bcHPCT	8131
bcIHDK	4024
bcGHHV	3060
bcAUXB	2861
bcHUZC	2308
bcFVGB	2041
bcFJJK	1660
bcIJHS	1617
bcETFW	1459
bcCEAU	1722
bcAMUD	1216
bcGPKZ	1143
bcFNPN	975
bcBBQS	863
bcCVXF	655
bcASJK	759
bcDGDK	463
bcEJVC	647
bcCLBB	522
bcBEPR	504
bcBILD	347
bcFMLZ	313
bcIIXO	232
bcBHTJ	240
bcASPE	335
bcAUZS	266
bcABQN	359
bcAWZK	189
bcEJHR	186
bcCVJN	246
bcATMO	266
bcHXYF	219
bcEKDS	208
bcACVN	252
bcGAHF	214
bcDWYX	260
bcEZOJ	166
bcICRN	229
bcFCVC	234
bcHBHK	275
bcIEOB	259
bcFHJM	220
bcHJEO	188
bcCEZR	216
bcGNKX	221
bcHMMV	199
bcDWTT	158
bcBYTY	140
bcBZBV	65
bcAXXG	146
bcIFTR	132
bcHQFW	199
bcAOGC	171
bcBHQA	133
bcDGVJ	160
bcBALL	117
bcHCQY	186
bcAGJS	165
bcERXA	167
bcCADX	140
bcGERW	139
bcEFRO	154
bcHFEN	156
bcDKJR	132
bcHWJI	116
bcGHJP	152
bcEKIY	154
bcFSER	147
bcHQST	134
bcGHSB	121
bcEACY	84
bcBKDI	137
bcARUW	126
bcDPXB	128
bcEMCQ	106
bcAXYX	100
bcGJUD	76
bcCPYD	110
bcANEF	147
bcCSDD	62
bcAXDO	98
bcBICK	140
bcIJVN	121
bcGSLF	123
bcFUBQ	124
bcHASI	116
bcEEIW	135
bcICQR	110
bcHDTK	122
bcDQUZ	95
bcAAYE	130
bcAGES	78
bcBVWL	98
bcDPOY	111
bcEXRW	113
bcBGDG	112
bcAFSG	117
bcBQSY	90
bcEYIG	105
bcGWNG	113
bcHZCF	47
bcDKOL	112
bcIFZN	84
bcEDZX	119
bcFEFV	6689
bcFOUU	4023
bcBXTJ	2416
bcFUAK	2553
bcBNKW	2537
bcBMKP	2227
bcECLH	1833
bcDCXH	1659
bcBGFT	1609
bcHYCO	1432
bcGQLZ	1195
bcCYHJ	1445
bcCPCM	828
bcHHMX	864
bcEYXH	716
bcDARZ	727
bcAEYN	727
bcDMTM	493
bcHVIE	525
bcEIEU	413
bcAMLO	485
bcEREB	406
bcHCBA	352
bcAYIB	200
bcGEOR	273
bcHHNO	337
bcHIZY	254
bcBBFF	116
bcCVKW	272
bcIJHO	264
bcCWDX	168
bcIHIQ	252
bcHUST	268
bcDMBE	177
bcCTNC	242
bcBTHK	225
bcFGQS	303
bcIFEA	188
bcCNMT	205
bcFJUR	215
bcIBKG	242
bcFHNR	231
bcADJY	195
bcGBCK	132
bcHUOH	120
bcCZSB	119
bcECCJ	195
bcAYTC	152
bcCGUR	164
bcCXKZ	133
bcDIHO	127
bcFPNK	145
bcETCM	151
bcBCQR	128
bcGERQ	226
bcAEYT	170
bcEDLF	216
bcFGTG	176
bcDOEG	131
bcGNYH	158
bcBZXN	176
bcCTZQ	165
bcHWIE	98
bcFXSH	131
bcAXDN	139
bcGSDR	138
bcAGYM	180
bcFNHR	127
bcDBFQ	182
bcCSKD	82
bcDXKC	149
bcFBQP	152
bcBYXB	136
bcCKEU	118
bcBTZV	118
bcHTFB	146
bcCUAU	162
bcDXTG	147
bcGYNO	114
bcGQWM	121
bcEEQU	166
bcBPEP	143
bcHWPT	90
bcDQNV	126
bcENKD	132
bcECCK	105
bcHFYU	154
bcHHKN	68
bcCNJH	97
bcFULM	106
bcDYES	144
bcCTTC	109
bcAKMU	116
bcBLYI	89
bcDOVC	89
bcASEU	129
bcFMNV	125
bcGTJI	119
bcDEVN	103
bcDMFL	84
bcFFRH	93
bcFBHB	114
bcAKLG	105
bcEXQF	106
bcHHLX	7183
bcDXSL	4704
bcHNLB	2903
bcABTI	2929
bcGFEO	1750
bcBLKZ	1876
bcHJCO	2684
bcCXYG	1665
bcCKXP	1372
bcHHSD	1421
bcALQG	1210
bcHNFM	883
bcGWLM	1255
bcDHBN	784
bcCDUP	764
bcERZR	588
bcFESF	639
bcGJZG	400
bcGSXW	526
bcBPWO	500
bcBLAG	293
bcHDDF	402
bcHQPB	431
bcCXWX	337
bcDGNX	410
bcAJPT	295
bcHJXS	324
bcAZAP	281
bcDBZU	329
bcCRII	341
bcCCSC	289
bcCHCM	268
bcGHZZ	266
bcGGSL	220
bcDRXF	257
bcFZNI	152
bcBWTE	163
bcIHXU	164
bcETVP	146
bcCLUG	214
bcHLAH	225
bcFXJB	217
bcEOMB	139
bcFXGP	5
bcCDTI	181
bcDDSV	217
bcAQXG	176
bcBCYT	178
bcHWTM	88
bcEZCY	233
bcHIZK	190
bcHWQQ	143
bcCBTL	161
bcHFOD	193
bcEYAG	170
bcCOWR	158
bcAUZL	89
bcGIRH	133
bcHEXR	188
bcIGEK	153
bcCWEA	90
bcIEVH	138
bcFVPV	125
bcIASE	183
bcFENU	22
bcAUEZ	90
bcCMBK	162
bcFBEW	158
bcBLOK	108
bcAORX	133
bcCTIM	124
bcHTIC	122
bcAFYT	123
bcHJSB	128
bcFJKK	116
bcFRIH	142
bcAZZR	106
bcEJGK	112
bcEREL	116
bcHMKK	73
bcFMLH	97
bcDGUZ	128
bcASBN	112
bcEBHX	121
bcIJTM	126
bcATAI	47
bcAXTD	127
bcHHCG	118
bcDQRP	114
bcAJJE	107
bcGLJD	97
bcHBBX	126
bcCPLC	144
bcGDQE	107
bcHDTN	90
bcAGIU	128
bcHIIL	113
bcGPUD	115
bcGCSM	112
bcEQQV	95
bcDOSP	125
bcCXFC	97
bcHBFN	89
bcAQUB	72
bcBWJP	5104
bcAPXM	4212
bcCCND	3525
bcGIYX	2300
bcDCPD	2748
bcHNLS	2329
bcELDF	1809
bcDZRF	1973
bcFTGO	1608
bcFBFI	1438
bcFAUI	1498
bcECIY	1444
bcAZKW	773
bcGMJM	675
bcAKSB	635
bcAQHD	704
bcFTMQ	515
bcDIOU	533
bcHCSI	539
bcCXNM	349
bcFYYR	411
bcIGEY	405
bcDACK	431
bcHWBD	255
bcEXSX	353
bcGJOK	278
bcASJP	328
bcGYQL	283
bcGXRB	219
bcBGWX	198
bcDNJX	315
bcGJFI	265
bcGUIG	230
bcDWQV	262
bcFJIY	245
bcHSDV	187
bcDMZE	283
bcHUSS	168
bcAXLR	208
bcBFHH	244
bcFUCN	225
bcBTEZ	212
bcBIQA	205
bcFXTS	206
bcABVS	258
bcGRXE	202
bcHPPD	187
bcFQSH	109
bcDTPZ	213
bcBIIM	183
bcAERF	203
bcGALN	71
bcARSU	114
bcFIXT	136
bcHLPO	164
bcCVJW	106
bcCLOR	160
bcFKNP	156
bcFEHM	168
bcDVLT	180
bcFAXI	160
bcHWWM	130
bcIDWQ	150
bcBUXJ	156
bcHOZV	121
bcETWW	187
bcGARB	123
bcBKSM	133
bcFWCE	85
bcGWSR	161
bcHVEP	109
bcAQZA	147
bcFGZO	145
bcESJM	121
bcBMYD	140
bcFEVB	147
bcIANL	116
bcHKLY	134
bcDOPK	145
bcDLVU	87
bcEQDF	90
bcAKUZ	116
bcFLYH	123
bcHUXH	83
bcAEXC	96
bcGKJD	128
bcGQJF	116
bcCBOX	99
bcHKZZ	121
bcBVMU	132
bcBDQP	112
bcFNWJ	116
bcHJHJ	117
bcBTAU	107
bcCCWX	115
bcDQTY	105
bcBLVI	103
bcCNQC	74
bcBZEA	91
bcGWTR	83
bcCBDT	100
bcBIWO	113
bcIICV	47
bcBKZY	114
bcAQQO	6241
bcCWSK	3702
bcFNSS	3127
bcBKXU	2709
bcEULU	2040
bcCXRH	1998
bcAHRC	2161
bcGQOC	1889
bcHLCE	1690
bcFFCS	1481
bcBUHQ	1309
bcCLXZ	1176
bcHPTK	830
bcHVZW	927
bcGXSN	791
bcEBOV	657
bcAWIH	613
bcEACX	602
bcAUAA	385
bcHICJ	331
bcCTXM	531
bcIGOP	411
bcBVGW	381
bcAMHI	431
bcDWZV	276
bcEEKY	369
bcDZSF	361
bcEIQT	277
bcDCDC	255
bcFXSB	284
bcAGCG	271
bcDUUH	214
bcFTLQ	275
bcBWZE	292
bcFKYZ	261
bcBTEY	215
bcGBJX	238
bcDADD	244
bcEGFF	151
bcFXVJ	10
bcDGUY	279
bcGSSN	164
bcBJRW	210
bcCKGB	130
bcFCJZ	175
bcDRLR	182
bcDKFD	167
bcFXQY	208
bcEVMW	162
bcBFOB	190
bcEZZJ	206
bcCGMS	149
bcIAFK	165
bcAUTR	150
bcDFKH	135
bcIBJE	162
bcEMDH	183
bcEETG	101
bcAEFZ	88
bcBTME	156
bcGDRL	132
bcHLPV	151
bcCVAJ	154
bcCZYP	168
bcIIAW	150
bcBCLO	140
bcHNMI	134
bcAXBE	134
bcASDM	119
bcBIQU	146
bcECBJ	78
bcANGO	100
bcCUKB	149
bcBZSS	167
bcBHRZ	122
bcBVPN	121
bcBCXZ	144
bcCTKZ	143
bcHVVJ	88
bcFSSL	106
bcCRUL	121
bcDAFB	114
bcAIJB	99
bcCQET	145
bcDVMV	64
bcARJV	116
bcAGQO	97
bcBMJP	88
bcCOVB	128
bcCPKC	125
bcFWIE	153
bcEPUP	150
bcGUOD	58
bcBXYN	102
bcESHZ	97
bcAIVJ	126
bcAAMR	132
bcERKJ	102
bcFWSC	104
bcGARA	85
bcDAPM	103
bcAVTY	121
bcAFGC	118
bcCPLK	103
bcATHG	6721
bcEONJ	3854
bcEKAZ	3215
bcHMNC	2601
bcBBBK	2362
bcBEPK	2170
bcFEXS	2519
bcGVCO	1690
bcHIOP	1701
bcCMJA	1747
bcFUDC	1723
bcFOUK	1603
bcDJNG	945
bcCWYZ	865
bcCGKU	810
bcIIHB	815
bcBIBM	414
bcBIXV	472
bcBAQB	492
bcFMIO	556
bcCPKA	322
bcHSJK	292
bcGAYB	289
bcEKOD	475
bcCMCW	379
bcDBLM	340
bcGLKC	275
bcDURZ	339
bcBYPC	267
bcDHZR	255
bcFJPL	284
bcCQNG	314
bcGAAE	275
bcHWJL	205
bcDKKP	260
bcBISO	247
bcBWPU	197
bcAECJ	237
bcHDFC	212
bcGDFN	264
bcDDJT	195
bcBZSM	219
bcBWCN	241
bcHCDP	194
bcGPEN	152
bcGQRG	199
bcHQZE	164
bcFCNO	177
bcHVVB	162
bcHOQV	190
bcBTIE	182
bcABEI	205
bcFABN	188
bcDFLM	179
bcAGHY	162
bcAVCC	171
bcCRAH	189
bcBQFI	148
bcGGWR	153
bcHNQW	159
bcACJE	189
bcBDRR	187
bcHAUK	98
bcFYSS	152
bcHGVB	148
bcCGLF	141
bcBVPU	115
bcAFXJ	140
bcHRBT	62
bcGRQM	164
bcFONE	145
bcCHWF	147
bcFPIN	113
bcGGRQ	112
bcEUZX	129
bcDGXA	141
bcGGHT	119
bcCFUV	115
bcAQYJ	120
bcDARV	134
bcAXJT	129
bcGHZK	134
bcFEAO	89
bcGRFM	85
bcFZDA	107
bcCCSA	110
bcEBKR	96
bcESYY	118
bcDFJI	111
bcCNKE	107
bcHWBO	105
bcAVMF	102
bcAAYO	42
bcAWSB	124
bcDOTF	87
bcHGNR	134
bcEUWC	93
bcFIIK	109
bcFAVG	89
bcFQOY	105
bcERJH	98
bcIAKI	116
bcFKFO	84
bcGHEH	97
bcBSWC	5077
bcIICE	3843
bcFVJJ	2846
bcFJZJ	2808
bcAQLV	2446
bcGEZA	1794
bcAVCN	3586
bcCGHU	1861
bcCCMH	1622
bcGWSP	1301
bcAUIY	1190
bcETGF	1047
bcBHNY	775
bcBTEU	774
bcGWUF	653
bcGJRD	436
bcCFWZ	644
bcGJAR	395
bcGRWL	526
bcHBFR	527
bcHVEF	341
bcDNNT	533
bcIEVA	355
bcDMHD	325
bcCGJG	350
bcDRUJ	446
bcGKKX	394
bcDUZF	220
bcFSDO	216
bcGHFF	242
bcCCWA	330
bcDTCB	271
bcIAKV	282
bcAQNT	273
bcHRTS	145
bcHWID	153
bcEHRC	180
bcDWGK	155
bcBCAI	302
bcDUCM	131
bcBOKQ	275
bcAQSW	182
bcFQLX	232
bcAFYV	165
bcGBTY	190
bcEYKN	200
bcBVCJ	210
bcDPVE	93
bcEABW	149
bcETGB	207
bcCAXS	189
bcBWVA	99
bcBKCX	135
bcHMVS	164
bcIBPT	125
bcEUHL	155
bcHMAB	164
bcDGSK	197
bcDWGE	64
bcBUIT	177
bcFEBL	149
bcBMYX	159
bcFGHX	194
bcIHUQ	131
bcCSBN	129
bcCMJK	153
bcAFCJ	163
bcGAQW	114
bcAPGM	158
bcBZHE	133
bcBOGC	141
bcDOKD	147
bcHCDF	175
bcGTEE	95
bcHXWZ	44
bcGGVY	100
bcBOPY	138
bcGUQK	113
bcBXRJ	121
bcCGWV	107
bcBACJ	121
bcIFHA	59
bcDYDL	106
bcDJTB	56
bcBZJF	112
bcADQE	116
bcGJGH	140
bcAZNV	120
bcBIKJ	126
bcFQOZ	114
bcFCHR	106
bcGVLX	101
bcHUGM	93
bcDPMT	65
bcIIZQ	73
bcAJWA	105
bcDTEQ	122
bcCLPS	109
bcBKKK	111
bcBCFI	105
bcAMHJ	97
bcFROC	99
bcGKDC	94
bcBWNY	34
bcHWYI	4829
bcBELT	3129
bcEKDZ	2865
bcCWRT	2407
bcFNPC	2247
bcFEQE	2044
bcBCDG	2259
bcFOSJ	1662
bcFIRS	1616
bcEWOY	1413
bcGTQG	1414
bcHGAL	899
bcDYDZ	1256
bcCLAC	645
bcEYIK	659
bcBEZE	659
bcEQDC	448
bcCBHQ	623
bcAEXZ	411
bcGESQ	394
bcAXGL	391
bcDGIN	462
bcALRS	369
bcFHOG	341
bcHQCM	64
bcBHUI	252
bcHVHC	344
bcECOG	381
bcFVMP	246
bcCNUB	252
bcCEAW	309
bcBLVV	288
bcBFCH	255
bcEZWQ	218
bcEURC	186
bcBTGC	155
bcBLXQ	203
bcEGIL	249
bcCAPP	244
bcEFCK	256
bcHGOJ	199
bcCEQR	232
bcCDJC	167
bcGALQ	193
bcIIUI	135
bcCHWB	213
bcFCXL	147
bcCUDB	145
bcFXDY	248
bcAZEF	230
bcDFFE	139
bcFGKA	169
bcBJHK	221
bcCGXK	171
bcCTRP	209
bcGLKN	156
bcFFPQ	135
bcABDW	212
bcDWSO	80
bcGLCW	140
bcEMYD	163
bcFYTG	151
bcENDG	147
bcFQPT	124
bcCTIT	162
bcAWLV	110
bcCBDA	136
bcAMDK	148
bcHUNI	157
bcHIWM	119
bcFXPI	131
bcDGTW	158
bcGQXH	116
bcDEXF	106
bcBAVG	174
bcAOMS	122
bcHQBQ	125
bcGLKL	124
bcCOUA	120
bcGLNC	76
bcEROP	104
bcDATO	127
bcBCKN	139
bcCAIW	127
bcHAFJ	130
bcBTLL	92
bcCGYW	105
bcDEUO	126
bcAVFU	99
bcEOLF	138
bcHHTN	103
bcFZFH	96
bcATSM	114
bcFVPF	103
bcABXM	133
bcHUOU	110
bcETYD	98
bcDJEO	72
bcHSWU	97
bcBHZW	106
bcFNRW	101
bcHREN	96
bcHBPW	109
bcDXRT	116
bcBEFI	4679
bcCUHR	3537
bcEADU	4178
bcBSYI	2617
bcBIXI	2197
bcGFTJ	2101
bcBPDU	1918
bcDOIW	1832
bcHTHX	1668
bcAPSA	1226
bcHKQE	1206
bcGFSQ	1134
bcGBCA	987
bcFGVV	1080
bcCFRB	947
bcFCXJ	776
bcCCAK	831
bcBPDF	414
bcCRWJ	557
bcEGPC	499
bcHIAE	406
bcCXHP	306
bcIFTN	334
bcDTMC	427
bcBKYG	299
bcCGRH	214
bcAEFX	231
bcAIHH	330
bcCNZQ	257
bcHJEE	253
bcHGNM	186
bcGWUG	201
bcFZZB	280
bcBUYF	258
bcAPQY	259
bcAPCL	226
bcDVDR	254
bcEHFU	246
bcDWKV	188
bcDQWL	143
bcDERI	266
bcAGPR	211
bcCUKD	140
bcAFIM	128
bcDBVF	207
bcEUMA	176
bcBYQT	196
bcAOEJ	197
bcCNCM	115
bcCMJM	216
bcHAYP	193
bcHBFH	176
bcESDV	145
bcCAQT	176
bcCRVG	163
bcFBOW	171
bcAXMH	182
bcBVSM	133
bcBKFF	142
bcAHHN	180
bcAVQU	164
bcHTLO	140
bcEJII	149
bcCHXY	140
bcDQUS	164
bcHWZV	120
bcFNSD	172
bcCNFF	121
bcDFZO	202
bcBZKY	128
bcHTDQ	117
bcELGL	69
bcBWGN	125
bcHCMC	142
bcGNXT	162
bcCEQE	118
bcHRQS	85
bcBOCO	131
bcEPWS	43
bcETWI	102
bcFDGK	123
bcEAZI	133
bcAQBF	88
bcFLBR	128
bcAGYO	132
bcAXMG	65
bcAIPN	144
bcHPIW	134
bcAUOL	141
bcFZMH	91
bcICOC	95
bcFTRG	96
bcIBOR	101
bcCFJE	99
bcCBFH	118
bcBZDB	98
bcGFZE	107
bcCYQG	117
bcCCYM	103
bcAWBZ	83
bcABFI	113
bcIGYC	110
bcDMKE	116
bcFZHL	95
bcFXID	5302
bcGWKC	3110
bcDDKA	2824
bcIBBI	2115
bcEBGS	2804
bcFUEU	2456
bcHTCE	1542
bcBPTO	1677
bcAFRW	1403
bcBIDE	1602
bcCKAP	1206
bcGODZ	1201
bcCCCX	839
bcDHFN	997
bcENRP	756
bcDNLW	932
bcGUNL	731
bcAKQB	509
bcEVKB	384
bcENPW	465
bcCWFP	273
bcFJXN	406
bcAEDV	261
bcHXTF	300
bcEUTD	351
bcEJLW	331
bcHQUE	265
bcDLBB	349
bcAFOZ	284
bcEUWX	270
bcEDIZ	307
bcIIHE	225
bcFISI	295
bcEAQA	271
bcDREV	261
bcAVLH	316
bcANPH	281
bcGXNM	151
bcARAF	225
bcAQJP	173
bcGESF	215
bcBVRS	187
bcCHTW	224
bcEUZW	185
bcBENI	169
bcGXWW	139
bcGYYC	170
bcAJFU	185
bcGUQO	217
bcABKE	97
bcBCLL	148
bcCWFT	139
bcFJTS	177
bcDDAS	150
bcAQRM	136
bcDRMU	183
bcFMGG	165
bcCBVQ	136
bcDFJK	74
bcBASU	154
bcBCOV	130
bcCRFF	144
bcDORV	173
bcGBAB	143
bcEDDN	180
bcHLAY	162
bcBYYJ	122
bcAKOX	285
bcHWST	99
bcIHBZ	99
bcBTHW	139
bcDXXA	147
bcGFLA	120
bcATXF	123
bcHVYL	96
bcHMFN	142
bcANKY	128
bcAQTI	108
bcAOAP	112
bcBDVJ	136
bcBPAK	134
bcHEVM	135
bcCHJT	77
bcEPGJ	130
bcHIEH	107
bcHRVH	93
bcDIQW	128
bcAYWI	116
bcCQZJ	115
bcFRKM	105
bcBNSY	130
bcEISW	55
bcASNC	114
bcIEWJ	123
bcCVCQ	92
bcIBYT	97
bcCKEE	76
bcFPVC	125
bcCNTH	80
bcGVDG	101
bcDXAG	81
bcHWZQ	111
bcEDST	120
bcHHHZ	110
bcGAMI	5067
bcCVHO	2872
bcCBGP	2445
bcBNET	2538
bcIFXC	2022
bcDOEC	2094
bcAPLT	1805
bcEMGF	1821
bcCJQA	1827
bcCSYN	1443
bcBANS	1462
bcCXMX	856
bcAOQK	871
bcBJCT	807
bcHXYV	647
bcCIOD	868
bcGWJZ	654
bcEQYW	503
bcFABF	384
bcCQXU	486
bcCLJB	354
bcCIGR	308
bcEBLO	370
bcCFDG	355
bcAUBT	389
bcBKOR	357
bcAZMV	341
bcEJOL	302
bcGTHI	367
bcDBVR	294
bcAGAY	217
bcDMWW	310
bcATOA	224
bcBZIL	227
bcDSIB	187
bcIBDV	227
bcBOTG	210
bcAWID	159
bcGWUM	186
bcAVBT	233
bcCRBZ	228
bcEKYE	232
bcBEAX	167
bcCCDD	188
bcAGPW	202
bcCGAD	172
bcALBO	139
bcBAQP	185
bcFXSY	172
bcGCSD	184
bcDTUU	198
bcGEWO	160
bcHXSK	213
bcEBGX	199
bcDATE	210
bcEYUL	107
bcBHVB	145
bcFHCO	91
bcDWJV	144
bcFKTI	129
bcEYUW	163
bcCKML	136
bcCHRC	170
bcCOSV	122
bcHBQH	123
bcAOTL	152
bcGTBG	155
bcFSKM	152
bcAEWA	154
bcDDNZ	133
bcGJCD	166
bcGWSE	117
bcAEIM	151
bcAWFW	128
bcDUVY	131
bcBRPC	105
bcDSRG	134
bcAVMR	151
bcCNWE	117
bcCXVM	135
bcENSN	157
bcFGZS	126
bcHPLX	103
bcFUHC	94
bcIHQK	108
bcIAJR	129
bcDWUO	84
bcEMNS	145
bcARCT	68
bcGBGK	118
bcAVJR	96
bcFJAR	135
bcFIYF	130
bcFKAE	71
bcGSJI	75
bcFIWQ	99
bcFVZL	42
bcBOEO	90
bcFXBP	121
bcFXWI	105
bcHSGW	94
bcGROK	129
bcCYOO	110
bcENIZ	97
bcBAVH	4899
bcCCLD	3104
bcIALO	2631
bcEKLK	2575
bcGBIG	2191
bcHXSO	2172
bcGMNB	1685
bcHJAU	1911
bcFAVW	1527
bcHBGA	1281
bcFSVE	1234
bcBULV	984
bcFQSF	754
bcEFPE	725
bcGMBR	722
bcHWMR	704
bcGTMK	518
bcCTOR	595
bcEXBH	602
bcCKUH	351
bcIIQI	238
bcHYAJ	103
bcDWWU	398
bcBXRO	81
bcDQNI	81
bcFSCL	202
bcHNVP	300
bcDDIX	248
bcCGER	223
bcFEKI	332
bcCYNH	270
bcDUYD	257
bcDIUB	53
bcAZKT	211
bcDNVG	294
bcICLQ	231
bcGQSU	142
bcHWED	146
bcAFML	215
bcEBMQ	219
bcDWER	237
bcAOOU	199
bcGLMP	219
bcAQNJ	186
bcGOFA	264
bcGESP	146
bcBHNX	114
bcAHWZ	182
bcHTJF	183
bcCCDW	183
bcEYUF	171
bcEOTU	217
bcCIXS	149
bcEQUH	126
bcARLV	170
bcAORV	161
bcCPYN	148
bcHLBR	146
bcIEUT	169
bcEYKH	130
bcAVJG	180
bcCJPM	140
bcDKRF	183
bcFLUL	133
bcEYKD	86
bcENDN	130
bcGSBM	137
bcFCTR	156
bcAFKC	155
bcDSGE	94
bcAFXT	118
bcDSQG	170
bcAGID	122
bcHVVG	134
bcAJHU	122
bcHXAV	129
bcFYPB	132
bcCCVY	131
bcBEBJ	109
bcEELX	114
bcCAEI	120
bcFDQW	120
bcICII	115
bcHBUF	108
bcFBID	160
bcHWRA	95
bcAHRY	122
bcDMMX	125
bcHAVD	119
bcGFFP	101
bcGERD	96
bcBSNT	101
bcGKTF	104
bcCDPM	124
bcDBJC	79
bcCWWN	91
bcAHMD	88
bcAMWN	75
bcFKBI	103
bcDBND	103
bcGYHX	92
bcDUSW	83
bcEQOJ	104
bcHRQF	6541
bcFQZT	3514
bcECGZ	2761
bcFMNC	2435
bcHAYF	2269
bcENLN	2086
bcBBIW	2069
bcIAVQ	2100
bcFWOI	1932
bcFSXW	1629
bcASRV	1040
bcFBEQ	1520
bcDDKR	879
bcBGKB	745
bcHIYV	624
bcCPXD	408
bcBVLF	577
bcBZFO	556
bcEXGM	586
bcFZBJ	416
bcDVQU	271
bcEYSK	282
bcHDHM	407
bcETIJ	278
bcDDQE	253
bcCVVJ	299
bcALDK	322
bcCKLB	246
bcAXFC	283
bcHMHG	293
bcGXQI	240
bcDTRD	344
bcHDMR	326
bcCNTO	196
bcDTJV	208
bcFMKW	153
bcFLCZ	298
bcIIMQ	150
bcEPKS	251
bcCNHV	208
bcBEDT	207
bcDAPD	130
bcEXRZ	181
bcHNYL	221
bcEGWJ	263
bcHHFH	187
bcAGGX	204
bcGGGK	179
bcEGTG	196
bcHCID	105
bcGERL	140
bcFHGW	155
bcERGW	156
bcEWWK	120
bcDCAF	127
bcGOSM	139
bcESJU	165
bcHCDU	160
bcEASN	174
bcCVXC	111
bcEBBB	188
bcCPEE	166
bcACCK	109
bcGJAT	134
bcGULA	142
bcFGHV	159
bcATLY	130
bcCJWH	127
bcATSK	114
bcIBRM	112
bcAONA	154
bcARHD	146
bcFGVP	165
bcFXBE	130
bcIFOB	158
bcGPST	106
bcDPMH	131
bcGEPX	151
bcBRKW	122
bcAKBM	120
bcHMUQ	107
bcHTMD	112
bcAHSO	104
bcDNBP	125
bcCRFB	141
bcFPNZ	135
bcHWWZ	102
bcAJPM	125
bcDUYO	93
bcIIAK	102
bcEEZD	130
bcCGTQ	89
bcEUZD	96
bcEYWP	90
bcIGJO	105
bcEGFK	110
bcEAQV	112
bcBEVF	129
bcFEWI	99
bcBJAN	82
bcDMUE	110
bcBLOQ	91
bcBLDN	81
bcGCIN	6508
bcDESA	3936
bcDGSZ	3428
bcFEHS	2937
bcDVIK	1987
bcADTO	2092
bcCIXA	2138
bcDSZO	1712
bcBDVG	1807
bcEXWZ	1302
bcCGWT	1153
bcHGZF	979
bcDHIA	892
bcEFCM	903
bcFYQC	778
bcCRXX	676
bcCZJC	585
bcHFSN	683
bcEBWG	370
bcEQUQ	396
bcBTJT	323
bcAWPO	441
bcGKBI	409
bcHXQM	372
bcELHV	451
bcCVPT	188
bcCMKH	454
bcBECM	408
bcIERG	262
bcCJYL	196
bcBLBQ	243
bcHTFJ	273
bcFEPF	308
bcGBAA	263
bcALPE	94
bcGJHI	249
bcGCYN	237
bcBXAL	195
bcFBVD	196
bcATCB	151
bcGFQQ	214
bcEQRB	211
bcICHJ	233
bcCPMH	197
bcHAQL	169
bcDVVD	165
bcIJZR	162
bcEBJJ	186
bcDNBN	202
bcALVJ	137
bcHOUP	153
bcAXSJ	86
bcAWAD	217
bcCCJF	168
bcFJIK	162
bcICED	191
bcGGMN	139
bcFNYI	130
bcEYNM	146
bcDUSE	171
bcBDTB	153
bcBONU	155
bcGHOG	171
bcCOLN	125
bcEFGF	142
bcBOWA	166
bcGWOU	126
bcAUBK	157
bcCQMJ	196
bcERUX	130
bcCRYI	124
bcHHAU	156
bcADBJ	138
bcDKQS	145
bcEEFT	155
bcDMZS	153
bcBEWM	137
bcDKHI	113
bcBONV	150
bcFYXF	125
bcDZTY	147
bcCNSZ	102
bcFWSM	123
bcGAQK	105
bcCSQK	97
bcGBEN	109
bcCGFL	79
bcCXYB	123
bcIEJU	116
bcARBA	106
bcIIGI	97
bcEZXB	137
bcAMQH	105
bcGOFD	127
bcEZUR	123
bcAJQV	111
bcCIAK	109
bcGUMU	132
bcADPX	111
bcEISQ	98
bcEATF	94
bcARIF	124
bcIGWY	86
bcBSYB	4849
bcGCSP	3801
bcGWVX	3091
bcATGJ	1925
bcCRFL	2310
bcCTHV	2110
bcDPMW	1853
bcBWYV	1467
bcEEOS	1502
bcAPIW	1121
bcGXVS	1032
bcBUZJ	997
bcCVCE	616
bcBCYU	667
bcDTWJ	668
bcARTO	612
bcFQXS	388
bcFKFQ	487
bcHIHB	608
bcDWME	398
bcDYHG	444
bcCQCC	421
bcBWFH	368
bcHUUA	433
bcDYTB	382
bcHASP	329
bcHLFV	338
bcCGIJ	304
bcBDEJ	375
bcDSEI	298
bcHBGV	259
bcCWHL	212
bcFMDW	256
bcFRXD	217
bcGACR	176
bcBQHX	61
bcFMBD	225
bcCXAT	171
bcDQSD	218
bcEYRM	106
bcAMVM	163
bcBYXW	251
bcDAYK	116
bcGVHB	170
bcFTRX	164
bcCOQZ	158
bcAPSX	178
bcAHSF	236
bcIHDF	146
bcFUFI	215
bcHMRA	116
bcCDOC	178
bcFNTJ	147
bcFNVQ	204
bcFDFM	192
bcEQLS	135
bcCATO	120
bcCYOR	165
bcHGXB	127
bcDQOA	132
bcAHFO	105
bcFBBW	148
bcIFWF	97
bcFMEA	136
bcAFQB	172
bcFSWC	136
bcGEHJ	148
bcBMGW	123
bcFTWZ	141
bcCGKX	130
bcIJKM	115
bcGZUF	163
bcEJUE	123
bcAIGC	150
bcGFDX	103
bcBNLQ	97
bcGHOU	122
bcGAHT	120
bcHKWX	125
bcHTFH	117
bcBKEF	79
bcFFTA	110
bcEAZA	119
bcAWQB	137
bcAVLP	115
bcHTPD	123
bcAUAD	127
bcDCAE	134
bcCMKF	106
bcHOSF	121
bcAKDG	111
bcDUYP	102
bcHJLY	128
bcDIWN	127
bcGSSA	106
bcCJZY	110
bcIDRC	111
bcDVRC	60
bcFKZG	123
bcHNKU	111
bcBZGE	92
bcGDJY	120
bcESQP	86
bcFCVX	5022
bcGTNR	4576
bcFZTN	3378
bcHMBW	2565
bcGYWD	1717
bcAVFD	2234
bcCFFI	2008
bcDHVK	1975
bcECVM	1595
bcDOPV	1173
bcFNNQ	1491
bcAHDP	1181
bcGGQD	662
bcFIJL	767
bcDPAO	1031
bcGIIC	576
bcASAJ	678
bcDNPV	141
bcHDYC	494
bcCKFY	308
bcCNEC	520
bcDRHA	379
bcARTC	360
bcHUFP	347
bcDYOW	320
bcCEYS	363
bcBOEA	262
bcHJIT	266
bcGGED	228
bcENJZ	217
bcESOB	279
bcHMOB	208
bcCJAZ	236
bcGVNL	120
bcACLF	274
bcEBQG	275
bcEMIH	240
bcCSUX	257
bcGBBF	223
bcGJAM	239
bcHDOD	187
bcANEA	195
bcGELO	133
bcAAXE	199
bcHVBF	47
bcCIJK	203
bcGIBP	194
bcAMLP	164
bcEZWT	173
bcHYYE	197
bcDEFQ	178
bcAUWE	190
bcGRSX	201
bcDTJW	146
bcBZMN	108
bcHMSV	152
bcGJYV	102
bcCWSP	118
bcBNQR	186
bcDNUY	113
bcCSIW	127
bcIJVW	126
bcFJIE	129
bcEIFD	97
bcBBAG	167
bcBMCY	142
bcHEOO	101
bcDSJC	165
bcIJZE	129
bcHASO	145
bcEEBX	141
bcDZIV	124
bcEMCX	153
bcAWYB	139
bcHSKC	120
bcBQHP	101
bcHRVQ	109
bcHAZZ	158
bcAUQM	143
bcAXAN	141
bcCALH	102
bcEUVP	81
bcDMLE	134
bcFWBT	90
bcGOIW	139
bcFWFO	73
bcARNB	114
bcGUHT	129
bcHADO	98
bcAZVT	121
bcFXIN	127
bcCJAM	115
bcDWNV	67
bcDRXZ	123
bcBLCV	108
bcDWSK	94
bcEMHH	114
bcCQOU	139
bcHKXJ	116
bcGAKH	79
bcDYVN	124
bcHANW	88
bcHPPB	109
bcHKJQ	5158
bcCVMV	3399
bcFXKY	2764
bcEHNT	2187
bcAGBD	2384
bcBMDG	1914
bcBZHQ	1820
bcHQDX	1722
bcCQBG	1423
bcBWWF	1281
bcCLZM	1083
bcHLOA	1098
bcFHUN	1108
bcEVWR	890
bcHZPB	103
bcDKRE	514
bcHFLK	658
bcCIVH	398
bcCLNI	454
bcEKXK	493
bcBOVE	528
bcHWPN	347
bcHNVK	405
bcFTTP	197
bcERAU	240
bcDMZK	423
bcIDJD	292
bcFPIP	284
bcGZDS	218
bcFGXX	269
bcEYYJ	208
bcFBJO	259
bcFRJV	112
bcFCUK	247
bcHJPX	187
bcCBTM	241
bcEKLA	211
bcBMTN	206
bcEVBV	217
bcALVD	155
bcGDVT	180
bcBJMO	161
bcAQWW	153
bcACGN	207
bcIGYN	211
bcGVEU	154
bcAEPO	186
bcFPKU	151
bcCBQA	160
bcBYUX	180
bcHCJZ	158
bcCJVM	183
bcENWT	187
bcDOPI	155
bcCTNJ	170
bcGWNC	147
bcGQCN	133
bcCJWT	63
bcHEBN	121
bcAZAN	111
bcCPKH	182
bcGXWX	130
bcEXHN	155
bcEJLG	119
bcCMOO	148
bcENOF	87
bcFJSX	105
bcFTFZ	165
bcDUHF	176
bcDAQY	160
bcFLOL	85
bcFTOC	144
bcCSVF	121
bcEEEY	119
bcIFZL	100
bcCTUD	146
bcGZUV	137
bcAKWB	103
bcECQH	140
bcHRWF	113
bcGIWG	123
bcDVAC	105
bcBKWI	112
bcDOHP	77
bcHNPS	110
bcBEIL	122
bcHAFA	91
bcFBYL	114
bcFGJX	105
bcEALK	109
bcACXW	123
bcFJNF	102
bcGKIF	125
bcBRLW	128
bcEKWA	132
bcIJSF	130
bcEXET	71
bcANTS	107
bcFLPG	85
bcGRWK	75
bcABTA	119
bcIBCH	84
bcDDLL	112
bcFKJR	4294
bcEKLB	3943
bcALFD	2999
bcGJYE	2165
bcABFQ	2423
bcHRIU	1953
bcCPIO	2061
bcHIFW	1615
bcEGCS	1258
bcFTGR	1363
bcDUDM	1523
bcFLAF	1534
bcADDQ	1070
bcDGHB	1342
bcAGMQ	847
bcGDFA	634
bcDCEV	613
bcGTNU	792
bcHWVE	387
bcAGBS	346
bcAZJA	167
bcBYSX	301
bcFYYA	410
bcBEOI	258
bcBZPE	310
bcBLBT	302
bcEMHR	369
bcAEDS	230
bcEJSI	268
bcAVAA	293
bcFBMG	256
bcDJKZ	274
bcHPVU	247
bcAPRP	217
bcFGUQ	269
bcHHKV	230
bcEYVC	223
bcGLOE	207
bcICFH	223
bcIFPA	232
bcAFYM	169
bcBMLR	225
bcGEGE	214
bcGCRE	199
bcIFTQ	157
bcEJIH	162
bcBLZB	128
bcIJAX	176
bcCEUI	196
bcBVHF	174
bcECQB	193
bcHVPO	136
bcDMRV	206
bcBCGD	173
bcBPRM	177
bcGOAU	179
bcGJXP	187
bcAVJC	181
bcEVPE	201
bcFOSK	171
bcDCNH	179
bcABVV	154
bcGEKH	173
bcFELZ	179
bcBWKQ	126
bcFLUX	142
bcDCGY	148
bcEYFC	127
bcGXXQ	130
bcETWM	167
bcIAJI	125
bcFZTV	87
bcCZUH	102
bcECWI	144
bcBXXY	126
bcCHUH	138
bcCWEZ	96
bcBYNG	122
bcFKOE	126
bcAZEI	132
bcBDDG	151
bcGFUC	84
bcDTNM	133
bcHCLI	97
bcHDPV	117
bcARIU	149
bcCBZH	114
bcDVXZ	67
bcBUFS	67
bcAQOP	114
bcFGQB	112
bcGMMN	118
bcDKWB	67
bcAPLR	95
bcGGNV	110
bcCACK	152
bcFMUF	106
bcHMUX	103
bcGRCQ	85
bcCBUS	124
bcGXZU	90
bcDCZF	91
bcAZDD	74
bcIGQA	4863
bcCLKT	3333
bcEKAV	2597
bcHFWZ	3290
bcBRPB	2256
bcAHYS	1893
bcEZJU	1951
bcHOXL	1699
bcGRVX	1565
bcHDLP	1244
bcHOTD	998
bcCPHI	1141
bcCEGT	727
bcCPZQ	666
bcGXWJ	760
bcGUJK	618
bcHLQO	614
bcCVNG	562
bcABBT	482
bcFVIS	377
bcAKFE	355
bcHSAT	384
bcADXL	425
bcGDRH	333
bcGHPG	255
bcFYVR	305
bcHKZN	264
bcCZTS	280
bcAVYI	256
bcGWCV	261
bcBAYY	270
bcIEJW	182
bcBHOK	229
bcDMVW	309
bcAXQM	268
bcANWV	265
bcBCSD	116
bcCTLD	196
bcIEYF	212
bcIFCE	195
bcGAWY	229
bcGFCH	210
bcANJF	203
bcCSMM	219
bcDZUY	223
bcHGVW	189
bcIEQK	175
bcBQIZ	103
bcDTRV	225
bcGTLR	102
bcGUFE	186
bcEBFR	195
bcBXWZ	128
bcGPYD	143
bcFRCA	178
bcFENI	176
bcBZDQ	109
bcBKHO	148
bcEJUN	147
bcEGFQ	151
bcDYFV	185
bcGQCF	191
bcCMYL	80
bcGFCO	126
bcIKAX	158
bcBBSX	64
bcFVKR	104
bcFBHK	169
bcBESH	150
bcEVYP	185
bcHBWC	129
bcIISS	109
bcEUCF	71
bcFCEM	146
bcICDZ	121
bcFIQN	136
bcGLED	115
bcATEC	107
bcAGOK	125
bcGVAX	116
bcFEPK	148
bcERRA	118
bcDKRV	135
bcELZY	148
bcICLV	135
bcCFKG	124
bcBVNY	109
bcGLCA	105
bcHLTH	92
bcDQBU	81
bcECOQ	146
bcHDEW	122
bcDENI	131
bcASPF	106
bcAFHC	101
bcCXGI	76
bcDYBR	124
bcDNMD	129
bcFWRA	114
bcCNNU	91
bcHFZC	109
bcFTKS	84
bcAAHV	116
bcHWCB	3592
bcAZUB	4070
bcIHHV	3273
bcAFGU	2470
bcEXZS	2392
bcEKEO	3457
bcALOH	1811
bcFPCI	1675
bcFDYN	2440
bcALTE	1217
bcALYU	971
bcEVWJ	1174
bcHBGW	915
bcHDNJ	697
bcFGPG	747
bcBJPA	454
bcDHGQ	538
bcAKSM	569
bcBCGR	539
bcFOAA	536
bcDOCI	537
bcBCAG	393
bcEDLS	324
bcGVND	323
bcATKQ	320
bcIJBF	239
bcIBBQ	219
bcDLIV	175
bcBVWE	264
bcCLPJ	322
bcGQUB	224
bcFJBU	285
bcCWTF	239
bcBMBJ	195
bcDSIW	194
bcEHDN	281
bcFMGB	203
bcERFH	194
bcIFGO	211
bcCIVC	216
bcEDMX	289
bcBXDF	166
bcBRCZ	186
bcBTVX	198
bcCSTI	172
bcDUPZ	239
bcCCVT	204
bcCRCS	186
bcDDJB	183
bcCUMR	192
bcCXSS	135
bcAVTS	150
bcDTZB	128
bcBLMS	120
bcCLJJ	158
bcCYDH	156
bcBHQB	157
bcHAME	152
bcGLIV	155
bcGJPW	126
bcEXVC	188
bcGLET	138
bcCXVP	157
bcFEJG	160
bcCNLB	111
bcFXFF	146
bcBTCQ	133
bcBLSD	142
bcCMEW	102
bcBVGR	142
bcEOUB	138
bcCSGF	118
bcHFNW	185
bcELGB	161
bcHTJI	100
bcEZAW	141
bcDGWJ	101
bcCWSJ	98
bcHGPZ	136
bcFRRZ	135
bcAKZF	110
bcHEDY	129
bcEZBE	125
bcBKRU	117
bcGIYS	123
bcDDSM	114
bcCOFQ	106
bcHUND	96
bcGHGZ	75
bcDRCR	100
bcFIZB	134
bcFEUJ	123
bcAWFO	115
bcAHNQ	112
bcFOLA	94
bcCXOU	130
bcHCDK	112
bcDBXQ	124
bcAJVX	106
bcFKVL	106
bcAWMP	106
bcCXFF	76
bcBOWP	121
bcDITL	4171
bcBOCX	3961
bcBAMS	2651
bcDJJQ	2397
bcGKXS	2146
bcCFJL	1659
bcAPLZ	1835
bcGGGB	1206
bcFHKZ	1473
bcHKJZ	1231
bcEVFI	1333
bcBUDK	1507
bcAAQU	836
bcCSTT	690
bcEDUC	898
bcAIVV	450
bcCYLN	695
bcIIOQ	522
bcBOEL	557
bcGLVQ	447
bcBJDO	492
bcCALC	432
bcEBBF	398
bcDTCN	342
bcHHPJ	369
bcAVDW	395
bcEGLH	374
bcGMYH	209
bcCUFJ	324
bcFBIV	257
bcECNX	113
bcFBYJ	253
bcAJNG	171
bcHRTL	237
bcIHZX	247
bcGVDR	135
bcDGNO	241
bcAHLB	169
bcGKBB	180
bcCFIV	235
bcFOSM	108
bcBPVZ	209
bcBXYQ	231
bcDOIZ	209
bcGYRA	179
bcEYUX	156
bcEXVR	200
bcFXVO	189
bcBPSZ	164
bcARHL	222
bcCIAF	147
bcAFXN	185
bcEAKG	191
bcEHJI	171
bcHRML	205
bcCPNX	182
bcBNIV	163
bcBUEA	170
bcEQPH	155
bcEWPS	176
bcGTDL	173
bcEXFG	175
bcIFSY	127
bcEVHB	167
bcBMME	100
bcDONC	174
bcGUDE	147
bcCTAF	150
bcGKWK	100
bcCUSP	179
bcBSFJ	71
bcFPLA	160
bcIEZR	134
bcDIPF	130
bcGNGN	129
bcBADQ	147
bcEYWN	116
bcBWSI	108
bcHYWQ	119
bcCXGR	116
bcEYYN	75
bcBVSF	99
bcDCBX	158
bcDKLS	137
bcCFBK	114
bcGXRD	76
bcCSTX	105
bcGIAW	110
bcFRHI	124
bcBCAV	120
bcFJVN	127
bcAQTT	90
bcHDHW	115
bcCGVG	86
bcHYAH	105
bcEATO	122
bcCDTU	100
bcGYYS	90
bcAKJK	139
bcENVL	93
bcESNG	98
bcBZRM	92
bcEYTP	96
bcEUXT	5740
bcDCXI	3522
bcAIBV	3201
bcBLEW	2319
bcCAHT	1928
bcHKRO	2486
bcHYTM	3305
bcDXLW	1672
bcFMEI	1536
bcFSEQ	1513
bcGPIH	1017
bcAUXY	1217
bcFZTM	900
bcGTPN	925
bcHTWL	637
bcCVWC	702
bcFARG	673
bcAJPP	524
bcGNVC	395
bcHIAK	365
bcHWVO	369
bcCETG	395
bcFWWV	16
bcCCCI	401
bcFZDS	313
bcCBTW	318
bcAITC	356
bcFUOP	264
bcHEAF	289
bcHMFF	229
bcCJCK	302
bcFJRA	287
bcCUYB	242
bcGSWU	232
bcGBGW	206
bcAXQA	219
bcEHNZ	226
bcCTRN	178
bcFQWD	223
bcEFPB	247
bcAGKK	194
bcGKDV	212
bcHNQZ	190
bcHJRA	176
bcFVGI	179
bcECRA	228
bcIFVM	198
bcFYYF	154
bcFJOC	188
bcGPZL	208
bcFVMF	162
bcHQVI	129
bcFXPZ	158
bcCSHD	155
bcDVGU	127
bcCMVK	173
bcCVIS	122
bcASNN	154
bcHVFF	66
bcBKFI	164
bcHBXG	138
bcBRDL	117
bcARPR	131
bcHVNZ	144
bcBKGB	109
bcCLND	123
bcAWAC	127
bcGQZP	117
bcDJFP	153
bcHLNY	106
bcDEEK	157
bcCBFF	155
bcHHZY	51
bcAVIA	154
bcDLDX	150
bcACVL	141
bcEZXQ	145
bcDZQB	116
bcAPXK	111
bcFBNH	118
bcFKFZ	144
bcFJQU	75
bcIFWG	84
bcAISY	118
bcFERM	145
bcHGMF	136
bcGKYN	118
bcBETM	124
bcAQWZ	107
bcBBTF	124
bcEPHU	77
bcCFLN	124
bcEVBY	108
bcGLYA	119
bcDEEH	130
bcDRRX	102
bcHNQR	76
bcBREJ	87
bcIGJZ	118
bcFMMW	103
bcDDGD	108
bcICQT	73
bcBSEZ	95
bcHPNX	4748
bcDWQL	3410
bcHIPT	2722
bcIIVC	1893
bcAXFE	2127
bcBTLX	1889
bcHBJL	1976
bcFKCA	1559
bcFNFS	1389
bcCXEJ	1384
bcCMNN	1270
bcFDAY	997
bcBIML	987
bcHJNC	827
bcHBIH	782
bcBUFR	757
bcHKGB	550
bcFGDI	677
bcEYGZ	467
bcGLAQ	436
bcHPLW	501
bcHNVX	387
bcHFAY	288
bcFQUC	451
bcHBXI	346
bcANRQ	364
bcBPBQ	338
bcAVOI	263
bcANBQ	319
bcCOYL	258
bcBNQX	290
bcACKX	281
bcDFCD	142
bcEDWM	243
bcGXPJ	230
bcAFOQ	136
bcATTY	173
bcGVMW	168
bcHHBO	203
bcEWYK	171
bcCCSY	203
bcBCDL	186
bcBWUR	177
bcHRWD	167
bcCTBE	201
bcDMUG	150
bcFUHW	207
bcGGBW	150
bcCWIV	134
bcFURV	183
bcBYDO	122
bcDOTO	206
bcFVOC	145
bcCKLZ	118
bcAEXL	180
bcFKBG	98
bcHVWQ	138
bcHGPU	150
bcAFLJ	145
bcDYWR	146
bcAWXB	136
bcAHEM	163
bcGSTA	179
bcEIJU	133
bcCLNU	135
bcCJFB	129
bcICQU	128
bcHBKL	139
bcBHZX	131
bcAHUT	91
bcEDJB	127
bcEIEN	50
bcBORO	140
bcAMBU	124
bcGUKP	80
bcAVKH	126
bcAIHJ	154
bcFWRT	144
bcBUNW	139
bcFFOQ	138
bcGLJO	104
bcCKAR	119
bcFMOW	125
bcDEPW	107
bcICMP	120
bcGUJQ	123
bcANMJ	111
bcDVPZ	136
bcCLMW	117
bcGUIU	115
bcEHQS	128
bcCKNT	56
bcATOI	90
bcFJWS	88
bcBLPK	91
bcHOHY	99
bcHSGG	95
bcGUYQ	68
bcAEUJ	112
bcEGSH	118
bcCPSS	111
bcBPWG	116
bcIHBH	115
bcHZCN	4785
bcEFYU	5588
bcAHAY	2843
bcFGGO	2962
bcDHDE	2178
bcGNVE	2204
bcBHOV	1797
bcGJDM	1831
bcFYNQ	1844
bcASPI	1368
bcCXTF	1085
bcHRVA	931
bcEULM	685
bcIAEC	759
bcHQTP	803
bcDPUK	630
bcCLKI	594
bcFZJW	434
bcCZXZ	384
bcAMNS	558
bcHYJK	482
bcERRX	357
bcHQEJ	395
bcBLLO	226
bcHIUA	403
bcBPSS	264
bcCAPY	310
bcHCIZ	320
bcDUUM	272
bcHBXC	212
bcCZUN	266
bcCWDF	197
bcDMVZ	272
bcHTEG	245
bcHFFN	286
bcHTHE	240
bcBGVK	276
bcCIYB	200
bcDJYZ	238
bcHHUR	171
bcBICB	189
bcCWBM	155
bcBTDQ	145
bcBSIK	233
bcEADS	157
bcBWVU	188
bcCRTV	208
bcHDBD	204
bcAMAC	179
bcBRQT	171
bcBMIG	169
bcACKP	151
bcCWKS	133
bcDONN	196
bcAOUH	182
bcBWUN	123
bcCIHN	137
bcCLIB	122
bcHKGC	143
bcALRC	149
bcBNPQ	160
bcDDUU	188
bcCXLH	114
bcBTCO	149
bcECGV	137
bcBVBC	145
bcGYNP	89
bcCXKF	124
bcGEFH	219
bcAWRN	170
bcCILY	159
bcGVOS	98
bcFSAJ	92
bcEGEH	112
bcIAIT	127
bcGBUE	153
bcDOXY	104
bcAJNC	118
bcIGAD	108
bcBLWI	128
bcFKYK	130
bcHHVM	115
bcASUS	128
bcADHF	122
bcEORR	103
bcACHO	155
bcEHLW	125
bcAGHH	105
bcCTTE	141
bcGBYG	120
bcAFFH	118
bcBVGY	82
bcCCMZ	120
bcBTCA	96
bcESBN	89
bcADRH	108
bcAWKY	81
bcFNPY	99
bcGUXQ	53
bcATQI	93
bcHBII	103
bcBYZE	85
bcGTMZ	110
bcIJIW	4940
bcGGKG	3106
bcAVLV	2709
bcFSRT	2448
bcFIJH	1764
bcCYEF	1913
bcAKQS	2160
bcBJGZ	1615
bcHFZB	1612
bcGFJU	1061
bcFTYE	1088
bcDHKD	1211
bcAYDG	615
bcDPAI	666
bcGBWB	600
bcICOP	486
bcCRJM	715
bcEOCH	786
bcAQNH	357
bcERGH	285
bcBUGD	455
bcAXDV	284
bcFPON	329
bcBVHI	309
bcFPNH	431
bcFOZP	348
bcADWF	431
bcCDGC	329
bcFNZO	306
bcEFFN	219
bcHTMO	214
bcGWOM	244
bcHKYM	151
bcGUHR	225
bcAHSE	72
bcCEQS	212
bcEHJJ	274
bcHXYT	208
bcAMJN	149
bcDAJI	193
bcFXXL	178
bcHLFZ	245
bcGKYJ	136
bcDFNG	247
bcFXST	227
bcECOF	218
bcEVDV	206
bcGYBF	88
bcFORK	175
bcFHZX	158
bcAVJN	215
bcIIHW	94
bcEUFB	175
bcBMPS	172
bcDELK	217
bcGZSP	100
bcBJZS	139
bcEWBM	148
bcFHIN	145
bcGMRB	70
bcCIBV	145
bcHNJN	86
bcIETM	152
bcCUZS	156
bcFIZZ	138
bcFHIV	147
bcAWIB	140
bcHMPS	112
bcARQD	162
bcFEGV	173
bcCBBL	54
bcDLWR	88
bcCTON	74
bcCFEP	144
bcCZWI	142
bcCRPP	99
bcCOMK	109
bcHVMH	102
bcDVKJ	107
bcHLYX	73
bcFAAC	154
bcFYSC	115
bcAEEB	93
bcBPYR	139
bcCCHN	95
bcEASW	145
bcAPEG	160
bcHPZJ	142
bcEQPB	122
bcEVMS	106
bcIHDE	95
bcBKDG	109
bcDJOC	118
bcGYJJ	101
bcCFMP	132
bcCMJW	130
bcEJZH	99
bcDYBG	118
bcELKV	92
bcDOTL	113
bcGKOG	90
bcIENO	101
bcECFH	97
bcFWTI	4834
bcEDDP	2834
bcDTAX	2735
bcIKCG	2470
bcCMEP	2473
bcERON	2104
bcFHQZ	1690
bcAUHV	1447
bcCDLL	1756
bcBXML	1598
bcGOSA	983
bcFFZX	912
bcGDCS	898
bcCNGE	1073
bcGLGB	782
bcBECS	566
bcHLRE	569
bcADQX	593
bcIHHE	555
bcGTWT	532
bcHFTH	450
bcEUDX	295
bcDQTS	363
bcIFTG	277
bcCFHI	367
bcAXET	314
bcDCQY	361
bcDALK	306
bcAXLM	353
bcCWSV	302
bcFWPS	180
bcAGJZ	61
bcFWAJ	189
bcGBHJ	280
bcBUCJ	242
bcGJOE	163
bcGPMS	213
bcAIXB	218
bcHGRV	222
bcEWED	207
bcERRC	200
bcIFIQ	234
bcHQSG	182
bcFNLB	208
bcGLHO	179
bcIBJB	172
bcBXMC	178
bcDPRI	194
bcEUUM	176
bcGQTB	182
bcGTID	147
bcAYFD	56
bcGBDA	152
bcDBPU	189
bcBLGT	131
bcBOGA	153
bcESBV	143
bcDUNR	70
bcFMAG	195
bcFYTS	161
bcIIGQ	136
bcAMVW	169
bcDGEW	171
bcHJQJ	106
bcBPID	154
bcCJIO	109
bcARKI	171
bcHCWW	128
bcFLKV	179
bcERMX	123
bcBLVP	121
bcCBXX	94
bcBVSR	124
bcGTJR	147
bcGZDW	132
bcDBRL	156
bcCKCU	89
bcDAMN	68
bcDVXP	90
bcGETM	152
bcFRRJ	112
bcIIGB	100
bcDTGK	123
bcARWL	67
bcBUBX	117
bcAVEG	146
bcHVXH	126
bcDQGD	113
bcGUJX	101
bcAPUV	117
bcHKPZ	122
bcCZXS	133
bcFNCW	114
bcGQDY	133
bcAFRL	110
bcHWTA	89
bcAASH	107
bcCJAF	93
bcCPKJ	95
bcGFYJ	93
bcFCRQ	87
bcALDP	84
bcFODH	109
bcDGEK	5903
bcCIXN	3822
bcHFFP	2741
bcDYEJ	3614
bcHFPA	2357
bcBJNE	2044
bcEBAI	1990
bcBCXY	1455
bcGBJB	1295
bcIHBB	1079
bcFAZP	1217
bcFCPG	1376
bcHXVE	670
bcCDUF	798
bcEQYH	640
bcBBAB	645
bcIJSU	577
bcADFL	474
bcGIWT	355
bcHJZW	434
bcADIY	413
bcCBGE	407
bcBQFD	326
bcEGHV	364
bcFBQU	385
bcFPHG	321
bcFQKV	370
bcBTAY	266
bcFKSQ	294
bcHMKL	306
bcEDCA	245
bcCHPE	278
bcAEZL	274
bcCQTE	145
bcCARI	186
bcBMAB	191
bcEAKZ	247
bcFFRF	165
bcHTGI	220
bcDBKA	208
bcCVMW	176
bcDBPE	223
bcFHHH	189
bcEVGX	192
bcCLKZ	176
bcIBXW	175
bcDFSG	217
bcCMEU	188
bcBVBP	152
bcATNK	184
bcFJRN	130
bcHRAN	214
bcELEO	227
bcGULN	202
bcHDGY	175
bcHQYZ	129
bcIIFY	115
bcDCLZ	195
bcEEYK	131
bcGRDA	141
bcAUUY	147
bcCJAA	119
bcBXYG	156
bcDAJU	173
bcADCC	133
bcDAJP	149
bcIGIT	137
bcEYPB	136
bcALZO	147
bcFTMZ	129
bcIJQZ	128
bcDWJC	100
bcARQM	109
bcCUOV	120
bcANSU	103
bcIEUS	140
bcHNSO	127
bcBHTS	64
bcDUJZ	109
bcFKGF	127
bcHMHJ	121
bcAAFY	139
bcCVOI	121
bcBWMP	72
bcAREE	100
bcANRP	103
bcFSLC	136
bcDDNO	106
bcGCPG	88
bcBLEF	51
bcGKPR	108
bcAUTZ	109
bcCNKB	92
bcAFJC	109
bcBSLA	117
bcFPHX	81
bcAPSH	86
bcELWF	115
bcCIML	68
bcDLOZ	80
bcAODQ	85
bcIFPQ	82
bcBAJY	48
bcEDEX	4167
bcAQNQ	2899
bcGAMN	2689
bcASAV	2613
bcGNSB	2086
bcHKGR	2089
bcFUXN	2070
bcFPSI	2221
bcIBSV	1538
bcCGJW	1304
bcDQBS	1341
bcGKWV	940
bcBAXX	779
bcDAZZ	744
bcGBXT	713
bcDMLN	673
bcDLZE	678
bcCQMR	470
bcCNOJ	393
bcCHIL	397
bcFEVM	422
bcHWZE	289
bcGPBF	244
bcFFRX	382
bcCRYW	285
bcAEHM	366
bcGCEU	167
bcBJKV	346
bcEOMH	295
bcDVWV	326
bcAKKV	247
bcFILU	198
bcGYHV	222
bcAMHG	213
bcCKJK	181
bcIBNC	206
bcDIWT	209
bcCNQP	157
bcCAXU	181
bcBRQW	226
bcELOS	164
bcDNHO	211
bcDFJG	182
bcDMEF	187
bcGMUA	238
bcCLFX	162
bcIDMH	183
bcHESL	200
bcDAAE	163
bcEVWS	149
bcHELU	148
bcEWOU	191
bcEALZ	162
bcAPUC	167
bcCTET	167
bcCCLI	132
bcCGAG	138
bcDRNH	162
bcCNOE	105
bcGTAT	179
bcGRDR	147
bcFPZY	174
bcAUUP	147
bcBVQV	85
bcCHIK	134
bcCEKL	178
bcHJFD	139
bcDNFR	154
bcICHA	131
bcEYRJ	115
bcEQNI	166
bcEJBA	146
bcFUZZ	124
bcGGEA	98
bcHRBX	119
bcFWHZ	177
bcHBBE	127
bcGSTP	103
bcBIXJ	109
bcFPQO	151
bcCRVJ	128
bcDONR	146
bcEMEX	121
bcCLLT	118
bcCNDT	113
bcHZTB	63
bcAJUW	147
bcDIFF	86
bcBZMW	90
bcFFYI	152
bcGKDB	131
bcENEE	122
bcHNON	104
bcEYHQ	112
bcFKIE	85
bcCCCW	105
bcFGYS	117
bcFZAH	88
bcFRRD	106
bcELYS	115
bcHZHM	88
bcBUMQ	81
bcAMNA	82
bcEWDY	5354
bcCYII	3250
bcCVMP	2793
bcIIXG	1719
bcGGTW	1846
bcGFML	1650
bcAUFA	1617
bcDRGY	1761
bcEJAP	1668
bcCQBK	1195
bcGGML	1000
bcFNJR	968
bcGRFP	631
bcBGHX	824
bcHEMO	773
bcEQHH	462
bcHIHP	703
bcDTLO	408
bcCJDS	487
bcBUYO	333
bcABVQ	531
bcHGSZ	396
bcCQSC	424
bcDBGO	307
bcBXZA	351
bcCHTH	277
bcIEST	334
bcHMAU	360
bcDNCY	290
bcDOCO	181
bcEYPO	214
bcGUMR	245
bcGJEX	298
bcEYOZ	222
bcDAHW	248
bcHTLR	211
bcEALE	263
bcHDCS	234
bcAKRY	195
bcFXOS	223
bcAVQY	121
bcCOVH	209
bcCCMK	222
bcCZXU	259
bcGHBA	223
bcFYQH	184
bcFILA	170
bcCCMQ	197
bcGGEV	145
bcCWEQ	120
bcBRCD	186
bcFGWT	211
bcGKJA	162
bcAAXO	150
bcAGRI	144
bcFHGY	160
bcCRUC	153
bcEZEK	177
bcCVHM	136
bcFTUY	143
bcDOEB	134
bcDFBC	187
bcCVRA	96
bcBMOC	158
bcDUIY	181
bcAWXX	131
bcCCPA	173
bcBSMF	161
bcGLCT	106
bcEACG	132
bcCWPC	158
bcFGPQ	136
bcHIDW	142
bcAQSF	118
bcABMO	181
bcHAJJ	117
bcFQGV	139
bcBLXU	133
bcFCNZ	123
bcCABT	135
bcCCAR	128
bcGHQB	141
bcIFJH	120
bcAOJM	101
bcCWJE	86
bcHVOA	127
bcDEZW	129
bcHFTY	104
bcALSU	135
bcDSVG	100
bcGKGU	100
bcGUKA	106
bcFWMP	95
bcACOX	115
bcEMEV	137
bcGVKM	84
bcEHSW	63
bcHFOW	126
bcIHFE	114
bcAGBG	105
bcEYSD	94
bcDOSG	104
bcBQKR	74
bcCPNP	4822
bcHWOF	2746
bcEEBF	2550
bcAWHQ	2353
bcCWRS	2151
bcCDJV	2030
bcHYVL	1713
bcEYOP	1441
bcCSKI	1766
bcCORT	1237
bcCQIN	1357
bcEAHK	1848
bcCRPR	893
bcGCAT	743
bcDVLY	951
bcIBND	544
bcCTZD	603
bcDNFX	606
bcCJGP	552
bcHZIE	333
bcCNKP	285
bcFHBH	335
bcHLIY	306
bcDCFM	356
bcBUUA	292
bcFNYH	190
bcCBIX	308
bcFSQS	334
bcGBSR	295
bcFQOT	287
bcATPK	293
bcEGLF	277
bcCUCX	314
bcCINZ	235
bcCVGC	181
bcIDWC	246
bcCAWP	264
bcDUWG	230
bcESCG	185
bcANCY	219
bcHCWQ	201
bcIBFG	195
bcEVKC	211
bcFJMD	181
bcAUMR	219
bcAZQH	212
bcDOHD	118
bcBHWM	178
bcAVFN	222
bcCJFL	177
bcFNTC	167
bcGCNK	173
bcBAZQ	192
bcBMVO	68
bcATQP	135
bcCWII	94
bcGVAZ	165
bcBWSV	126
bcHFWX	145
bcAZBX	151
bcARIK	169
bcEICB	126
bcFTTD	139
bcDMXW	152
bcBYEV	162
bcGUNE	143
bcFSWO	123
bcDGKI	176
bcGREJ	119
bcFUYQ	139
bcEJOS	94
bcCRDI	164
bcIHQQ	122
bcAQRW	116
bcGUIP	119
bcDTFD	145
bcEOWU	162
bcAYOJ	122
bcDDQL	56
bcEWQZ	141
bcEQPE	127
bcGHDR	119
bcACUH	135
bcAULI	157
bcBAGM	108
bcAKRZ	123
bcEJUD	116
bcDJUM	65
bcFGWX	130
bcAOBE	109
bcIBXV	121
bcGYEZ	104
bcCRDZ	107
bcGTLH	142
bcADAX	121
bcHHBZ	92
bcFOFH	99
bcBSPC	155
bcBJOX	104
bcDEXI	136
bcGMHJ	106
bcHPGY	82
bcCZCV	99
bcDDLB	4875
bcGSEF	3165
bcHZAL	2459
bcHAEU	2254
bcCOCA	2386
bcIIGL	1860
bcEMJO	2085
bcGLDE	1374
bcCXDB	1316
bcASWA	1286
bcBQNO	1850
bcIJLE	1023
bcAJTC	832
bcEIQW	1110
bcBGTF	556
bcDUVQ	492
bcCKQV	659
bcHCPZ	617
bcEPMU	661
bcBTKQ	521
bcDBBY	413
bcCFFE	376
bcGCEZ	434
bcERRO	283
bcEGSK	355
bcHJLF	286
bcHWEA	173
bcGFPF	236
bcESCD	327
bcHRKD	289
bcCAAC	316
bcBYIJ	306
bcFBGR	225
bcHTHH	222
bcCWSQ	208
bcIBWI	209
bcAJQJ	240
bcFLRT	195
bcAHQS	164
bcDSQK	229
bcDMVT	216
bcCOWI	119
bcCZRD	182
bcCPSG	184
bcFPQN	232
bcCDEY	217
bcFXEI	213
bcBVPM	152
bcAIQW	222
bcHVWV	168
bcEKHJ	196
bcFEMI	195
bcBWWD	132
bcBVFV	120
bcGHNP	154
bcEBGF	181
bcGXOP	124
bcDUQZ	104
bcCURO	150
bcAXIK	160
bcARZH	154
bcEINZ	120
bcAMZJ	133
bcGKAJ	106
bcIBGF	130
bcDLHJ	158
bcCHMH	133
bcHCYU	161
bcCHJS	126
bcBOZI	134
bcHCDW	135
bcECNC	174
bcERRM	111
bcDCDX	121
bcEPKO	142
bcHWFO	98
bcCFLD	141
bcBTKG	135
bcEVIX	137
bcCHJA	130
bcETWN	124
bcGFDZ	103
bcCEDG	99
bcGIFS	104
bcCCLB	108
bcBXWW	113
bcCNDW	103
bcEYLN	104
bcCVMQ	89
bcHFKP	72
bcFUGA	71
bcIJAR	119
bcEIQB	120
bcCTEP	107
bcFWVZ	92
bcBNKV	72
bcAPJP	102
bcHMLR	102
bcDXDJ	111
bcHWXM	69
bcDZJL	77
bcAJUM	119
bcCWBE	75
bcHTFZ	4329
bcIAWR	2857
bcGBAL	2653
bcCRTY	2226
bcCSIT	2484
bcIGVR	1890
bcDWVL	1778
bcCBFS	1505
bcARZF	1647
bcFXET	1270
bcCYVC	1182
bcEIFU	1341
bcEDSG	985
bcEPJX	877
bcFGQJ	215
bcCOZY	270
bcFIVE	618
bcEUJO	449
bcHLXD	601
bcDIOO	433
bcDUPM	431
bcAWYL	415
bcCONX	367
bcHWEJ	181
bcBMVH	297
bcHVVA	302
bcEYSM	294
bcEMIY	267
bcGWTW	233
bcHFGQ	230
bcCBGU	235
bcBTJR	287
bcDWBT	199
bcGLMJ	221
bcDEKG	329
bcFSDQ	209
bcAKOT	193
bcGBSB	164
bcATKM	213
bcHAAI	151
bcCVWT	180
bcBEPD	193
bcGUYB	189
bcBASB	169
bcGAUR	289
bcCZVZ	237
bcDUKC	224
bcGDAE	165
bcCYJO	185
bcFNKC	200
bcFHHG	176
bcEEGN	151
bcGKCK	177
bcDUJR	144
bcEIAX	165
bcCURZ	178
bcDOFN	178
bcAOCS	122
bcIAKL	157
bcEMKR	152
bcCAHD	171
bcBADO	168
bcHJEI	101
bcCQEG	157
bcFKED	137
bcDRII	161
bcAPXI	161
bcBWUM	112
bcGACB	134
bcCFRQ	149
bcHOQN	117
bcAEBP	120
bcCIXH	130
bcDQNB	108
bcEHZR	115
bcEKDW	76
bcEDZP	154
bcEXVO	111
bcBHRW	95
bcDLMM	117
bcBTSE	87
bcBJLQ	121
bcCZUP	109
bcHWYX	92
bcIFVX	74
bcFYQV	130
bcAPKL	120
bcGFUV	110
bcFSXF	117
bcFLEI	95
bcCOTO	113
bcGHOP	106
bcBJLO	139
bcCHUG	101
bcFLEK	101
bcEJWM	82
bcCWJG	108
bcAGUL	100
bcCURH	117
bcAEAO	91
bcGUSG	85
bcEZZT	107
bcBHZG	85
bcGQSF	4161
bcAEGE	3274
bcGOYP	4078
bcHORH	2763
bcACHP	2660
bcCISU	1793
bcEGNN	1838
bcDCCG	1707
bcCIPK	1401
bcFAEI	1292
bcGMUE	1155
bcGVUO	835
bcGNRZ	799
bcHSAK	844
bcGZWQ	629
bcBXSO	740
bcGTIV	777
bcBXWK	419
bcESDB	416
bcGXWM	473
bcDWMQ	389
bcGECF	421
bcFMKF	359
bcGFQM	262
bcFDVT	301
bcHUJL	324
bcEXMX	254
bcGAPP	337
bcAGYP	291
bcEZKG	204
bcIEXY	247
bcEFST	185
bcCVHV	228
bcCFIC	216
bcEWXP	132
bcHCZU	243
bcDTPF	224
bcCNVV	175
bcDQGV	268
bcENGU	19
bcAWRW	199
bcFCJO	208
bcHEEM	205
bcEARP	244
bcBPRI	227
bcFXWK	221
bcICON	176
bcAXFL	184
bcCZWK	219
bcDQAQ	193
bcDADP	196
bcFFCK	183
bcALPG	189
bcBBBW	170
bcGTFE	183
bcAWDB	144
bcHRWO	127
bcAIXE	156
bcDVCW	119
bcHMQH	79
bcCLHY	106
bcEXDG	128
bcGSEH	147
bcDSPA	144
bcEEZN	140
bcBFIZ	141
bcAMMG	132
bcETUJ	102
bcHCMP	120
bcAEJT	89
bcCJCW	109
bcAEHK	133
bcAXTQ	64
bcCINL	97
bcBEWP	126
bcHXGF	97
bcIGKP	62
bcCHDM	130
bcFWMT	45
bcBXWN	137
bcASQW	90
bcCFGE	126
bcDQQQ	110
bcFVST	96
bcDLDL	123
bcHDSH	102
bcAQKS	113
bcCWKQ	88
bcADPB	122
bcCFGN	100
bcEADM	101
bcCAJW	109
bcHYBD	103
bcDWCU	121
bcIGLK	115
bcCECD	94
bcEYZV	143
bcHHSY	116
bcEFLP	92
bcEKHK	119
bcHLRT	96
bcCETJ	90
bcAJHA	113
bcAFSK	5856
bcCASH	3008
bcBQLO	2409
bcEPBM	2447
bcEBNN	2548
bcHLCZ	2300
bcHSPG	1712
bcGKAT	1467
bcGZCW	1069
bcDZPV	1394
bcAGKE	1283
bcENBS	868
bcFDCE	893
bcDBFW	703
bcCGTV	492
bcEDUP	561
bcFWCM	386
bcHNVB	597
bcAOJY	406
bcGFED	478
bcAGMW	462
bcDDXC	454
bcBFIF	282
bcBTBC	339
bcAIOW	328
bcGYWC	187
bcBVCU	303
bcEIMK	336
bcDXTM	212
bcAFNM	287
bcFJLW	260
bcBIVY	310
bcGREY	207
bcAUCG	171
bcDYRW	311
bcCOZZ	174
bcBEMB	220
bcAZBF	245
bcFKJT	257
bcFRGE	221
bcFOLV	182
bcFTDB	212
bcAUXZ	228
bcFHTV	166
bcBWNX	79
bcAZIV	172
bcFJYQ	87
bcFLTK	184
bcBELV	181
bcCNHB	94
bcGKGS	161
bcFJXP	199
bcBJTF	193
bcDGOR	199
bcFPFH	180
bcIISO	138
bcGNMH	170
bcAPWO	161
bcDKLJ	158
bcDLCK	170
bcIDWH	138
bcHCBS	153
bcGTPW	142
bcEOAQ	143
bcBGKA	137
bcECNK	172
bcATDA	124
bcBWPF	86
bcHWAQ	100
bcFIIN	125
bcAXVG	117
bcCCUI	60
bcFJEF	145
bcEXLL	156
bcEHZU	101
bcCDPR	138
bcDNIZ	132
bcBFUW	131
bcGYLX	73
bcGURY	75
bcHCCY	133
bcHEKX	120
bcBUWE	127
bcDJHR	120
bcDNKE	129
bcAKVN	101
bcHFON	125
bcETYP	94
bcABTF	139
bcIGZO	115
bcCWTA	99
bcEEGR	143
bcBUGO	124
bcDJCM	104
bcAFNL	99
bcGJYW	84
bcBYGN	101
bcAJBQ	103
bcFWFT	79
bcECPU	102
bcDEZX	86
bcCWDD	79
bcEYGU	105
bcDLCF	4650
bcHXVQ	3147
bcAENX	2641
bcAOPH	2421
bcBXIN	2068
bcEYZC	2084
bcADAQ	2659
bcHGFB	2350
bcAUTE	1536
bcCWSY	1216
bcAQCW	1048
bcHNDF	899
bcHNBY	867
bcCJNW	719
bcBWCY	606
bcBWKY	665
bcFATB	486
bcAVBN	611
bcDBYY	559
bcEDHR	443
bcGZNP	472
bcHUQV	318
bcGRFZ	343
bcEMZJ	255
bcCFTF	369
bcDUTD	325
bcBTVL	335
bcCFVV	311
bcDKPB	262
bcFKEN	234
bcHPLG	249
bcESYR	185
bcFPDT	220
bcBQJD	225
bcEHRM	262
bcHZDC	248
bcCDBF	188
bcCDZU	223
bcCNQF	174
bcCRPX	219
bcCGKM	230
bcFQWJ	120
bcARKB	232
bcALNL	223
bcFTUP	134
bcHHGW	198
bcIEWX	182
bcEHUX	131
bcIHYU	157
bcCTWM	217
bcADWS	206
bcCJSM	178
bcFZLI	181
bcCYLD	102
bcESFR	164
bcBPER	76
bcDTDG	141
bcHKUN	180
bcBXXI	162
bcGXUV	101
bcGHZX	102
bcHHDZ	136
bcCTEW	126
bcAOWB	157
bcDYBX	192
bcDBRX	162
bcEQWK	164
bcDJYK	116
bcEKCW	147
bcDVEY	124
bcCICZ	135
bcEIKL	111
bcEIII	126
bcGRJX	137
bcFGFH	143
bcEAKL	96
bcBDVN	137
bcHSAW	89
bcCXBT	77
bcESFA	117
bcBIBX	117
bcAJIW	118
bcHLNT	87
bcDPZD	106
bcAWHN	133
bcBXVL	64
bcCNKO	97
bcADQR	122
bcAOEH	97
bcDVGJ	123
bcBVNX	102
bcCNHQ	96
bcCCJY	102
bcCHMA	91
bcCRGU	83
bcHWBK	86
bcFTNV	94
bcDSIV	98
bcECKH	112
bcCSLM	123
bcGEFY	78
bcAKJR	118
bcBBIM	95
bcBLKY	4022
bcFXPD	3335
bcAFUA	2946
bcCIDS	2015
bcDDSY	2144
bcFZAU	2253
bcHCGP	1919
bcALYK	1868
bcDVWR	1599
bcEQTR	1208
bcEVZH	1028
bcHSID	957
bcGYUA	767
bcCDMM	869
bcEXAT	715
bcBQJQ	534
bcAIFK	424
bcAYFX	392
bcBNLM	533
bcHTDB	462
bcAEVZ	460
bcHKFA	412
bcAZNW	109
bcGPLT	212
bcHWYP	180
bcBOZR	369
bcHLFD	267
bcCWTN	322
bcFBRI	296
bcBLZL	248
bcABQV	366
bcIGWL	173
bcGUJM	217
bcBJSB	272
bcBVAI	262
bcHHLM	251
bcHSQI	250
bcIHNF	225
bcGPRL	215
bcBNXJ	265
bcCLLW	236
bcCJFS	210
bcHESB	191
bcHDIZ	235
bcGHIH	184
bcCTLR	164
bcDQVW	188
bcEANE	234
bcGFJF	177
bcALZU	170
bcIEIQ	125
bcCNGQ	163
bcEVYL	215
bcGIXF	84
bcBCFM	180
bcEDBP	157
bcFWZZ	172
bcGAEN	147
bcHZFJ	140
bcDYUP	188
bcDCEA	179
bcEDSI	161
bcHFAO	157
bcBKPT	44
bcEOGD	164
bcDKSZ	153
bcBVLC	147
bcCWYN	131
bcCFBO	133
bcFUVT	118
bcHFUH	126
bcFECJ	125
bcEKWU	129
bcGUHH	143
bcCVTW	141
bcHHVA	120
bcDCZT	152
bcIIKG	93
bcGYAV	94
bcHRFM	143
bcAAKO	132
bcGQZV	132
bcGZWJ	106
bcGCWL	103
bcCKJG	112
bcBTCY	97
bcCZKO	120
bcFJEM	98
bcEFJJ	80
bcAAWW	81
bcFKTU	98
bcEYGY	115
bcAVMT	108
bcDSVT	66
bcAXEL	78
bcCZZQ	145
bcCXRE	130
bcBMII	99
bcAQBK	79
bcGWSO	106
bcGWSS	106
bcFUAR	124
bcHFYF	110
bcHENQ	4670
bcGUNI	2970
bcHJKR	2600
bcHXAX	1844
bcCYGU	2061
bcAUIU	1912
bcABEC	1913
bcBJKM	1891
bcCAHS	1374
bcFPUR	1472
bcDASS	1150
bcEBYG	1010
bcAOXU	806
bcBYYE	655
bcGBTD	899
bcCLCK	427
bcDNSQ	793
bcCIAG	614
bcBOTI	561
bcEWLL	588
bcGHOV	477
bcAGPY	426
bcCWID	212
bcFWYX	298
bcAVIU	358
bcHPYX	198
bcEAHI	135
bcHQWO	320
bcFCMV	233
bcHGYR	292
bcCLJK	268
bcHJRI	239
bcGFCK	190
bcEKIR	261
bcCRLQ	250
bcEZFM	231
bcGTMT	225
bcAXPO	231
bcCWBD	149
bcFHHI	256
bcHEED	223
bcAYHN	188
bcBEYS	230
bcGQSI	175
bcBVFI	199
bcBEYJ	186
bcBWIE	133
bcDVQV	175
bcFJKX	137
bcIILI	162
bcFLWY	191
bcCIXB	199
bcEMBU	229
bcDXBG	158
bcEZRH	176
bcIHRT	144
bcAQEE	90
bcEDES	152
bcCQKQ	159
bcFFIX	116
bcEMBJ	145
bcFHXK	118
bcGLLE	158
bcHURR	148
bcGEPC	134
bcAFGP	141
bcFEJB	146
bcEJXL	131
bcDLSF	145
bcHUMQ	114
bcIHYP	87
bcAXAK	119
bcDRYZ	115
bcGASJ	129
bcAFRA	99
bcHLKC	73
bcGYXZ	101
bcBBRF	105
bcGOIR	132
bcCAPF	112
bcCDEE	118
bcHZGY	95
bcHRPP	116
bcCOME	112
bcEEQQ	119
bcGJVR	87
bcBCNN	123
bcFGEN	123
bcEIEY	87
bcFTKO	107
bcDKYZ	114
bcHZZZ	113
bcGMZW	119
bcHZFO	98
bcFGAI	49
bcDCCM	121
bcECJC	127
bcGBNS	151
bcARZG	78
bcIAKN	115
bcARMT	98
bcBNHN	117
bcHGVF	86
bcGCUB	3642
bcGQDH	3530
bcDSPF	3133
bcAXRK	2712
bcEZHS	2278
bcARND	1949
bcBYTX	1782
bcGRVC	1574
bcHPSQ	1323
bcIJKU	1194
bcAEOT	1084
bcCFXM	883
bcBZFU	704
bcIIHY	825
bcFGVB	643
bcHSCU	413
bcCPJT	416
bcEJVI	392
bcAMCQ	554
bcECYD	346
bcGCFZ	479
bcBXWO	331
bcFCLN	458
bcEWQI	90
bcBRGE	242
bcGBNL	356
bcEWIC	323
bcAOQS	267
bcBAAH	257
bcICZY	283
bcGBBG	223
bcCTGC	269
bcFPLM	278
bcAQWH	256
bcBGCU	272
bcBVCO	254
bcCHSD	224
bcBHSM	231
bcFXFY	97
bcBTLE	177
bcIBAW	238
bcBAEA	229
bcCDOO	197
bcBIAZ	192
bcHBOY	187
bcAAFS	104
bcCRFZ	140
bcBPVR	185
bcFJSL	195
bcEYWK	122
bcGDGI	170
bcGKZY	151
bcHFZX	192
bcGTLK	191
bcARZJ	120
bcEYME	170
bcHDGC	170
bcIGRT	130
bcDJSZ	90
bcAKNF	138
bcAANV	164
bcEVJI	153
bcFAWC	144
bcGSJF	139
bcCLMS	123
bcGIPW	142
bcADUX	160
bcFBHI	131
bcHBKS	146
bcGHAW	145
bcEMBK	162
bcCXEB	141
bcBELI	127
bcCLAW	137
bcFATO	64
bcDYCX	128
bcBVVZ	92
bcBADZ	132
bcAAEM	158
bcHBFK	107
bcDQCZ	108
bcBDSJ	86
bcBONB	110
bcGDHS	80
bcFRBZ	130
bcBGCD	134
bcCPVI	98
bcCIYS	116
bcDRWR	131
bcBXJC	101
bcBTWH	87
bcEMYB	94
bcEAUN	67
bcBXAG	82
bcCWBR	90
bcAUCT	74
bcBGJB	112
bcEHZZ	118
bcCUDK	105
bcAHAO	93
bcIGNM	89
bcFGJA	105
bcACHI	87
bcFICR	5807
bcGEXE	2760
bcFFDD	3112
bcHFWU	2412
bcIEYP	2032
bcDGEQ	2260
bcCGDS	1858
bcCQIA	2328
bcEBQU	2006
bcBYOD	1089
bcANYW	1136
bcANBW	1188
bcFKXO	1007
bcDNXG	879
bcGMUP	584
bcCLDI	633
bcEEYN	496
bcAYZB	394
bcCIUX	412
bcDIKD	457
bcHDNF	402
bcFQQS	427
bcEMMX	378
bcBPCV	434
bcGOIZ	373
bcBWTN	287
bcFBDR	346
bcAOHK	227
bcHAFS	285
bcICDW	329
bcEKAC	266
bcAJXS	239
bcHJJL	209
bcGEJM	186
bcCGEJ	291
bcEEDX	277
bcGGNI	169
bcFJIW	207
bcHIIF	149
bcDLZZ	161
bcABIH	166
bcDRJR	180
bcBUEU	201
bcGZUN	222
bcDGJZ	191
bcDJSX	184
bcAKUM	189
bcCOVC	169
bcDLBQ	197
bcBOKV	212
bcFLUF	199
bcHEFB	213
bcAHGH	212
bcFWOZ	174
bcCZMY	90
bcCDHN	158
bcBZVD	140
bcBJBQ	93
bcCZIS	104
bcAJLC	116
bcGKPH	143
bcAUYJ	215
bcFEUQ	163
bcCIOJ	158
bcBAUT	144
bcGFEI	129
bcATWI	125
bcDDTR	109
bcCHCO	126
bcFQDU	128
bcAJJF	130
bcEFSE	105
bcAVJM	166
bcEUFY	123
bcGLFB	118
bcDQUR	162
bcCKJB	105
bcHBWQ	123
bcDNAW	119
bcEPRW	119
bcBNFR	97
bcEANO	103
bcEQOA	161
bcDMXL	139
bcFGCV	154
bcAGHV	123
bcFXEE	111
bcADHJ	83
bcDULZ	128
bcEPOI	94
bcCXDJ	70
bcDNNB	99
bcDVYM	116
bcDNZH	108
bcEYOI	94
bcDNIV	97
bcBOOH	114
bcEGOY	123
bcDPUQ	106
bcGRSJ	119
bcIAFM	82
bcFKHS	108
bcCXDZ	75
bcATRU	3483
bcBXVM	3014
bcHWYL	2352
bcHUMN	2926
bcHVVI	1972
bcBODK	2117
bcENXU	1805
bcCHON	1534
bcHLJY	1488
bcDIZM	1208
bcHJDI	1086
bcFVCZ	1020
bcHGBK	1109
bcBQKX	670
bcIAGV	834
bcGLQU	613
bcDZGV	841
bcEMND	652
bcCWEJ	244
bcBUXE	580
bcDQGT	507
bcCPJG	448
bcHKIS	251
bcERYE	306
bcHTQK	295
bcDEAA	178
bcGHDG	310
bcAFBF	336
bcABDU	264
bcHAIN	167
bcENEN	289
bcDDLZ	227
bcACVR	256
bcCEUD	164
bcCLXR	246
bcBFTM	259
bcAXJS	180
bcEVHC	233
bcCSYP	219
bcAPAO	192
bcBVMO	175
bcCWAG	135
bcIBSX	209
bcFXSG	156
bcDUXO	195
bcCZLE	186
bcGNRX	125
bcFXVU	160
bcCRMM	200
bcBLTT	103
bcFITF	54
bcAORA	141
bcAXDE	159
bcAJKL	163
bcFXWH	156
bcANRR	141
bcFYYB	174
bcAQCN	152
bcCCRY	167
bcAYRH	80
bcDWCK	138
bcFVSG	145
bcCCRX	128
bcBNKR	128
bcEYOF	136
bcFPWB	150
bcAWPC	143
bcGGQF	118
bcHIJT	162
bcEHQJ	141
bcHBOC	147
bcDMIM	142
bcGGUK	134
bcAWON	67
bcHDEJ	137
bcCQQD	148
bcICOM	153
bcGFSK	62
bcCJBW	126
bcFVHV	115
bcAEKO	124
bcGVNO	119
bcAZBZ	82
bcGCZI	360
bcBMZH	102
bcAEQT	104
bcAPRQ	110
bcHZDM	101
bcGUYY	100
bcFIXO	95
bcEEHU	116
bcAKEK	114
bcDEVH	100
bcFVZF	72
bcBZMG	124
bcFBFK	112
bcACWY	115
bcIDNL	102
bcERSY	99
bcASJU	98
bcACLM	106
bcGBQK	101
bcEUKJ	88
bcEUFE	4281
bcASCV	3465
bcIBDI	2574
bcBKIR	2911
bcEYHL	2441
bcFUXX	2545
bcAVQK	2365
bcGVPD	1815
bcHRDZ	1509
bcBXEO	1242
bcFEYP	1306
bcCSXE	1033
bcGSMM	702
bcFRZZ	809
bcGOKC	561
bcBURI	731
bcFFRV	642
bcBKDW	421
bcCXBD	436
bcAXWX	341
bcEGAP	236
bcCUQA	385
bcGYBD	317
bcHSIV	332
bcHJIH	133
bcAUHL	210
bcBWTL	113
bcDDBB	250
bcCGUU	295
bcIIPM	216
bcHCUF	210
bcAXRA	269
bcCEBR	231
bcBFCY	265
bcAHGZ	251
bcEBFO	277
bcCWGR	201
bcIGBY	230
bcEFTV	230
bcCIFI	142
bcGYKP	183
bcGBDH	98
bcFTLA	235
bcBZQQ	176
bcDINI	148
bcHHOM	196
bcFTLP	149
bcBWRK	139
bcCUPK	165
bcCTIP	149
bcFQKB	196
bcBZUQ	171
bcGXZW	165
bcCPUE	174
bcGTPI	138
bcCVUQ	146
bcEYPE	157
bcAQYI	174
bcBWVW	156
bcAUFX	160
bcFTWY	144
bcFRPF	86
bcDQFG	186
bcFILF	116
bcCESS	153
bcARRE	111
bcCMBI	152
bcGENA	158
bcHJGO	139
bcBYWK	124
bcCSTD	90
bcHSNS	146
bcIGVG	130
bcEOMU	118
bcHKHA	102
bcBLTG	109
bcBKIB	122
bcFJOE	133
bcDWZO	138
bcHBZG	131
bcHKFI	158
bcDYTP	81
bcCRPI	109
bcDPDN	138
bcBEXV	121
bcFHGN	115
bcDZEB	113
bcGMMR	78
bcDLVO	127
bcFGCU	131
bcHGAA	160
bcBQUK	86
bcFYXX	81
bcFWIX	92
bcEZUN	118
bcASPL	101
bcIGAS	95
bcEQOC	129
bcFVAW	113
bcDVXY	92
bcBLKN	74
bcDZBV	25
bcFJAL	108
bcEQXE	4959
bcBEZX	4733
bcGRBV	2640
bcCOUD	2090
bcASYS	1827
bcFITG	2135
bcBRDH	1875
bcGESY	1529
bcIEYY	1641
bcDTPB	1767
bcANOE	1270
bcEADQ	1766
bcFABR	748
bcEAYG	1276
bcGQHT	490
bcFSOA	521
bcFGRV	700
bcEYPZ	524
bcFIBB	611
bcEOCE	453
bcCOMU	222
bcAAKN	444
bcFNWB	197
bcABFU	113
bcHVWC	388
bcGFSF	318
bcDAFH	367
bcCLLC	323
bcGQSW	242
bcGVUC	273
bcCTIS	237
bcFYQE	267
bcHNRG	272
bcEBFJ	282
bcGEZZ	215
bcCHVZ	244
bcCEBC	249
bcFPEF	177
bcFNZD	156
bcFEIH	192
bcCYWH	210
bcIGXX	179
bcCPPP	173
bcBODB	165
bcCCEI	184
bcDAPA	201
bcGJLW	151
bcEEIR	185
bcGTFI	142
bcBLIZ	156
bcFYZT	144
bcAGIB	161
bcCVRR	151
bcAFFX	160
bcFJSF	152
bcDNKR	139
bcBVIU	148
bcGPWH	132
bcHHWU	166
bcDMAX	116
bcCBFI	136
bcAJSI	170
bcANFE	161
bcHEZQ	141
bcDZNH	110
bcAJKE	136
bcCGFB	47
bcIITG	94
bcHLLH	115
bcBLZV	137
bcFUOB	127
bcAOJS	178
bcCOML	114
bcBSXU	98
bcAIAW	132
bcCTAV	129
bcGYRQ	98
bcFFDU	121
bcICFB	139
bcGVDC	107
bcDZSQ	149
bcDQJQ	128
bcDWKN	89
bcCFNO	103
bcCEZE	108
bcEAYF	116
bcBNAF	105
bcDFGI	93
bcCALP	131
bcIBBN	90
bcGFNW	86
bcFMFR	133
bcGUTJ	79
bcABHD	135
bcGMTF	110
bcCFFO	86
bcAFPY	99
bcCDFC	119
bcGRNM	86
bcDQZL	104
bcHTLZ	121
bcCYEW	101
bcAFQZ	83
bcCACM	4833
bcHICX	3869
bcAIPW	2642
bcGBZF	2632
bcDBKB	2468
bcHLEM	1733
bcEFKK	1743
bcGPKT	1685
bcBNJR	1581
bcDSMX	1519
bcAXOC	139
bcBZCM	963
bcDOKE	859
bcAELY	921
bcDGSW	929
bcAFDH	559
bcIFMM	591
bcECIP	651
bcANMG	408
bcCVYZ	421
bcBMRC	574
bcAXUP	331
bcGJXQ	380
bcDOWK	112
bcFGLD	283
bcFKDD	382
bcBZZD	373
bcDBVO	357
bcGBOZ	305
bcADGO	226
bcGLJL	211
bcDDGV	274
bcBWAX	197
bcCAZY	248
bcHBIJ	239
bcCKWD	216
bcEXMJ	250
bcBXCT	155
bcEIFT	195
bcCDCK	197
bcFGWG	244
bcALXD	190
bcGLJT	171
bcCEOO	213
bcFEUX	221
bcALXC	185
bcEFQE	179
bcFIAU	141
bcGCTP	173
bcCWEG	121
bcHQNI	127
bcBTUD	162
bcCUHH	177
bcGYAP	134
bcDVYA	183
bcIBHC	150
bcEKNE	164
bcCQDA	140
bcCDNH	157
bcCRAI	187
bcHHKA	183
bcFIMI	139
bcHGSR	148
bcGDSB	122
bcFCNM	135
bcASMI	159
bcCZQN	147
bcGGUJ	119
bcBAOA	138
bcEJKZ	143
bcFVJO	109
bcAREN	113
bcCAQU	123
bcCAKG	111
bcFTVX	119
bcHGFI	132
bcAYXG	145
bcDEAS	114
bcGQAG	108
bcIIWH	105
bcHHYW	115
bcBQSZ	107
bcCEZY	118
bcHYCJ	106
bcATRV	102
bcCZHU	125
bcADEF	125
bcFWOR	102
bcFRQZ	90
bcEEAB	108
bcDXLM	73
bcAMCN	118
bcAJCP	92
bcEHTO	88
bcCOVF	82
bcBOMF	107
bcFCRY	83
bcBOYD	114
bcANWR	85
bcBEZN	98
bcFZLG	112
bcBWEA	103
bcCEBG	117
bcHYUO	3886
bcAFHW	3511
bcIAMC	2436
bcGSEL	2536
bcHGYA	2200
bcBZZP	2384
bcGZDX	1488
bcEIWW	1625
bcFDJY	1522
bcBBBP	1353
bcDFBW	1102
bcEKZW	1035
bcCPGV	798
bcHIUK	1473
bcGDDE	724
bcFQTI	586
bcEAXA	752
bcAXIT	557
bcGCBV	466
bcGNZC	342
bcHRSV	344
bcFGGL	458
bcAOXZ	471
bcCNQB	224
bcGHDN	431
bcASFF	246
bcCVMY	240
bcCBKE	275
bcBZRX	209
bcAJAU	225
bcBVZV	268
bcDNOU	282
bcDUPC	227
bcFQUD	259
bcAAKL	266
bcCZAB	255
bcFJZV	117
bcGMUZ	239
bcGFGM	237
bcBWTF	115
bcANVV	206
bcCECC	176
bcGOXY	171
bcEOYY	199
bcCUNP	184
bcGVKW	198
bcHDHB	182
bcALES	34
bcCOFX	169
bcCGIW	180
bcEKIB	141
bcEOOW	176
bcECED	159
bcBVLR	94
bcHAWQ	145
bcEMCM	160
bcECXS	173
bcGAFE	124
bcGMEM	179
bcHDMU	114
bcFJHC	135
bcCWXR	141
bcBWAJ	130
bcAGSZ	146
bcGUXB	153
bcGCRA	170
bcCKXT	111
bcBEQK	130
bcAFAC	138
bcHHVU	131
bcABKM	118
bcAPUD	132
bcDJDO	144
bcGKIZ	121
bcEMTB	165
bcCJDW	122
bcDAFG	149
bcGMLK	140
bcELXC	112
bcAWGI	135
bcFHXX	81
bcHDRS	90
bcBMJD	95
bcBNTC	131
bcHZUA	108
bcBYRQ	95
bcCZSQ	108
bcIHME	122
bcCCFY	92
bcBUBC	116
bcAWQZ	77
bcCVVA	76
bcAGDA	96
bcAUPA	121
bcDWWA	106
bcIHPR	61
bcHKLK	104
bcBWTV	97
bcAPQA	110
bcGVFS	87
bcGAIC	84
bcDDHO	91
bcACPG	86
bcGJSA	3336
bcEFCZ	3246
bcBUER	5074
bcFNIS	2646
bcANSH	1938
bcFSNT	2005
bcASQM	2020
bcEXPP	1822
bcFQBU	1713
bcDOWH	1603
bcCQTM	1254
bcFSHD	1335
bcEXDR	1040
bcEIXP	690
bcCCLH	709
bcGLMA	554
bcFRUN	658
bcFXSV	530
bcDPGN	398
bcAVKK	443
bcCTKS	311
bcBEFR	443
bcELWW	386
bcFZSN	247
bcGEFD	347
bcHBUC	224
bcECTN	347
bcBGIA	299
bcGXZQ	247
bcCOQM	290
bcBLXA	274
bcAMMA	241
bcGRBK	238
bcAKVE	147
bcIGEF	240
bcDXZT	283
bcELHL	261
bcEVVZ	186
bcDSCI	225
bcACAD	280
bcHLGU	204
bcCKKE	191
bcAPKJ	211
bcDDEM	227
bcHAYM	208
bcEJJZ	186
bcAURD	209
bcFWKG	195
bcAZHV	178
bcAQKH	165
bcHMFP	169
bcEMXX	233
bcGIDF	142
bcCWFV	135
bcEVRW	175
bcFAYK	151
bcCILW	128
bcGLCR	137
bcBWLW	118
bcFZLA	113
bcHVCS	129
bcEQQP	168
bcATVX	147
bcGCMF	140
bcHROA	129
bcFNVW	139
bcDMHR	130
bcFSXV	166
bcDBVS	176
bcBZLG	86
bcABUC	139
bcFPUK	129
bcDDBD	116
bcHPYF	63
bcHWZA	120
bcCBTB	139
bcGCWH	345
bcCWHO	105
bcAGRN	104
bcFIYD	133
bcANZQ	125
bcFLJU	122
bcFGPI	131
bcGIDP	83
bcHQTE	135
bcBGCY	53
bcIFSO	108
bcDBEF	134
bcHWOT	101
bcBAHF	97
bcBJRS	106
bcECDU	38
bcGJBQ	76
bcEUWH	77
bcFRJA	93
bcAHZM	128
bcECRC	117
bcANWF	125
bcHCXZ	90
bcBHZU	96
bcABOW	114
bcCHJG	102
bcDCPS	117
bcFMHX	3294
bcHBHQ	3355
bcFYVV	3145
bcEAMD	2575
bcEMCD	2284
bcAPRY	2195
bcARPI	1992
bcAFLN	1549
bcAHLH	1530
bcDPDO	1871
bcERIL	1123
bcDXFT	978
bcBDXO	863
bcDCZY	1243
bcDVGV	490
bcATSC	524
bcHNVS	619
bcHAAJ	579
bcAZVD	429
bcHXSE	427
bcESDS	349
bcDNLR	394
bcEKBI	396
bcBPVL	335
bcGPBZ	302
bcGYRS	348
bcAGWP	283
bcFKCM	297
bcFCQX	251
bcDFUE	329
bcGUQE	288
bcHQRG	274
bcFGPH	242
bcHPGZ	254
bcICCZ	270
bcCPIR	266
bcCYQZ	215
bcIEOO	235
bcCXKD	188
bcCHYW	142
bcHCFF	186
bcEKXM	235
bcBOVK	213
bcAEWX	219
bcEJYF	103
bcDTEP	216
bcFGXP	201
bcAJMY	152
bcDPAT	185
bcASKY	189
bcGSXB	156
bcHRPB	175
bcBTMB	192
bcAHFG	167
bcGGGA	159
bcGZEL	122
bcDVIY	139
bcFUFY	150
bcIHYV	132
bcBYUR	153
bcEZQO	155
bcEGJQ	165
bcCSPL	155
bcBUJO	140
bcDRAB	102
bcHHFD	154
bcIFNX	171
bcDPWJ	180
bcGSXE	143
bcEEFI	149
bcGUZI	86
bcCKTQ	118
bcBCWH	106
bcBOUO	123
bcEQNZ	145
bcFBPK	160
bcAIKQ	132
bcFWHP	133
bcBJYA	132
bcDJYO	131
bcBYQS	103
bcHMJP	119
bcATEA	82
bcCGPE	104
bcACOA	73
bcACEB	114
bcIERQ	90
bcELSU	93
bcCWCG	57
bcCQAC	93
bcEUHR	97
bcHUTV	105
bcDSBQ	114
bcASDO	86
bcIHJF	106
bcHRGO	98
bcFERH	107
bcELCU	138
bcEBWI	79
bcAAFX	127
bcEMNE	88
bcCCPX	61
bcDPCV	105
bcGXYN	3359
bcHGHH	3185
bcIEMW	3052
bcBTRV	2390
bcAXFX	2424
bcFVHZ	2069
bcGPQX	1637
bcBZKK	1331
bcFHUQ	1537
bcCYAN	1190
bcDLTC	1198
bcGCLK	1602
bcBPPK	722
bcEGXT	597
bcGEQN	751
bcCRUO	656
bcHTDZ	665
bcBCAM	586
bcGMPG	572
bcGYMF	449
bcAATM	357
bcCSIX	93
bcIELS	307
bcFIEO	287
bcGSFI	388
bcHEUP	308
bcHWTN	106
bcAHCG	302
bcFECX	284
bcANVI	262
bcHEDG	218
bcDFAH	293
bcHZCV	189
bcHGQF	266
bcHZCJ	253
bcENHL	182
bcCKBL	217
bcENSU	224
bcIAFR	210
bcCIWK	208
bcGCZG	274
bcFZAP	218
bcGWMX	214
bcAGCV	190
bcIKAS	180
bcGRCF	162
bcDREC	213
bcBVVK	192
bcBFKG	146
bcDZBU	55
bcHVGZ	177
bcAOWW	178
bcAXGK	129
bcHTKM	112
bcAWZS	116
bcCLMZ	184
bcADLT	156
bcBAUZ	155
bcBWUL	142
bcGNVL	175
bcBNXD	171
bcHCSM	154
bcFFVP	163
bcAZSP	173
bcDNDY	86
bcEPTW	141
bcABBN	111
bcHRAD	157
bcDMSW	172
bcFKWD	150
bcDXQO	104
bcDVJV	113
bcEVGO	167
bcAZFQ	79
bcCJDC	148
bcFNRU	168
bcEQTP	127
bcBMJS	86
bcFXXM	124
bcACJF	137
bcDJEG	55
bcCSTN	124
bcCHFF	129
bcIJLK	129
bcHYXD	108
bcABJH	88
bcEZRI	135
bcGMOY	145
bcAWWU	107
bcAVMU	114
bcEIRG	112
bcDVCM	61
bcFCUJ	98
bcHOZZ	101
bcEGAE	105
bcCBCM	82
bcFUQW	128
bcFKQR	126
bcFUPV	90
bcDEPZ	118
bcEXFB	74
bcELXV	105
bcAXLX	113
bcEWFD	4757
bcGODW	3292
bcEXJD	4063
bcBWER	2316
bcABUJ	2801
bcCFLV	2334
bcABRT	2426
bcFUZW	1450
bcCZKQ	2416
bcACVJ	1379
bcEKUN	1594
bcELIY	940
bcFOOJ	1049
bcIELN	687
bcBQJX	661
bcHENW	587
bcBEHY	498
bcCKUV	476
bcFMQN	487
bcCYPI	419
bcDQJF	381
bcBOAK	313
bcBUNK	380
bcGNGQ	320
bcEIMG	353
bcBOPR	141
bcGOVO	176
bcBRNL	287
bcCWEW	295
bcCBWA	243
bcCCCG	236
bcENRM	174
bcBSUJ	324
bcGNZP	259
bcDUKJ	276
bcHAZO	270
bcAVCS	235
bcCVPF	166
bcEZXY	249
bcEBRV	221
bcEHHV	217
bcBDPO	201
bcCAFM	190
bcADOY	221
bcHUOA	133
bcDWQI	197
bcCCWD	191
bcEDRI	199
bcIAFQ	125
bcGLHU	182
bcDRAH	144
bcDXSC	184
bcADPQ	159
bcEUER	152
bcELZK	165
bcDSYW	199
bcIJTZ	160
bcBNJK	203
bcHIZE	133
bcCWYQ	146
bcDBTH	182
bcIIKW	125
bcFOWH	165
bcCCIM	151
bcANHB	178
bcCHSO	146
bcBOKD	174
bcEXBB	172
bcHNPX	162
bcCXXR	167
bcGCPI	145
bcHFDR	63
bcBRGW	134
bcAMWA	117
bcEOAP	153
bcCQEQ	176
bcENOJ	130
bcFPJN	127
bcEUDC	138
bcALLU	135
bcHMUG	97
bcGMGJ	111
bcCBYI	98
bcBODR	108
bcFGPP	101
bcHWPX	75
bcIGBZ	98
bcHKFO	118
bcGQHG	124
bcEFNK	75
bcFXXS	84
bcCOPF	90
bcGCBZ	94
bcGYTS	85
bcGDRD	89
bcFJWJ	137
bcAMHW	112
bcDMDN	97
bcEINY	92
bcBFFG	145
bcBYSV	109
bcHDWH	116
bcHIVJ	89
bcIAVX	4312
bcCOWT	2864
bcAPEY	2585
bcDAAW	2123
bcENTV	2220
bcCABS	1954
bcFXLS	2186
bcEEBO	1789
bcHMQS	1626
bcFFXC	1106
bcBERA	1255
bcGOPD	975
bcICZE	889
bcGEIP	475
bcBDIW	482
bcIBUA	731
bcCMPC	559
bcFIRJ	656
bcCMSR	373
bcBETS	337
bcECEV	340
bcBPYA	313
bcBCHB	396
bcHFQM	511
bcDTEV	347
bcFBMF	339
bcCVCP	291
bcHMOJ	332
bcAYCC	242
bcFSAO	287
bcIANB	202
bcBYEF	222
bcDAUX	259
bcCITB	161
bcBSMG	280
bcHKOX	254
bcGHSD	234
bcDAPQ	250
bcFDIC	190
bcCSZY	193
bcFKOU	165
bcHROW	187
bcEEET	125
bcCONA	197
bcHLFJ	210
bcAPYP	160
bcAPYM	169
bcIJUM	198
bcAPAH	177
bcCYJC	188
bcBLIA	143
bcHZFR	71
bcGVKD	152
bcDLZY	138
bcCWBQ	114
bcAHJB	191
bcAHQN	83
bcGHVQ	177
bcCVJY	149
bcBBHY	144
bcFKBY	156
bcCJHV	112
bcDSYV	173
bcCNCE	130
bcFJOQ	110
bcFJAI	153
bcAIVF	144
bcHZSQ	133
bcBWFQ	138
bcDXWV	144
bcHPJO	112
bcDXIO	139
bcDHAH	158
bcHHMA	150
bcCZXY	140
bcBPDG	126
bcEKLM	67
bcCYKF	128
bcDEJS	135
bcHMSU	102
bcAWOZ	46
bcEKQZ	98
bcGNIG	113
bcGEJJ	134
bcCCBW	73
bcHZXO	127
bcAGBI	137
bcFJSD	114
bcAGOH	127
bcAZGN	89
bcCQJW	85
bcCFUD	100
bcDOUP	115
bcAVPW	105
bcEXQO	123
bcDDEE	99
bcEXCY	128
bcGSET	107
bcCLPL	128
bcFTTO	96
bcFWSV	137
bcDENK	107
bcDASJ	98
bcFULI	4293
bcIJHN	3153
bcEZJZ	3286
bcCFFH	2277
bcFOFG	2255
bcEIUI	1822
bcFMZZ	2126
bcDGUX	1830
bcAQZC	1299
bcFXRG	1216
bcELXO	898
bcBYMC	935
bcDBNR	1234
bcGGAC	772
bcBTPZ	715
bcFKGZ	438
bcCEXF	706
bcAWSM	603
bcHYAV	473
bcFOUH	269
bcDSWU	413
bcHADS	369
bcAMTW	330
bcEIWH	367
bcFOBZ	373
bcENIX	288
bcBUKV	183
bcESML	313
bcCWDT	184
bcEIZW	276
bcHTLX	272
bcGEDK	231
bcDXMS	217
bcDMDY	224
bcGMTM	184
bcAEEJ	245
bcDXFK	153
bcFNAC	184
bcAIXL	217
bcBSZK	165
bcIHTA	186
bcGVJE	191
bcHSXO	200
bcEBHO	151
bcAOCI	182
bcHFPM	232
bcGMZX	225
bcFRLQ	159
bcEUWL	148
bcGTBQ	211
bcIGBK	156
bcGLHY	158
bcCVMO	99
bcEDKN	209
bcICSL	170
bcDSXJ	156
bcIGDP	140
bcAJRB	154
bcFIUE	175
bcGKHK	152
bcFGID	204
bcCUYX	129
bcDEEJ	147
bcARPM	163
bcBMBR	145
bcGKPI	159
bcDVOG	151
bcAUKX	154
bcHQON	84
bcBTGV	112
bcANVF	147
bcHUYJ	118
bcAIZK	144
bcCJER	107
bcAWYX	130
bcDENV	142
bcIAMV	109
bcHICH	118
bcFJHQ	141
bcAZTG	147
bcGORN	84
bcDHOP	84
bcGYKJ	119
bcEMCZ	107
bcACZH	117
bcAORK	104
bcGFTM	115
bcDDWL	116
bcCUAS	125
bcBVLN	92
bcCLXY	149
bcFWJO	110
bcECJK	126
bcGUWP	91
bcHLFH	102
bcBZDE	130
bcAPBO	96
bcIDSS	92
bcGKXY	104
bcHPCU	96
bcGQBY	107
bcBNCX	111
bcEIXU	103
bcHDFI	3435
bcEQTW	3512
bcHRVK	2902
bcIEYU	2548
bcDCHB	2044
bcFOHQ	1945
bcFROK	1670
bcHYXT	1371
bcDFRE	1799
bcEWMZ	1319
bcCIHS	1243
bcHGIA	1118
bcCLNB	672
bcHOEX	693
bcICPC	578
bcBIFI	915
bcHKMC	647
bcGQWS	397
bcCNSM	416
bcHIDE	388
bcGLJK	387
bcCASY	362
bcDMWG	379
bcAAYW	239
bcFIZA	289
bcEXMP	364
bcBZPF	252
bcBTHH	201
bcHVHF	285
bcIBDQ	259
bcFKRZ	243
bcCWIZ	182
bcAYPS	167
bcAVVP	286
bcAKVB	248
bcCVCL	197
bcGZZH	99
bcERZA	245
bcDLTL	223
bcBNVS	191
bcEWEV	250
bcAWRA	191
bcBIQR	256
bcAEYC	214
bcHEOF	198
bcFGFN	143
bcBFEE	235
bcBKYZ	157
bcAPVO	171
bcHJTH	126
bcEIKO	164
bcGXVQ	123
bcDVJS	141
bcAXSB	123
bcFXRQ	152
bcEBDI	186
bcGVRA	150
bcGUIV	171
bcAOXV	148
bcAXSN	154
bcFUYG	176
bcDBWL	167
bcHMNY	98
bcCPLJ	141
bcESRG	138
bcCZVJ	138
bcFMHY	120
bcBFDT	152
bcAAJI	175
bcDACN	177
bcHGMH	132
bcHOYU	82
bcDQKA	88
bcGFSZ	102
bcCTEI	143
bcFUBR	125
bcEARM	144
bcEYML	122
bcFJXY	145
bcFGZK	169
bcEIBV	106
bcFSFB	94
bcHSNF	120
bcAPIP	125
bcCOPU	111
bcFUXL	84
bcEBYW	128
bcEILL	106
bcANMW	112
bcFJMP	88
bcACQQ	130
bcAIBA	99
bcFUDQ	121
bcFDDQ	114
bcAIQK	110
bcEPAE	120
bcGJTJ	99
bcDAJT	109
bcATGX	85
bcEUES	128
bcETYN	104
bcGLLS	87
bcIDEU	83
bcGOJV	4111
bcEMJA	3753
bcAXTP	3610
bcEAXT	2296
bcCWVX	2127
bcGSJB	1975
bcBHXR	1825
bcGYUU	1472
bcIACI	1522
bcELLB	256
bcDZBM	1066
bcHBGN	1042
bcEKHN	722
bcBEFN	796
bcFLZH	628
bcCHKR	704
bcCSNC	551
bcCICL	22
bcCCJD	501
bcFYSV	116
bcDHBW	310
bcEOPI	466
bcGRPB	382
bcFWNS	385
bcDVRE	171
bcBDQZ	265
bcCJQE	221
bcFPCS	315
bcGZBR	254
bcBTCC	186
bcIESS	144
bcEORM	321
bcEZJB	192
bcCUWS	218
bcEHKC	237
bcGFGB	291
bcGPSQ	215
bcFQQO	149
bcDZCJ	172
bcEXYX	226
bcCFRX	222
bcHTQF	211
bcBPLL	168
bcDEHF	190
bcHNMU	236
bcCDVJ	167
bcAFLP	139
bcEMDU	199
bcBXMP	176
bcAMNJ	180
bcAVGW	196
bcBMQF	144
bcCJGX	203
bcEBXD	139
bcHQXT	172
bcAEJL	171
bcCNPM	83
bcDIDD	179
bcIDTX	119
bcCMNK	215
bcGQLV	182
bcHWGK	123
bcHLNK	172
bcAAKA	146
bcEBPJ	199
bcHNVR	147
bcCDND	108
bcADLN	150
bcDXAB	143
bcFRLV	138
bcAVWD	130
bcBPJV	174
bcFWMQ	133
bcBQNP	88
bcDVRA	120
bcFXYH	106
bcGLKT	135
bcDKNV	149
bcEEYZ	129
bcDUCH	144
bcCCEP	123
bcAHCE	77
bcFDVE	108
bcESRA	72
bcGLOI	99
bcAFHE	132
bcADXD	123
bcFFUQ	116
bcBVVM	101
bcFKOZ	97
bcCXJS	85
bcDUWO	114
bcCWVF	110
bcEDWW	106
bcAMGL	102
bcERCR	106
bcCBQS	43
bcBGJT	100
bcHBKC	127
bcFKPL	75
bcBDWZ	118
bcDSMG	134
bcFEME	104
bcAWIS	4310
bcGPTM	3295
bcFRPO	2818
bcGDZC	2151
bcBFWS	2384
bcFMCV	2231
bcDRKM	2574
bcEAWO	1803
bcELEZ	1453
bcENDD	1153
bcANFL	1003
bcBLNH	909
bcCYCR	898
bcEKUC	880
bcGLAC	509
bcBFZK	933
bcCXCV	446
bcFHFF	407
bcAVLT	340
bcHEUT	431
bcCSMV	381
bcCVAU	361
bcFGXE	401
bcEBPK	396
bcBPTL	282
bcGVBU	295
bcFEPC	309
bcGOGU	303
bcECSX	331
bcCHJB	313
bcBXTY	340
bcFWCG	206
bcCASD	195
bcBFTJ	240
bcEWQU	236
bcCCFN	223
bcBQUP	196
bcBMWS	144
bcGADY	220
bcGCIX	206
bcGFTU	150
bcHPJZ	164
bcAPSR	140
bcERGG	210
bcEUTZ	177
bcIICW	62
bcATOY	152
bcARZX	169
bcEZSA	154
bcATYC	192
bcDUMQ	188
bcFAWV	134
bcAZDX	130
bcCCHC	139
bcESQW	126
bcENZO	187
bcDLKY	136
bcFQIG	128
bcDAUL	170
bcFCPN	51
bcAFCG	89
bcFLYW	157
bcCKXD	135
bcEHFO	134
bcDWBI	90
bcHGGK	136
bcEGRL	139
bcDSBC	156
bcHIHA	118
bcHKMD	155
bcCHSR	5
bcHVFC	98
bcHGEP	119
bcHIGW	145
bcFQQU	147
bcBVPY	130
bcHDOA	123
bcARSM	141
bcFNHP	122
bcAERC	155
bcABPU	105
bcCKBY	104
bcEXRO	87
bcAHRQ	112
bcHZCI	121
bcFPJD	95
bcDDRB	89
bcAWFI	96
bcHNKV	122
bcDWGQ	112
bcCUXU	44
bcAGDE	106
bcBZMH	118
bcAJLN	104
bcAJTG	128
bcHITT	110
bcDFLW	104
bcAXBR	92
bcFQFL	103
bcAOPT	103
bcHVDD	87
bcEHYB	108
bcBJPB	116
bcGVFY	3437
bcDMJC	3420
bcFLUS	2479
bcFOEW	2475
bcGQXX	2018
bcAXUF	1927
bcIFUF	1407
bcFPGZ	1421
bcBXMO	1399
bcDKZT	1161
bcAZRO	1568
bcBXTZ	1484
bcHGJZ	855
bcHMGH	729
bcFCQL	891
bcBWAU	443
bcCAQS	659
bcGDGC	317
bcHWNM	520
bcIDLQ	487
bcAQSM	374
bcBUNH	246
bcAVIH	360
bcDBSE	389
bcGPRU	339
bcIJWX	314
bcARUC	245
bcGTEG	301
bcCWOG	276
bcHWTU	210
bcIAJD	310
bcCSTL	244
bcFGTR	276
bcDIVO	250
bcBWTS	203
bcEBKV	268
bcFZHY	200
bcCMMZ	216
bcGTKE	242
bcHETR	213
bcHBFG	183
bcCUQR	127
bcBBBE	206
bcCFQG	128
bcEIXA	235
bcCRUM	221
bcAQFH	151
bcAIID	171
bcDVKX	201
bcDWOH	57
bcFUID	206
bcBBDV	11
bcBCRX	129
bcCUBS	163
bcHOWS	162
bcCLKS	138
bcAYJR	136
bcGZWP	156
bcAOHI	179
bcBSVG	95
bcCFVD	185
bcHEIR	135
bcCMIB	184
bcBMCK	116
bcBOSL	146
bcICOL	147
bcCTLS	160
bcCXUT	156
bcFLQW	128
bcCWEH	98
bcEZUM	162
bcDNML	140
bcBFXF	136
bcATTM	85
bcIAQO	143
bcDWCI	103
bcIINF	80
bcAHXQ	121
bcHSME	106
bcCCKB	100
bcBMOY	97
bcEKZE	137
bcAXCD	144
bcDLEK	124
bcAOXK	149
bcDDKX	117
bcFJAP	124
bcBPWE	124
bcAVMI	80
bcHZEL	90
bcGGTT	96
bcCOKQ	103
bcFHDU	123
bcIBQU	79
bcAZCX	93
bcFFYF	128
bcGBCN	95
bcHXBJ	68
bcEFVL	104
bcBYLK	99
bcFMSA	118
bcEDJG	86
bcIJWB	104
bcFGXG	3829
bcHRTV	2950
bcAMEA	3667
bcFMPT	2615
bcFGGT	2207
bcDTGT	1849
bcAKRA	2378
bcASHN	1497
bcAHKP	1580
bcIAPS	1579
bcCJRI	1015
bcFNKZ	928
bcCRKK	938
bcESPA	966
bcDSZR	891
bcIBMZ	653
bcHIDN	673
bcABUY	641
bcBMKR	304
bcBNEL	349
bcFNRI	352
bcCVXL	378
bcIDES	375
bcHRPD	251
bcEUCO	324
bcFVAR	298
bcIINH	160
bcFPUT	264
bcBVEM	309
bcCRSE	224
bcCMJL	337
bcHTJE	203
bcHCMA	267
bcBKIS	249
bcEPWK	126
bcICNZ	232
bcAKGG	265
bcATZO	173
bcAOCA	189
bcFGRF	205
bcDQTA	247
bcICRB	226
bcCZGN	157
bcDLDG	192
bcCZIP	225
bcEECB	195
bcAEBF	229
bcHWQW	161
bcBEVH	192
bcIGCO	172
bcEXZC	210
bcCWDN	57
bcCAEX	159
bcFZTA	72
bcICXC	184
bcEEBD	186
bcDVWC	157
bcIBNE	135
bcHLHH	136
bcAFET	156
bcIDPY	159
bcEGUO	141
bcALVB	103
bcACTX	148
bcGZZO	124
bcEWHM	134
bcCNUP	130
bcFHKN	151
bcCWVB	136
bcIESX	142
bcHFJF	128
bcFHSF	120
bcEUDG	144
bcIGNL	124
bcHMKM	148
bcGFFJ	138
bcHICG	127
bcFJWN	109
bcEHNA	112
bcEZRA	127
bcASPP	120
bcBPRY	126
bcCLNY	103
bcASXF	75
bcGZEF	113
bcDJBT	129
bcBHXV	115
bcDFBZ	63
bcFAFM	127
bcCNIH	97
bcBHWS	102
bcHEQC	134
bcBYPM	78
bcCNWL	79
bcIBAJ	102
bcAEGD	100
bcARNP	99
bcBEHA	112
bcBYFU	106
bcCNQI	95
bcCATD	98
bcHXXE	99
bcEIPD	92
bcGIVK	4711
bcIGDN	3446
bcBXFW	2354
bcBZSE	3425
bcFMDD	2241
bcCPIY	1941
bcAHQH	3081
bcHQOA	1392
bcGEJF	1235
bcBCHX	1325
bcFWGK	1096
bcELII	1010
bcGEHB	662
bcAHSN	658
bcAONH	746
bcCFDX	541
bcHOCV	507
bcDLYQ	557
bcBWPB	416
bcDNTR	373
bcESLM	205
bcHPOZ	434
bcGLEG	317
bcELTS	261
bcBREX	371
bcHSLD	289
bcAJIQ	268
bcGMSU	358
bcFWQR	316
bcBWOC	240
bcBPZS	238
bcFYVJ	225
bcFTKY	227
bcBLFL	222
bcGCVB	216
bcAAIO	141
bcHHML	185
bcCCAF	166
bcIJVP	74
bcAYIG	140
bcDZYL	204
bcBEZM	207
bcFXKF	204
bcHOKV	190
bcGRGK	160
bcCCUG	174
bcGBNB	171
bcCXTC	175
bcEBLY	223
bcHZZI	153
bcCZOY	174
bcEDQB	178
bcCQXA	196
bcGFDM	170
bcCWPR	184
bcBJPY	110
bcASRL	189
bcDHWJ	144
bcCQUX	141
bcIJMC	166
bcBOFY	169
bcFGRR	484
bcBYBH	147
bcGGRM	131
bcFZUC	180
bcGGXT	94
bcHDME	126
bcEASK	147
bcHFPU	161
bcCPCZ	133
bcETAT	144
bcAESF	138
bcEOIW	105
bcAWOX	124
bcGFKK	126
bcBYPJ	131
bcBYVX	119
bcGCGD	139
bcBXJT	122
bcHQHA	109
bcBGUD	130
bcAUTP	124
bcGQZG	78
bcGAPA	108
bcCBMS	120
bcAGIJ	59
bcCMBU	97
bcBKGP	101
bcAYYF	118
bcHANH	101
bcBCPW	77
bcGFWP	71
bcCTNR	98
bcAWWX	116
bcBXED	39
bcAFSE	108
bcBFAY	119
bcGDLE	99
bcAQMJ	105
bcEVKJ	79
bcDMDL	77
bcABCI	90
bcFBSD	114
bcESBB	3530
bcBSJK	3985
bcBVVD	2318
bcHKJD	2322
bcAFLB	1998
bcCGJL	2035
bcABIT	2136
bcCEJP	2044
bcAPJW	1356
bcGIZR	1361
bcBRIF	1318
bcCJEG	1401
bcGVOX	730
bcDXUL	905
bcAULV	628
bcFMOB	603
bcDUWM	508
bcGZLU	503
bcHYBA	343
bcFWMJ	572
bcAITE	423
bcBEQT	318
bcALHD	381
bcGLOR	331
bcAYSW	327
bcAXHH	318
bcBSYC	311
bcGFXT	225
bcHADW	315
bcHHUN	290
bcCVRN	235
bcHLVN	271
bcEJYL	218
bcADWL	286
bcDQME	267
bcCKHL	199
bcBUEY	320
bcFJEK	170
bcHLHW	215
bcGEBI	242
bcEIDX	217
bcGUEG	223
bcDUHO	231
bcGRUE	166
bcIJXB	204
bcERMP	184
bcICKC	205
bcHZGL	167
bcATHZ	149
bcCYMS	151
bcBOKH	208
bcCAXH	181
bcAUAO	157
bcHDRM	195
bcEAHD	175
bcHDDD	122
bcDPVA	181
bcBWQM	121
bcDQGP	136
bcEAWT	148
bcCGIU	170
bcBCNU	150
bcFXNV	151
bcDOIM	79
bcFPTG	151
bcAZEN	110
bcHIKK	144
bcGIYA	147
bcAMSV	104
bcDALR	149
bcHUTW	101
bcGCWG	349
bcCFOR	92
bcCTHJ	139
bcFMKR	101
bcDAOG	99
bcCFPO	130
bcASOZ	132
bcFJJM	117
bcCISM	108
bcGLBF	101
bcCMBP	138
bcAXRI	134
bcGCDS	114
bcCDJP	97
bcHLEQ	117
bcBEHJ	112
bcDWWS	104
bcGMLR	59
bcCBTH	128
bcDBPA	95
bcDPEU	98
bcECYC	111
bcGWUL	118
bcBDFQ	110
bcELOF	73
bcEADX	111
bcASUP	69
bcIJOI	74
bcDSWK	98
bcGUGE	118
bcCUUO	91
bcFMQJ	94
bcFMES	4734
bcADLM	3434
bcANJG	2475
bcEECW	2121
bcHIXL	1732
bcDVDC	2074
bcDFHV	1761
bcAFYN	2187
bcHMPP	1464
bcCKRQ	1132
bcBQDC	1111
bcCTSE	951
bcBQAY	748
bcFLJJ	761
bcDQTX	932
bcHUNZ	582
bcARHE	432
bcADAO	578
bcCDGB	383
bcDWZL	425
bcGQYS	401
bcCMPO	421
bcAWYV	354
bcHZHN	298
bcFATV	402
bcHOYN	317
bcAOJK	292
bcBBGC	368
bcAOLP	266
bcEAIP	260
bcCWWO	234
bcHQGL	290
bcHKPI	257
bcAZAR	159
bcABVI	170
bcFORH	209
bcIADA	215
bcALIE	69
bcAUZR	153
bcASDZ	235
bcCJIS	184
bcBKDA	123
bcEFPO	213
bcFXVD	167
bcARBO	208
bcDFHO	172
bcDCPA	218
bcBOUP	128
bcBVEL	179
bcFZSD	184
bcHMSX	178
bcGHTU	190
bcHXAT	127
bcHWBL	126
bcHJXF	143
bcASDC	169
bcAWNA	190
bcBFTQ	166
bcESKH	147
bcFWUT	163
bcAMSX	141
bcHXSL	149
bcDSBG	168
bcDBUV	166
bcCXAA	143
bcBGUK	117
bcCTXZ	148
bcCHQY	158
bcAGOY	115
bcGNLG	146
bcERNH	107
bcAMEI	82
bcAMMF	137
bcAEFV	106
bcGOUU	111
bcBEDC	124
bcBJYH	138
bcBWRB	123
bcCEHB	142
bcENBT	121
bcBVGB	87
bcBBCA	117
bcBTMC	116
bcGSIW	103
bcGSTY	120
bcBLNU	112
bcDQXS	106
bcCFCN	97
bcFVXC	85
bcGRAQ	119
bcADAK	113
bcHDRB	100
bcGHOJ	118
bcACEQ	96
bcBGUX	115
bcFPSC	153
bcHKQK	111
bcIIJE	80
bcBXHT	109
bcBOUU	91
bcBVYE	90
bcCSQV	122
bcCSKU	112
bcBJRV	3966
bcBTVR	2665
bcBZYS	2742
bcBTKT	2137
bcHKEI	2410
bcHAOO	2008
bcHJDC	1607
bcCTQF	1374
bcHBLD	1566
bcHNAH	1089
bcGVCG	949
bcETFI	985
bcDASU	740
bcGPLV	827
bcBPWY	520
bcDUJK	669
bcAMJJ	522
bcDMIP	331
bcAVBG	605
bcEKWR	365
bcBVWS	403
bcAFIE	385
bcHXZJ	315
bcDYBV	473
bcDGYY	417
bcFQJT	156
bcBUOS	329
bcIHUI	290
bcBTHR	281
bcHUHF	243
bcCMWR	243
bcBAXR	307
bcGWKD	276
bcBPXB	305
bcEUPO	245
bcHNVD	197
bcEAPD	200
bcBWJU	179
bcBVSI	209
bcEWOL	118
bcIANM	196
bcIITF	155
bcEWZR	189
bcHXBE	179
bcFYUD	153
bcBSPN	183
bcDQVS	166
bcHSHW	152
bcFUHF	195
bcHZFC	138
bcIHVH	139
bcANXE	154
bcFUSB	154
bcGUVR	145
bcBBEZ	178
bcGRSW	109
bcFTQV	95
bcHIIZ	171
bcDLKQ	149
bcCNWG	126
bcBCCC	161
bcAALE	173
bcBWVH	76
bcDETV	158
bcGHXY	133
bcHBAG	175
bcFKFN	147
bcFMEH	140
bcDPQF	46
bcBDLV	144
bcCTLP	132
bcFQOO	139
bcCIKR	134
bcDXIH	113
bcDRYR	145
bcHWOE	104
bcCNXA	116
bcAFVQ	153
bcHMTY	119
bcGXZZ	39
bcBHUH	135
bcDAGZ	144
bcERHB	114
bcAAQJ	125
bcCZSD	119
bcFODK	110
bcAKTP	114
bcDKIS	109
bcHLRZ	69
bcCQPL	141
bcBQQS	123
bcCNMS	84
bcDBVN	118
bcCQZM	84
bcCSCK	79
bcHJDQ	98
bcIATY	78
bcFBST	92
bcFACT	100
bcCCJL	90
bcAUMU	79
bcCBUG	92
bcGXYU	85
bcFFLR	4402
bcAXAV	3232
bcCOGW	3156
bcIIHS	2875
bcCXUI	2304
bcALVW	2139
bcDMKR	2418
bcHAOU	1527
bcIFWC	1188
bcERHU	1261
bcIDXI	1065
bcDJVH	1013
bcBZOR	707
bcGMBB	672
bcCHEY	719
bcAWCY	734
bcGGNL	483
bcGSEP	574
bcCDHY	574
bcDETP	507
bcHJAZ	417
bcBBKF	409
bcFEDC	463
bcAYCA	181
bcCYMU	233
bcAABW	239
bcIJHI	317
bcCPOH	177
bcDSFU	294
bcEHSO	276
bcDPDB	254
bcBNQF	281
bcDKTQ	246
bcAUOQ	257
bcEAEU	326
bcERRB	297
bcBARN	216
bcHQYP	154
bcHICM	216
bcDZKN	223
bcAZPL	227
bcDIYS	196
bcEGMC	216
bcALZT	193
bcHHOL	176
bcGCSE	132
bcBDTP	219
bcBRPP	137
bcDFSH	188
bcIHDR	124
bcEXCG	183
bcHMTT	134
bcCVLY	151
bcCXSV	190
bcCYDK	188
bcHDYY	192
bcCUAN	225
bcCGLQ	157
bcAGVB	133
bcFHFZ	147
bcAWYY	99
bcBCOM	126
bcBUCG	156
bcFUGY	132
bcHIPJ	131
bcBLNO	129
bcFRCS	117
bcAYZF	155
bcFSON	129
bcGEDP	136
bcFCIE	147
bcBPJU	161
bcEIXN	130
bcEHWO	69
bcFXXZ	159
bcDPAR	119
bcCRZX	127
bcCWQO	130
bcEXBI	139
bcHMKE	138
bcCXIW	108
bcBBKI	134
bcAKZN	117
bcCNSR	99
bcDRRJ	126
bcGSKP	122
bcEJTZ	107
bcBGUC	137
bcHGPQ	129
bcIFYU	103
bcESMI	108
bcATXE	130
bcGAUY	90
bcCHZV	211
bcHLEX	98
bcCPAV	149
bcABDA	114
bcALJN	129
bcAGLL	106
bcCQJI	106
bcABTX	101
bcGVOM	100
bcEWXX	103
bcENDZ	3877
bcDDTZ	3918
bcHMSI	3163
bcANFT	2773
bcGWPY	2216
bcCIIV	1826
bcFPEV	1535
bcEBEO	1589
bcETHX	1278
bcHMSP	1429
bcBGLN	1220
bcEAFC	860
bcHQOQ	702
bcDRAM	664
bcAOZQ	696
bcFLIQ	756
bcEBPH	695
bcGXQM	463
bcEIWC	359
bcAQYE	426
bcDCPM	539
bcGRCR	384
bcDOJQ	430
bcGAFO	317
bcDZXL	285
bcDMQH	245
bcCNLN	292
bcIJWG	330
bcHDPB	230
bcCEYN	322
bcCIVF	257
bcGTBE	278
bcGCYF	285
bcCXHX	240
bcCVMM	176
bcBUEX	197
bcCRDR	155
bcEHNX	228
bcHOYA	180
bcDUKM	247
bcBOZW	124
bcCICA	199
bcHXBL	168
bcHDKP	206
bcCBSX	180
bcIAIF	159
bcCOSO	115
bcGUQB	220
bcEZOA	168
bcHHSI	195
bcESJY	112
bcAERL	205
bcCSID	143
bcDGSE	181
bcEVLF	173
bcDKTB	167
bcHKQS	162
bcASSB	162
bcGTDR	138
bcHEJK	149
bcHDTB	170
bcCFCW	137
bcAQFP	71
bcFCXA	158
bcBUCH	156
bcEXMC	163
bcBDNQ	141
bcEPMR	165
bcDCJK	84
bcBJED	138
bcGURM	115
bcIDWV	120
bcFMFY	118
bcHDOU	123
bcECBH	116
bcBAZI	115
bcBQED	115
bcGAKI	107
bcGPMY	117
bcBPMA	110
bcHQYD	105
bcCZPC	104
bcEWLZ	47
bcCOQC	95
bcAPIM	124
bcDBZT	117
bcCWXK	109
bcAIOZ	137
bcDQYI	109
bcENLA	110
bcBYVI	92
bcDLEU	148
bcHLNZ	102
bcFVQU	86
bcGWNX	128
bcACPE	94
bcCAAL	129
bcATBH	91
bcERGS	73
bcAHAA	121
bcBLFR	58
bcACNG	97
bcAQJO	105
bcCSBI	4858
bcDMWO	2957
bcHCYM	2407
bcHGCO	2211
bcCDZT	1850
bcDUGR	2490
bcFLFU	2344
bcESGZ	1732
bcEFBF	1701
bcBKMR	1463
bcDKRB	1152
bcCGSD	882
bcBUJH	928
bcDSYH	814
bcGZWW	570
bcCIDM	321
bcFXOY	414
bcGTLV	429
bcHPVA	471
bcCCOE	530
bcGNQT	463
bcAVDG	386
bcDPZH	116
bcFKBZ	187
bcCVUF	186
bcAZWF	297
bcATJL	282
bcHGXZ	306
bcFLII	321
bcFWEP	160
bcCHSJ	275
bcAJID	213
bcIARW	141
bcCCJP	223
bcBNPO	254
bcGTDM	283
bcCOOS	225
bcFTBR	218
bcGGUP	224
bcAHCS	147
bcBJWL	243
bcEXVA	222
bcAUZK	217
bcBYMW	218
bcGGVJ	183
bcBUCY	153
bcBQGX	167
bcDGED	239
bcCPIE	178
bcFHIX	229
bcDNGZ	217
bcEBIZ	115
bcGWTC	175
bcFEJR	170
bcENJO	165
bcDEHN	176
bcEFDZ	188
bcFVWB	104
bcAWQI	179
bcAWUC	154
bcBMPP	148
bcBZSC	140
bcDNFV	163
bcHHEV	155
bcCNPQ	128
bcBTOA	134
bcEZIT	165
bcGHGO	117
bcCYQD	138
bcAUVE	119
bcAFNB	153
bcFCIA	143
bcIJKR	152
bcGQBR	97
bcHFCW	115
bcHEDC	154
bcAAIW	155
bcHTET	120
bcDDCQ	129
bcGGKF	110
bcEXNL	181
bcCUOF	79
bcIJXL	126
bcHSEQ	114
bcCVIU	122
bcBMLQ	104
bcCACX	124
bcBNKA	107
bcFTOH	117
bcICUU	114
bcAORQ	133
bcCAJO	103
bcBEDS	100
bcCADG	130
bcBAFJ	106
bcCHHV	90
bcBMNI	68
bcACIM	120
bcCMYW	67
bcDSXR	72
bcDOWA	58
bcDZDH	43
bcFFTS	98
bcDDLS	3724
bcBPNO	3022
bcHWZZ	2427
bcAIQF	2566
bcBIXM	2281
bcBQRD	2321
bcCHQH	1954
bcEMCS	2184
bcHVFT	1254
bcBQRM	1279
bcDGKS	1567
bcHOZO	875
bcBFZI	761
bcBKAQ	759
bcGEBB	473
bcCICD	705
bcICHK	509
bcGELZ	361
bcBAAM	601
bcAQHT	471
bcAQKV	347
bcEDGP	239
bcDOEO	392
bcDWRE	351
bcHCSU	347
bcBPSV	361
bcHZWL	234
bcCXNZ	251
bcGERM	293
bcEIOM	242
bcARYP	257
bcHTPK	221
bcGVGP	240
bcACGH	233
bcHMST	140
bcDIRC	208
bcFENP	232
bcCTBW	206
bcCGTU	97
bcATSV	243
bcBDUP	224
bcHCPU	238
bcGUNF	205
bcHSTW	159
bcFCKR	233
bcDOAS	237
bcGEHM	233
bcDOPZ	191
bcCWEK	143
bcAFJW	139
bcAVNK	147
bcIGCW	136
bcFFGY	179
bcCDAB	168
bcHTOI	149
bcCSEE	142
bcHCQP	178
bcANOX	177
bcCWLK	151
bcAQHX	150
bcFOXN	152
bcEMCW	183
bcCYHF	136
bcCCBD	158
bcAAFD	168
bcBTKB	158
bcICMT	147
bcEXQQ	154
bcDRHS	147
bcFUFO	152
bcHAUX	97
bcEUCC	134
bcGWDU	132
bcGHBU	105
bcAGCQ	142
bcHGSW	94
bcBKOP	86
bcEYKI	139
bcBXRW	125
bcAELB	52
bcHVDE	86
bcHHDJ	88
bcDYAH	135
bcGRFN	103
bcCTQQ	140
bcDAKA	130
bcFNQI	141
bcCVOX	89
bcGEDO	120
bcCYEV	125
bcBJYC	65
bcATVT	107
bcBZZG	96
bcEIPV	121
bcCITW	105
bcAUCZ	88
bcADQU	78
bcERLM	91
bcCILV	95
bcBMQC	112
bcAHTO	92
bcBDHS	79
bcIEYQ	95
bcIDIZ	3678
bcAIYJ	3614
bcCMUS	2190
bcFSGH	2373
bcFSEG	2039
bcEQLW	2414
bcBZCQ	1853
bcFNJW	1827
bcGATW	1557
bcFHRV	1177
bcCIOR	1094
bcAKOQ	1082
bcBIUH	813
bcGDPB	680
bcAFUQ	543
bcHOLB	500
bcASSA	693
bcGHYR	670
bcGKII	473
bcBTKD	351
bcEZJH	423
bcGYRM	357
bcEJSX	370
bcCCGS	358
bcBQSE	301
bcCMNY	289
bcHWLY	279
bcAELL	172
bcHRED	177
bcBQOL	210
bcCTLA	275
bcFAJS	236
bcCWGK	150
bcBMCP	191
bcAMWE	226
bcCKEB	219
bcDHLW	197
bcDDYQ	246
bcAFDM	259
bcFRDS	137
bcFDJU	151
bcGMNC	248
bcCLFD	185
bcDFEC	192
bcIGHX	175
bcHADD	186
bcGJBX	181
bcCTMB	186
bcFQFA	218
bcBDCB	143
bcBINC	200
bcEECO	187
bcIADK	128
bcBBCH	153
bcBTWX	151
bcDJGB	144
bcCSUA	159
bcDXBP	139
bcDJZK	154
bcFHGP	165
bcIJWY	177
bcGCFN	123
bcDAEE	110
bcBVYW	123
bcCMGN	190
bcFUZN	74
bcAJNO	113
bcAMKX	126
bcBMNS	104
bcHRZT	113
bcFGOA	126
bcEEXG	161
bcHSXS	127
bcFQFE	130
bcFGOW	75
bcFVDG	93
bcFBTF	136
bcEJIL	119
bcGGYE	107
bcFDGS	134
bcCJME	127
bcHNXX	125
bcFWOC	125
bcARCH	124
bcCQBA	101
bcFOAQ	99
bcAFVF	128
bcCKRL	143
bcCRYN	86
bcGGAU	114
bcFFEV	141
bcETQI	137
bcCIQU	97
bcEJZF	102
bcEDBJ	103
bcDREO	93
bcEKGO	111
bcGSUV	65
bcFEFQ	105
bcGPVE	94
bcERNN	63
bcHUWE	75
bcCEYK	93
bcCTOY	3798
bcCTMZ	3211
bcEEHQ	2444
bcHBZO	2207
bcATDX	1641
bcBEWZ	2531
bcDBMW	1874
bcBWUX	1873
bcBWIZ	1812
bcAVKM	1401
bcECBE	997
bcIEWD	1470
bcFLKG	815
bcDZCC	640
bcHPXR	586
bcDXSW	569
bcARTA	759
bcFPZA	635
bcCCSO	451
bcEHZI	338
bcAGGO	468
bcHYWS	248
bcDWLN	327
bcHDPF	210
bcGPYY	277
bcHSHC	305
bcBAEZ	227
bcBYSE	264
bcALZE	294
bcEEBL	285
bcEYPD	285
bcEVFU	170
bcAGDC	292
bcESOA	232
bcHSFG	194
bcHZTD	193
bcBFLX	247
bcEAWQ	241
bcDOIE	237
bcEWMQ	278
bcDYYG	222
bcDCLC	214
bcERJT	184
bcGUVH	164
bcAQHL	181
bcDOVF	199
bcFJWA	209
bcHFMG	215
bcGZZX	214
bcACHY	192
bcBVDL	163
bcFQCR	131
bcFMXI	185
bcHOSL	148
bcCATX	165
bcAQLD	173
bcGFVH	149
bcHTPA	180
bcGTHM	159
bcCWAP	129
bcBJVH	121
bcDWBQ	64
bcEVOW	174
bcGHNM	165
bcCPXZ	127
bcIDQX	124
bcGAOX	120
bcAXCU	127
bcFVRT	125
bcEDNT	139
bcHMIN	152
bcFUZA	132
bcBWJW	98
bcCYVO	136
bcGWYC	113
bcCITH	105
bcIHFZ	97
bcAZWY	128
bcBQNW	96
bcBJRL	91
bcDKGE	103
bcFFKK	110
bcDJMV	131
bcGKFD	115
bcFTIX	72
bcATWV	120
bcCPMX	119
bcGRLR	93
bcIENL	104
bcGBWF	99
bcDWAZ	103
bcDVWI	117
bcHOPG	95
bcDVJJ	90
bcGFAI	78
bcHOOI	111
bcHARY	92
bcFROB	80
bcBLLC	63
bcDOQC	119
bcHFGE	120
bcBALQ	95
bcFWSX	107
bcDEJQ	3907
bcHMPE	3034
bcAUET	2375
bcBQYX	2014
bcDEHC	2164
bcAEVD	2092
bcHALZ	1794
bcHPAY	1529
bcCQHD	1517
bcHJOV	1013
bcGZAZ	802
bcDSSU	1624
bcGRUQ	801
bcBWHL	602
bcHNWO	576
bcGECX	717
bcGHYN	715
bcHOSP	376
bcGXXH	388
bcGXTR	312
bcCTMV	444
bcCNTE	376
bcFMRP	301
bcARWM	126
bcANWT	352
bcBLKA	261
bcEALJ	287
bcDNCR	340
bcEBBI	302
bcFSUF	266
bcFAXP	217
bcEKFY	188
bcDAEJ	288
bcIJPH	226
bcDNHY	244
bcAIVB	295
bcGZAU	120
bcCPZC	80
bcGPZT	215
bcGJLO	186
bcCNTP	120
bcELZM	162
bcETKQ	174
bcAHKX	221
bcDFFI	171
bcHFTT	264
bcAOFC	142
bcAQOG	184
bcGLFZ	151
bcCCRT	162
bcCRCP	201
bcDWUQ	91
bcBTUP	176
bcERNV	155
bcIJSJ	166
bcICBK	112
bcHDKT	164
bcCTIW	147
bcHGKR	206
bcFJPC	133
bcFHDH	130
bcFDBF	113
bcFMKS	123
bcAMID	106
bcCOAL	140
bcACPF	159
bcAYKZ	91
bcEVUD	156
bcGVOB	122
bcENKT	120
bcGXQV	94
bcEXTV	176
bcERGE	138
bcENPL	163
bcHAZY	120
bcHUMC	103
bcEUZJ	125
bcCRGX	131
bcCHCL	117
bcBPIP	124
bcIJXE	129
bcHABT	101
bcDNET	112
bcEZXJ	137
bcCJFA	100
bcHGRF	132
bcGTHL	124
bcGYZT	93
bcBLDQ	103
bcGTHB	114
bcGNSA	116
bcANSB	111
bcHGGI	97
bcDZZN	109
bcHAFI	99
bcEEEK	121
bcCSEH	79
bcGCXT	86
bcAQUI	97
bcBGPO	110
bcDWFS	44
bcDOOK	70
bcGZWX	101
bcDBXA	4047
bcGTNH	2871
bcAOUM	2484
bcDWJI	2351
bcFBCP	2229
bcAZTS	1893
bcHWAU	1661
bcBOLA	1805
bcDJUW	1535
bcADOP	1319
bcEMNF	1265
bcCPZT	886
bcCYNZ	899
bcEBCP	689
bcAMUP	526
bcHMBQ	863
bcCIJQ	429
bcGXUN	379
bcBVMS	411
bcGQKY	188
bcDJFK	347
bcESAD	288
bcFLYB	411
bcARWA	332
bcHZLL	302
bcHNMV	333
bcDVUN	127
bcAVJP	252
bcGLEZ	220
bcELPR	273
bcGVDO	187
bcBZNS	243
bcCNVH	200
bcFSZK	236
bcIHWW	192
bcBVSW	172
bcCSJL	229
bcAWPL	234
bcGWMM	209
bcAESM	221
bcHDIY	231
bcGQLX	137
bcBHTL	180
bcAJUQ	212
bcAWPN	165
bcIHAQ	184
bcGLGF	133
bcIBDJ	169
bcHDDK	182
bcIIBT	178
bcCCEU	195
bcEOQB	196
bcAEON	223
bcDRIY	214
bcCANA	120
bcGJAJ	176
bcHCII	175
bcGOGK	146
bcFHRM	146
bcBTET	148
bcCKHX	147
bcDVDN	119
bcHBTI	66
bcAKPA	156
bcGKKM	144
bcIIHR	99
bcAXVK	128
bcECTV	156
bcDQZQ	156
bcDDJN	148
bcFBAN	135
bcIAQA	145
bcIEFY	144
bcDMRI	183
bcBFCJ	158
bcAIOS	150
bcBZPC	104
bcGHHB	133
bcFFSG	130
bcDEJE	149
bcHYWE	107
bcHEGA	141
bcEKDX	132
bcCWOM	112
bcBVIJ	77
bcFONQ	136
bcAJIS	125
bcHVEO	111
bcCXNY	108
bcDTFW	103
bcCCJB	104
bcGMRI	98
bcADYZ	127
bcFWSW	167
bcHCIP	92
bcDSHZ	104
bcEEFY	133
bcHIEA	88
bcCLMY	89
bcCHPQ	73
bcFCKP	89
bcASKH	87
bcBITL	131
bcGFHJ	6022
bcDGHX	2585
bcFGDF	2727
bcAEIW	2213
bcEXFY	1916
bcGJRN	1787
bcDAFE	1900
bcDZCX	1584
bcBZFJ	1170
bcDJRD	1282
bcBYDU	1136
bcGQRQ	802
bcBDUN	1371
bcHTKD	948
bcADFY	909
bcHHOR	604
bcEXZA	668
bcBZHD	241
bcEKII	570
bcABAI	400
bcAMAI	377
bcAUJX	214
bcFDRF	316
bcGODD	328
bcCNHG	343
bcBATV	383
bcIEGE	366
bcCHVT	302
bcGHEV	271
bcBPSR	211
bcGCGV	169
bcHYET	245
bcAIVM	206
bcAPHC	251
bcEXYK	290
bcBPFC	216
bcGRNH	57
bcCMJH	191
bcCJGM	186
bcGQPD	223
bcGYHZ	190
bcAAKT	220
bcCOMJ	201
bcCFVZ	205
bcAOGE	200
bcHYVP	169
bcDFJW	168
bcDBJX	196
bcFBTC	204
bcFUGP	162
bcFFKE	169
bcFAMD	167
bcADIW	192
bcIIJW	130
bcANMV	179
bcAAOL	183
bcGTDJ	138
bcBXTG	175
bcCTJM	173
bcEJYH	140
bcAXRZ	82
bcFAKK	175
bcBTYN	140
bcAUYM	158
bcGNJF	154
bcESSB	102
bcFKGR	130
bcBVZS	125
bcFJNY	139
bcAZPP	87
bcIFWB	109
bcBSML	136
bcBFUK	152
bcHAHC	143
bcEHXY	98
bcBKEI	158
bcHWDS	100
bcCTAA	134
bcAQYX	143
bcHLHG	122
bcDLBJ	112
bcATDC	110
bcCEGP	104
bcBKRE	142
bcBTKC	99
bcGJMU	99
bcGCIR	143
bcAOQT	115
bcEAXK	151
bcFVMY	130
bcHQFF	131
bcIENY	106
bcCDKA	79
bcHOOM	93
bcBOJZ	135
bcEAYU	104
bcBTIW	104
bcACHR	90
bcFJAH	110
bcGDUU	130
bcBFBY	113
bcBLLX	113
bcAYKS	101
bcDELP	3836
bcBVFP	2675
bcBOKY	2894
bcCIOZ	2347
bcIEOG	2121
bcBNDC	2226
bcCEYO	2074
bcFNDJ	1529
bcGOEY	1444
bcIATK	1078
bcCKGW	1038
bcETGE	812
bcGIUM	760
bcBGWY	748
bcCKEQ	489
bcBLZW	593
bcAUKU	606
bcBVIR	495
bcGAAD	516
bcBUOE	469
bcEEXH	534
bcESHG	408
bcCZWR	334
bcBVLQ	376
bcASJL	267
bcARSK	287
bcBNFQ	256
bcHFDK	278
bcCFZL	277
bcGAGC	253
bcATVN	256
bcBCYS	225
bcEXKP	286
bcEXBT	193
bcEEGW	232
bcHKKS	217
bcFELJ	218
bcAECR	234
bcAFKU	199
bcEFTT	209
bcDWCW	152
bcGMTV	217
bcBQPN	149
bcGVSN	186
bcAWTE	203
bcCLHM	180
bcAVIO	129
bcBWUY	145
bcAMGT	177
bcHWLM	114
bcAOPE	165
bcAEAP	163
bcIJER	182
bcBLYG	154
bcHQUF	144
bcABMJ	110
bcEBQV	201
bcAVNJ	168
bcFVQH	132
bcHWJM	123
bcGUOG	158
bcEQFV	62
bcAGKA	151
bcEPUJ	164
bcBSJC	137
bcAFZZ	81
bcAFFW	136
bcEZKI	136
bcAJVD	141
bcHKIK	108
bcGCCB	108
bcHTIE	117
bcGFES	141
bcFXFQ	137
bcIDSI	116
bcAZMR	136
bcHMNK	106
bcEYGA	127
bcATFB	70
bcATDH	85
bcECRD	149
bcELGW	126
bcCDBC	156
bcCLHO	110
bcCFWK	127
bcCUEW	146
bcGFNY	107
bcDUHB	132
bcEACL	124
bcCVLF	63
bcAXYC	99
bcCIEH	136
bcEGDF	109
bcCNBO	77
bcIGDS	107
bcAGHD	60
bcCXIN	95
bcGZXB	114
bcDWWJ	69
bcCAMK	66
bcFVOY	98
bcGRYU	102
bcAESG	125
