bcGCVR	8712
bcFELG	2328
bcBLZN	1665
bcHWBS	1402
bcBWJK	1666
bcDVKA	1384
bcEFFE	1194
bcELCW	1357
bcGPWG	1061
bcFQVM	890
bcBAXN	901
bcBGVD	801
bcHEYG	672
bcCCYT	517
bcGNPW	465
bcEAMF	385
bcEILR	491
bcIHSE	383
bcCWIB	281
bcBTCK	360
bcHZHP	336
bcDXSD	390
bcFBBV	265
bcANKS	293
bcCZRE	252
bcEXAV	226
bcEOMY	312
bcDXFC	207
bcCWSU	205
bcEMYK	276
bcGTEP	231
bcEMGL	238
bcCOVV	166
bcDXGP	218
bcEAVJ	189
bcCWUY	164
bcEYMM	177
bcCLOO	187
bcFLIG	163
bcCRWT	187
bcCXFP	131
bcFQSJ	175
bcBKAX	163
bcEPTB	171
bcIJOK	155
bcBWTG	105
bcHAHT	132
bcHFDQ	80
bcECJJ	161
bcDXHR	127
bcAVBR	183
bcCNBW	56
bcDWOY	150
bcDFEX	36
bcDTPR	148
bcGBKT	124
bcFNHN	126
bcCWVO	110
bcCNKH	120
bcDCMX	101
bcDFCU	129
bcEWLG	121
bcCHKT	128
bcGAFS	110
bcAVBU	119
bcDCPO	120
bcGHPF	113
bcFSYC	134
bcERXN	111
bcBNHC	131
bcDOVV	57
bcHXBP	65
bcIJVF	55
bcHVWA	117
bcGHBQ	81
bcBZIM	84
bcHCQO	91
bcDTIC	112
bcGXVG	58
bcCBIB	105
bcAWWZ	60
bcFQHL	89
bcEDZI	100
bcIIFK	101
bcFNIZ	66
bcBAOZ	91
bcFNBI	108
bcBVDQ	97
bcBYCL	85
bcCPKE	105
bcFZJC	95
bcHLEE	43
bcHJGY	70
bcIDQR	86
bcCUPL	80
bcHIIA	94
bcGSYV	77
bcAXER	58
bcDVCH	52
bcBWDI	78
bcCHVB	79
bcCVVI	28
bcEBBN	87
bcAITJ	88
bcATUZ	5723
bcEZTE	2311
bcEHNF	1642
bcIBKK	1699
bcAWHL	1562
bcCJZS	1350
bcHNKS	1299
bcAEER	1348
bcAGXQ	1148
bcBGJY	1033
bcCBEB	806
bcASGO	701
bcFMGP	804
bcCHHW	755
bcDPRO	97
bcCMIS	502
bcCTEV	529
bcCELS	461
bcHYBF	372
bcDWGR	224
bcHXYY	304
bcBUFK	313
bcAVKZ	274
bcBWMB	188
bcCWAH	171
bcGVLD	208
bcBVNA	180
bcGDTZ	219
bcEWZJ	204
bcHPQU	186
bcELZT	187
bcBCWK	144
bcCXBX	152
bcBHWZ	194
bcBYQN	157
bcAQHC	160
bcCLQK	205
bcCTCC	182
bcHFAE	163
bcICSZ	184
bcCLWH	133
bcHGOT	159
bcDEKS	178
bcFKSH	114
bcEJSE	143
bcGQHN	160
bcEHFR	124
bcICSA	193
bcFCYX	158
bcCCBS	148
bcCPWN	118
bcBAOJ	121
bcGLOP	102
bcIGBC	107
bcFKQI	115
bcHSPW	90
bcEGGY	173
bcCFVK	81
bcCRTB	110
bcAKTF	118
bcGHJJ	134
bcAOSP	99
bcDQHJ	122
bcECKO	106
bcEWCO	131
bcFYPF	118
bcCAHW	90
bcBMRN	96
bcAYIM	78
bcCZPG	118
bcAEVJ	136
bcEKOT	101
bcCNQZ	93
bcHZFL	71
bcHJAY	94
bcHHRZ	109
bcAXEY	93
bcHEFZ	119
bcHCGY	118
bcDATT	89
bcDBPM	117
bcEYUZ	74
bcICCD	100
bcHJCR	58
bcHAUU	66
bcCXIQ	79
bcHWNO	83
bcCBXY	58
bcBTIN	78
bcBYLW	88
bcGPYH	92
bcGANM	70
bcBISF	97
bcDSRI	116
bcDMPI	80
bcBRSI	77
bcEZQU	98
bcCRIK	78
bcDQGR	74
bcEIQP	68
bcIEVS	100
bcCPGH	71
bcHPVN	90
bcCFYX	78
bcIGYH	3402
bcBUFO	2421
bcGJDF	1818
bcCFOC	1782
bcCOYO	1369
bcHJFX	1300
bcBBZK	1645
bcGESL	1002
bcGYRZ	918
bcIJYM	1118
bcDUHD	927
bcAYPR	756
bcCYZD	624
bcGLTW	608
bcCNJS	403
bcHZBL	375
bcETIL	414
bcHVPM	380
bcDXLR	383
bcBMKA	319
bcGKGE	394
bcASDG	379
bcFFOH	350
bcFCTM	264
bcHARR	213
bcGOJC	230
bcFQIX	233
bcFSIU	253
bcHMVU	247
bcBSTW	211
bcHXSN	217
bcHTQW	127
bcEFFP	148
bcDSXK	203
bcGGNJ	179
bcBYAT	171
bcFGWN	152
bcDUOX	172
bcFRAC	187
bcFTPC	157
bcHKKG	133
bcBBKK	152
bcHXZE	140
bcDADW	146
bcIEQS	134
bcFCMW	149
bcENGV	114
bcCKJD	94
bcGCWQ	149
bcAXOL	114
bcCHKX	140
bcAZRC	158
bcBTUW	138
bcHXSD	126
bcCGUF	108
bcHSCG	123
bcCVMX	109
bcBXNN	106
bcAIQH	159
bcASCQ	73
bcCEBT	127
bcDSKM	125
bcASXK	95
bcGFOW	72
bcHTNR	111
bcAVEL	129
bcBMVN	104
bcAREW	121
bcGJVV	81
bcIBXC	117
bcDPNX	115
bcEJUX	99
bcACEF	104
bcCKMZ	101
bcCIMC	69
bcBLHR	90
bcFEQA	78
bcHTPR	98
bcBCCI	121
bcFOSI	107
bcHGKC	91
bcANJX	107
bcFRSN	87
bcBFPX	109
bcAZIO	67
bcCNLX	66
bcBZTS	76
bcDMQJ	90
bcAXUA	61
bcFXJF	112
bcATUY	83
bcFQZI	78
bcESGY	53
bcHWAY	77
bcBHZP	89
bcBJQV	93
bcGRVJ	87
bcESRL	78
bcHEPW	90
bcBTAO	95
bcEJHW	51
bcHPZP	93
bcHDBR	43
bcBJIP	84
bcIFYB	4020
bcDEON	2276
bcBPWB	1960
bcCCAV	1821
bcACCA	1767
bcDZUU	1298
bcDQSN	1244
bcIIZZ	1428
bcHZZA	1052
bcHGFY	1105
bcBRLC	875
bcCPKO	765
bcCVCY	667
bcGCUJ	618
bcHLTQ	494
bcGUPG	477
bcBUTU	439
bcGOQC	304
bcCPAS	361
bcBOXE	373
bcATUV	309
bcHNXP	364
bcGVLA	246
bcDRMQ	316
bcFUPC	263
bcEUXK	213
bcCJCU	210
bcAGYN	206
bcBACP	262
bcBEKU	205
bcCZFK	155
bcFMAK	213
bcDPVP	246
bcEEPE	191
bcIJLG	231
bcAOVO	191
bcDONQ	162
bcEIYR	149
bcCIVP	157
bcDKFH	140
bcICEW	196
bcFTIF	184
bcBDHR	103
bcDSUX	132
bcIADF	157
bcBVZO	101
bcIJYX	121
bcCQWW	161
bcHMIG	157
bcCIJE	116
bcDJIX	118
bcCAQL	138
bcCRZV	94
bcBERO	113
bcBOTX	138
bcGOYG	103
bcHPWA	92
bcBPMI	128
bcFKMW	100
bcIGNH	121
bcDYOD	113
bcIHAK	125
bcHZSP	100
bcGIZI	140
bcFZWH	102
bcCFXI	115
bcCUDX	103
bcCMGY	157
bcFEKX	128
bcGSLJ	125
bcCVSN	66
bcCKTY	125
bcHRDF	87
bcESPG	90
bcGZAD	98
bcCHXR	79
bcATWA	100
bcBEAA	121
bcCEDS	102
bcHNRP	76
bcIAEA	54
bcDVXR	77
bcGCDM	92
bcDBYB	84
bcAEAG	112
bcCOYZ	84
bcIBJX	82
bcFPXB	95
bcASMJ	87
bcGQMR	102
bcHUXB	94
bcGNHC	62
bcEQZH	93
bcHPHB	70
bcBPIK	63
bcDCJA	58
bcBKZP	48
bcDONU	86
bcGENQ	91
bcERXV	70
bcEQHS	69
bcCGEY	78
bcFLNL	49
bcAVLJ	50
bcAREC	4628
bcEXPH	2579
bcHHKI	271
bcHFDO	1697
bcESBP	1488
bcCCUM	1551
bcCJAC	1208
bcCEPX	1228
bcDWNS	952
bcHNFB	954
bcGRAH	837
bcFPYY	753
bcGQRD	788
bcHKRB	676
bcDBVH	585
bcDMKW	437
bcEBNK	520
bcFHXC	354
bcDHRJ	315
bcDILU	322
bcHJHY	309
bcHVQA	267
bcBRDB	255
bcEQQX	268
bcCNQW	242
bcDETE	155
bcCCXB	278
bcBNIN	208
bcHHWZ	216
bcCNVZ	199
bcHTOA	168
bcGVBB	170
bcCVVC	150
bcHGRO	212
bcIDSB	141
bcAVOZ	142
bcHWGE	121
bcDWPV	166
bcASAS	172
bcDYJT	181
bcEKKZ	90
bcCVRT	101
bcEHFD	162
bcAQPB	168
bcAUVC	145
bcHQXS	162
bcHECC	162
bcBLIJ	112
bcAQGM	128
bcAPUF	145
bcCBMB	77
bcAAWR	126
bcHKBQ	110
bcCMHH	192
bcDLKV	114
bcALDI	119
bcCXQN	79
bcDYBM	166
bcCJZG	109
bcAMJE	102
bcEREC	84
bcFTKQ	114
bcFLZV	124
bcAJOK	101
bcBZQG	85
bcHRTJ	81
bcFKYB	99
bcAXVA	101
bcCQAI	76
bcAEBH	8
bcDXZI	87
bcBFDI	110
bcAAWQ	85
bcADUV	94
bcBXHF	86
bcHELY	98
bcERFE	72
bcCHNS	70
bcHWLT	54
bcFTAO	83
bcIGTN	94
bcAQPN	84
bcFFED	85
bcEAYY	109
bcHLMJ	74
bcFGKZ	125
bcCHIB	78
bcFVMJ	72
bcCYRI	118
bcFXPO	99
bcDZZU	62
bcCWUA	85
bcAZDE	104
bcEBPP	85
bcCSJI	61
bcGVOZ	92
bcERWC	78
bcFMNI	68
bcHSIE	92
bcBWOM	70
bcCNZX	94
bcAQPQ	91
bcDPZG	66
bcGYFI	57
bcCNWD	3475
bcCXJX	1973
bcAPDI	2208
bcCYIH	1564
bcCFNU	1348
bcCULG	1336
bcHHZP	1385
bcCYNM	1224
bcEDUB	1187
bcFKKW	801
bcEIAK	689
bcHIUC	860
bcBUYS	706
bcARPW	484
bcALVI	494
bcFOKI	640
bcEYOX	419
bcHGDQ	373
bcCZWP	431
bcAPCM	410
bcIDMB	298
bcDEQP	344
bcHVYS	238
bcEEXT	306
bcHIXA	267
bcAMRP	237
bcEUVU	220
bcEGES	145
bcCCRQ	228
bcARAL	136
bcDIQN	199
bcGCWM	215
bcAOQH	177
bcDUPD	107
bcHZMR	144
bcIHBU	204
bcAZIZ	56
bcGYWZ	154
bcEZXG	219
bcDZDV	149
bcEJUM	194
bcHEAC	139
bcAOEK	166
bcHLFS	152
bcIJSR	186
bcGQVO	98
bcEYDC	144
bcDMCY	142
bcBORQ	157
bcAANF	176
bcEDXP	161
bcAIZZ	152
bcETWU	112
bcHCWY	119
bcCCNP	142
bcFGAW	113
bcCGIX	126
bcHIID	140
bcFTFO	134
bcCEWM	121
bcACKE	144
bcBENQ	110
bcFPID	86
bcEZZX	121
bcIGVH	123
bcBBHK	138
bcFJWL	115
bcDGEV	148
bcGWLT	100
bcHFHV	119
bcECMQ	91
bcEEOI	87
bcBCQJ	99
bcFAMT	117
bcDCRR	95
bcCJIH	84
bcEBVN	81
bcGYWM	64
bcBXKI	73
bcDREN	87
bcBXLO	73
bcBVZE	81
bcGAYY	83
bcAFEG	98
bcDCNG	104
bcFRBF	90
bcGBJQ	109
bcBUTZ	97
bcBFCG	89
bcAFWY	89
bcADSF	90
bcBEZW	100
bcFDOO	96
bcCTXC	74
bcBPEW	70
bcCNAR	62
bcDISZ	71
bcDDRY	87
bcELAE	79
bcGBEW	77
bcCVBA	61
bcCSCO	93
bcDSQL	76
bcFMKH	70
bcIDRY	3981
bcGESO	1980
bcADYA	2410
bcFUJD	1618
bcBTIZ	1440
bcCEGB	1165
bcETKA	1167
bcCQAQ	1181
bcHDFP	1001
bcEMUI	1145
bcIEZL	784
bcEEOA	795
bcEXRE	800
bcHSEY	526
bcBQHB	463
bcERTJ	547
bcCRPS	379
bcBIVZ	377
bcDWGB	302
bcCNMH	247
bcABGR	363
bcHNSA	309
bcGLUJ	222
bcGJRT	64
bcCXTJ	309
bcBPMJ	283
bcFFZT	215
bcAOPL	198
bcANXK	138
bcANGT	199
bcBUMG	192
bcFVIR	183
bcHTQJ	169
bcCCEL	206
bcGLAL	157
bcCBWG	165
bcGHNS	180
bcCADP	194
bcIEBX	139
bcAVHW	133
bcHIXN	168
bcATZD	147
bcBYVK	109
bcHQDB	162
bcBKGS	153
bcGVJP	130
bcBFGQ	183
bcFCKJ	101
bcDOQR	127
bcCLUU	102
bcGESJ	178
bcAYYP	136
bcHNWH	8
bcGKRV	123
bcHGMG	119
bcHMNR	33
bcHBXV	156
bcCFJU	116
bcEZHX	144
bcFXKZ	100
bcATAC	92
bcFYWE	120
bcEWUN	127
bcGZVQ	126
bcBVNP	121
bcDZOJ	135
bcEFMR	95
bcAPDB	130
bcFOOY	132
bcDDOZ	112
bcDFJH	108
bcDFQV	67
bcFQDN	94
bcCHUX	86
bcFXWN	80
bcBFLO	95
bcEDDE	86
bcATOL	91
bcFEBU	111
bcHMCR	113
bcGJDA	97
bcENMS	81
bcIETF	112
bcEDFA	75
bcGYXU	92
bcBTLF	90
bcAQTS	81
bcAVFE	74
bcDEEY	83
bcCUSX	87
bcBQNF	66
bcACLD	73
bcCHVY	92
bcFTCC	79
bcCQAT	73
bcHVMC	65
bcFAUN	107
bcEJVN	82
bcBTWA	88
bcHEQB	54
bcFPES	83
bcGTJT	84
bcFOBT	84
bcAPJN	97
bcCJBO	3763
bcBEZZ	2122
bcBOEU	1777
bcFWES	1379
bcAPOZ	1904
bcIAGG	1362
bcEUXY	1160
bcGBHR	1144
bcAHVF	1041
bcDZSI	1035
bcHPXE	863
bcFBTD	696
bcHKGQ	540
bcERHH	650
bcAXRW	542
bcGLYG	443
bcAYDW	341
bcFPFS	352
bcDJSC	365
bcAOLV	142
bcDAOJ	213
bcFMAQ	302
bcHRPR	263
bcDRGK	279
bcBUFQ	230
bcDDXX	333
bcFZAM	271
bcHLGK	236
bcGGUN	141
bcAXZU	180
bcFNQZ	235
bcBJDN	236
bcALRG	210
bcDPUR	218
bcCDPV	167
bcAUOX	170
bcHYJE	210
bcHAJE	153
bcFNXB	172
bcFKNB	148
bcGVKR	139
bcDJIU	119
bcGUCW	173
bcIBGI	125
bcDVFI	149
bcGLNU	139
bcDATL	155
bcBFTK	135
bcFTJU	181
bcEMUU	163
bcFHGT	175
bcCQSH	203
bcDVUU	132
bcIJWQ	106
bcCCJH	124
bcAWXR	137
bcIDYT	151
bcBTBE	128
bcGLES	120
bcAKPU	113
bcBVJC	65
bcBPJN	123
bcBMMM	89
bcAZOL	108
bcCVDG	104
bcFWHX	125
bcFOHO	112
bcAEYB	127
bcHWEN	91
bcCUQZ	113
bcEHVK	105
bcERVC	97
bcFCZR	105
bcHOPX	87
bcGJCL	104
bcBWHB	78
bcBABY	116
bcIDON	80
bcIHKA	93
bcHIXM	104
bcDTAS	97
bcDQWM	107
bcAUFC	71
bcGDTQ	82
bcBKWG	97
bcIJXV	91
bcHLAA	104
bcEYWS	73
bcBPYK	110
bcAAJS	108
bcEUSJ	83
bcCYYA	71
bcDETS	98
bcFQUL	88
bcBLBB	79
bcEGLD	83
bcGKSA	70
bcFJLV	90
bcEEBW	63
bcAIAZ	92
bcIBNN	77
bcDXQK	88
bcDLWO	75
bcEFBR	78
bcADIE	3602
bcCBHC	2314
bcCWAV	1600
bcEQMU	1748
bcHCWM	1794
bcGYNY	1490
bcBTPQ	1217
bcEOOI	1519
bcAWJE	1320
bcGQWL	787
bcGKCH	908
bcBGDW	797
bcCQVO	743
bcHPYN	553
bcEDRT	628
bcHTJG	347
bcHNOG	372
bcDAEN	388
bcFSZH	441
bcHLHN	384
bcGOCJ	382
bcHVKJ	292
bcGBNI	297
bcHDPY	194
bcBJXN	302
bcFHVV	213
bcEPEK	315
bcGMRC	169
bcFYIC	173
bcBYHC	164
bcGJWT	239
bcCQOT	165
bcBNQZ	192
bcDUMM	180
bcFRQH	176
bcADHU	45
bcHFGS	158
bcGKIE	187
bcEXHQ	198
bcHGPE	173
bcBNMR	127
bcHTCW	161
bcIBHY	129
bcDRDV	164
bcCBFN	144
bcFREG	159
bcAACH	150
bcCNTG	106
bcEORO	161
bcHOQM	153
bcDACI	139
bcFVKV	123
bcCFBC	130
bcEYTV	119
bcCHTA	127
bcCWGL	85
bcABSQ	144
bcAJZB	118
bcDBIQ	145
bcFNXA	117
bcCXTB	124
bcIIJG	89
bcDYSP	131
bcBGNQ	151
bcDQFS	134
bcDDUI	116
bcCQHE	98
bcCNPI	33
bcGKHQ	109
bcFAJU	96
bcCXGG	78
bcGQZF	41
bcHJFT	99
bcAEPV	111
bcCSJG	78
bcCDWV	99
bcFXDL	90
bcBELM	85
bcAQTU	92
bcEIBE	63
bcICFI	117
bcFRBA	87
bcBJWS	39
bcDTAL	92
bcHIRE	104
bcBCON	71
bcHMOW	85
bcFTMD	62
bcGOIQ	103
bcGRUO	93
bcAJGS	88
bcHTRA	97
bcFILV	57
bcFUGI	86
bcFHFT	108
bcATWP	71
bcDMCU	61
bcCZHJ	75
bcHIAP	90
bcBYOB	69
bcFHFC	87
bcCBUJ	45
bcBHQT	63
bcHTHG	72
bcCWKM	2379
bcAOOT	2332
bcBNKM	1822
bcDWEB	1420
bcBKZJ	1308
bcBQRO	1416
bcCHMM	1360
bcHMOC	1019
bcEIWX	1107
bcDPXF	1079
bcANLI	800
bcCLGL	877
bcCEWP	559
bcENEW	519
bcCUXS	533
bcBVMR	382
bcBHQS	366
bcHOZS	389
bcFZYU	454
bcAWLG	369
bcAMFZ	297
bcIHWF	237
bcDGWC	181
bcIAKQ	282
bcCYCE	274
bcATKF	225
bcGXUU	160
bcGTEB	260
bcFLHP	265
bcEYSI	169
bcIHZE	161
bcAPHA	207
bcBVLM	196
bcIGYI	150
bcBUZF	186
bcHWVY	174
bcBVXV	164
bcAUHX	134
bcDVYB	160
bcGXXG	116
bcGJVU	70
bcDZVY	94
bcIIDO	154
bcBEUK	143
bcFDFP	145
bcGPQA	139
bcCVQJ	145
bcAONZ	118
bcAVDJ	161
bcFAZM	161
bcDEWZ	154
bcAJHG	130
bcDROW	134
bcGBGH	132
bcASFB	127
bcANKL	135
bcGWWD	139
bcCWVA	110
bcFDLK	123
bcCPNZ	88
bcFNRL	119
bcBBAM	112
bcBTBA	96
bcDPNF	143
bcBVAJ	98
bcBLCB	100
bcFHDS	73
bcGAMH	95
bcFAIV	119
bcDBMX	131
bcEIRW	92
bcAIGM	95
bcDVNW	125
bcARDI	111
bcHLRF	80
bcAYAR	115
bcHEGJ	100
bcAEOD	88
bcCHMN	74
bcDKRW	121
bcDARA	97
bcCBVP	84
bcFNQC	85
bcHBYO	67
bcIHWG	89
bcCKIU	84
bcBPLK	86
bcFGZR	103
bcBUNZ	82
bcAZNO	84
bcCQAL	87
bcCGLX	90
bcDPBA	89
bcFXIQ	91
bcFRKE	61
bcGSRS	89
bcFQMK	105
bcBWPD	61
bcBQUV	92
bcAEDG	74
bcFMEN	78
bcIEOL	61
bcFEDE	75
bcIAGX	92
bcEJNJ	3001
bcFQBW	2423
bcGAZO	1662
bcGLLW	1456
bcDSAC	1415
bcCHRR	1751
bcACBL	1297
bcHZAM	1026
bcALWP	1193
bcFZTS	1046
bcFWVQ	874
bcGAKG	702
bcCJMC	804
bcEXXZ	505
bcGWOC	709
bcGCVA	343
bcBFIS	368
bcCMGS	361
bcHORA	349
bcHNZY	348
bcHJUI	341
bcEELR	306
bcCNMX	266
bcBGPC	216
bcFPGF	232
bcHFVX	269
bcIANC	220
bcCXGN	157
bcDCOU	260
bcEUHF	236
bcHWDV	165
bcATNS	204
bcBGRG	235
bcCBED	201
bcFMYC	206
bcDBIW	171
bcBOQH	176
bcEJHG	107
bcBGIE	158
bcCBAM	171
bcHVPQ	152
bcEZRT	173
bcCDTE	138
bcALDN	143
bcATVG	140
bcHTKK	118
bcBZZA	124
bcDWPH	142
bcFECW	160
bcGDCA	46
bcHCME	123
bcBULZ	17
bcABDD	120
bcFRNR	135
bcHBLV	129
bcDYZU	116
bcAKHO	147
bcGZEO	69
bcCJDG	126
bcHKBR	120
bcGQNP	128
bcCUIV	114
bcFGCH	124
bcIFXG	100
bcGOZF	98
bcDNQO	125
bcFKET	125
bcGDWS	75
bcDKXD	134
bcGWLW	120
bcBZJA	88
bcGULO	114
bcFJMO	90
bcHMCH	114
bcAFWG	102
bcCVQO	78
bcDUJI	89
bcDEHU	110
bcAQEL	72
bcFEOE	78
bcEQRG	95
bcAMVV	116
bcAYSX	95
bcDJVU	71
bcGWUE	113
bcEXHA	64
bcCRCA	81
bcAHRT	78
bcGHRD	84
bcIGJG	84
bcGIUC	103
bcEAPZ	96
bcFIIO	72
bcFIFT	79
bcEFFU	68
bcAEAM	76
bcGEIS	68
bcCAMP	72
bcGRAG	70
bcHZRL	69
bcAJPA	84
bcCZZZ	80
bcHZEN	52
bcASEB	94
bcHPCT	3493
bcIHDK	2232
bcGHHV	1858
bcAUXB	1738
bcHUZC	1512
bcFVGB	1269
bcFJJK	1149
bcIJHS	1118
bcETFW	976
bcCEAU	1161
bcAMUD	844
bcGPKZ	838
bcFNPN	766
bcBBQS	628
bcCVXF	483
bcASJK	523
bcDGDK	359
bcEJVC	466
bcCLBB	387
bcBEPR	403
bcBILD	272
bcFMLZ	232
bcIIXO	175
bcBHTJ	183
bcASPE	259
bcAUZS	196
bcABQN	250
bcAWZK	158
bcEJHR	140
bcCVJN	169
bcATMO	200
bcHXYF	177
bcEKDS	148
bcACVN	190
bcGAHF	177
bcDWYX	203
bcEZOJ	145
bcICRN	180
bcFCVC	181
bcHBHK	212
bcIEOB	205
bcFHJM	187
bcHJEO	148
bcCEZR	160
bcGNKX	175
bcHMMV	151
bcDWTT	123
bcBYTY	113
bcBZBV	53
bcAXXG	113
bcIFTR	110
bcHQFW	146
bcAOGC	131
bcBHQA	97
bcDGVJ	132
bcBALL	93
bcHCQY	159
bcAGJS	133
bcERXA	142
bcCADX	102
bcGERW	101
bcEFRO	115
bcHFEN	115
bcDKJR	104
bcHWJI	89
bcGHJP	119
bcEKIY	128
bcFSER	112
bcHQST	111
bcGHSB	92
bcEACY	69
bcBKDI	111
bcARUW	89
bcDPXB	102
bcEMCQ	98
bcAXYX	79
bcGJUD	59
bcCPYD	73
bcANEF	113
bcCSDD	53
bcAXDO	84
bcBICK	113
bcIJVN	97
bcGSLF	95
bcFUBQ	95
bcHASI	93
bcEEIW	99
bcICQR	90
bcHDTK	87
bcDQUZ	74
bcAAYE	106
bcAGES	63
bcBVWL	74
bcDPOY	85
bcEXRW	96
bcBGDG	91
bcAFSG	98
bcBQSY	71
bcEYIG	83
bcGWNG	91
bcHZCF	38
bcDKOL	86
bcIFZN	62
bcEDZX	98
bcFEFV	3459
bcFOUU	2437
bcBXTJ	1496
bcFUAK	1662
bcBNKW	1644
bcBMKP	1458
bcECLH	1240
bcDCXH	1118
bcBGFT	1098
bcHYCO	975
bcGQLZ	888
bcCYHJ	1044
bcCPCM	615
bcHHMX	637
bcEYXH	510
bcDARZ	464
bcAEYN	507
bcDMTM	373
bcHVIE	348
bcEIEU	276
bcAMLO	359
bcEREB	304
bcHCBA	279
bcAYIB	161
bcGEOR	212
bcHHNO	262
bcHIZY	182
bcBBFF	100
bcCVKW	185
bcIJHO	186
bcCWDX	134
bcIHIQ	194
bcHUST	204
bcDMBE	140
bcCTNC	192
bcBTHK	169
bcFGQS	226
bcIFEA	144
bcCNMT	163
bcFJUR	168
bcIBKG	172
bcFHNR	182
bcADJY	148
bcGBCK	106
bcHUOH	89
bcCZSB	99
bcECCJ	125
bcAYTC	122
bcCGUR	117
bcCXKZ	106
bcDIHO	107
bcFPNK	123
bcETCM	113
bcBCQR	101
bcGERQ	196
bcAEYT	129
bcEDLF	169
bcFGTG	137
bcDOEG	106
bcGNYH	111
bcBZXN	144
bcCTZQ	127
bcHWIE	76
bcFXSH	100
bcAXDN	108
bcGSDR	101
bcAGYM	148
bcFNHR	96
bcDBFQ	141
bcCSKD	70
bcDXKC	119
bcFBQP	121
bcBYXB	106
bcCKEU	94
bcBTZV	83
bcHTFB	118
bcCUAU	125
bcDXTG	125
bcGYNO	84
bcGQWM	92
bcEEQU	124
bcBPEP	98
bcHWPT	70
bcDQNV	105
bcENKD	104
bcECCK	81
bcHFYU	122
bcHHKN	59
bcCNJH	81
bcFULM	90
bcDYES	118
bcCTTC	84
bcAKMU	85
bcBLYI	69
bcDOVC	71
bcASEU	107
bcFMNV	93
bcGTJI	83
bcDEVN	80
bcDMFL	68
bcFFRH	71
bcFBHB	94
bcAKLG	82
bcEXQF	87
bcHHLX	3522
bcDXSL	2761
bcHNLB	1810
bcABTI	1848
bcGFEO	1145
bcBLKZ	1216
bcHJCO	1344
bcCXYG	1097
bcCKXP	893
bcHHSD	1023
bcALQG	842
bcHNFM	634
bcGWLM	734
bcDHBN	581
bcCDUP	539
bcERZR	457
bcFESF	499
bcGJZG	308
bcGSXW	395
bcBPWO	360
bcBLAG	223
bcHDDF	313
bcHQPB	302
bcCXWX	269
bcDGNX	285
bcAJPT	207
bcHJXS	236
bcAZAP	213
bcDBZU	244
bcCRII	275
bcCCSC	216
bcCHCM	206
bcGHZZ	189
bcGGSL	165
bcDRXF	211
bcFZNI	131
bcBWTE	113
bcIHXU	134
bcETVP	115
bcCLUG	152
bcHLAH	173
bcFXJB	169
bcEOMB	108
bcFXGP	5
bcCDTI	137
bcDDSV	166
bcAQXG	124
bcBCYT	138
bcHWTM	67
bcEZCY	178
bcHIZK	146
bcHWQQ	108
bcCBTL	126
bcHFOD	146
bcEYAG	131
bcCOWR	114
bcAUZL	77
bcGIRH	106
bcHEXR	146
bcIGEK	113
bcCWEA	75
bcIEVH	109
bcFVPV	102
bcIASE	140
bcFENU	21
bcAUEZ	69
bcCMBK	131
bcFBEW	118
bcBLOK	82
bcAORX	112
bcCTIM	104
bcHTIC	92
bcAFYT	92
bcHJSB	88
bcFJKK	91
bcFRIH	108
bcAZZR	88
bcEJGK	91
bcEREL	91
bcHMKK	59
bcFMLH	75
bcDGUZ	107
bcASBN	92
bcEBHX	104
bcIJTM	106
bcATAI	45
bcAXTD	97
bcHHCG	98
bcDQRP	96
bcAJJE	77
bcGLJD	79
bcHBBX	90
bcCPLC	111
bcGDQE	91
bcHDTN	78
bcAGIU	101
bcHIIL	85
bcGPUD	91
bcGCSM	93
bcEQQV	72
bcDOSP	84
bcCXFC	76
bcHBFN	69
bcAQUB	51
bcBWJP	2734
bcAPXM	2382
bcCCND	2008
bcGIYX	1512
bcDCPD	1712
bcHNLS	1489
bcELDF	1249
bcDZRF	1301
bcFTGO	1074
bcFBFI	956
bcFAUI	1039
bcECIY	1009
bcAZKW	536
bcGMJM	522
bcAKSB	475
bcAQHD	519
bcFTMQ	406
bcDIOU	366
bcHCSI	410
bcCXNM	264
bcFYYR	316
bcIGEY	307
bcDACK	307
bcHWBD	192
bcEXSX	288
bcGJOK	190
bcASJP	237
bcGYQL	213
bcGXRB	161
bcBGWX	166
bcDNJX	250
bcGJFI	190
bcGUIG	182
bcDWQV	218
bcFJIY	181
bcHSDV	151
bcDMZE	208
bcHUSS	138
bcAXLR	159
bcBFHH	192
bcFUCN	169
bcBTEZ	165
bcBIQA	150
bcFXTS	148
bcABVS	210
bcGRXE	161
bcHPPD	150
bcFQSH	93
bcDTPZ	172
bcBIIM	154
bcAERF	165
bcGALN	59
bcARSU	95
bcFIXT	112
bcHLPO	132
bcCVJW	85
bcCLOR	125
bcFKNP	126
bcFEHM	134
bcDVLT	136
bcFAXI	131
bcHWWM	98
bcIDWQ	110
bcBUXJ	109
bcHOZV	95
bcETWW	143
bcGARB	94
bcBKSM	119
bcFWCE	64
bcGWSR	125
bcHVEP	85
bcAQZA	116
bcFGZO	122
bcESJM	86
bcBMYD	104
bcFEVB	115
bcIANL	93
bcHKLY	105
bcDOPK	124
bcDLVU	65
bcEQDF	67
bcAKUZ	92
bcFLYH	95
bcHUXH	71
bcAEXC	81
bcGKJD	100
bcGQJF	93
bcCBOX	75
bcHKZZ	89
bcBVMU	107
bcBDQP	86
bcFNWJ	102
bcHJHJ	88
bcBTAU	93
bcCCWX	93
bcDQTY	82
bcBLVI	79
bcCNQC	62
bcBZEA	73
bcGWTR	67
bcCBDT	82
bcBIWO	93
bcIICV	37
bcBKZY	88
bcAQQO	3160
bcCWSK	2244
bcFNSS	1973
bcBKXU	1707
bcEULU	1350
bcCXRH	1325
bcAHRC	1399
bcGQOC	1220
bcHLCE	1152
bcFFCS	1017
bcBUHQ	916
bcCLXZ	787
bcHPTK	651
bcHVZW	613
bcGXSN	559
bcEBOV	505
bcAWIH	479
bcEACX	448
bcAUAA	306
bcHICJ	270
bcCTXM	387
bcIGOP	303
bcBVGW	298
bcAMHI	290
bcDWZV	210
bcEEKY	258
bcDZSF	254
bcEIQT	204
bcDCDC	200
bcFXSB	214
bcAGCG	222
bcDUUH	166
bcFTLQ	210
bcBWZE	132
bcFKYZ	202
bcBTEY	156
bcGBJX	187
bcDADD	183
bcEGFF	131
bcFXVJ	10
bcDGUY	215
bcGSSN	135
bcBJRW	152
bcCKGB	97
bcFCJZ	137
bcDRLR	147
bcDKFD	128
bcFXQY	142
bcEVMW	127
bcBFOB	146
bcEZZJ	157
bcCGMS	116
bcIAFK	119
bcAUTR	121
bcDFKH	116
bcIBJE	121
bcEMDH	142
bcEETG	84
bcAEFZ	71
bcBTME	120
bcGDRL	102
bcHLPV	122
bcCVAJ	121
bcCZYP	134
bcIIAW	121
bcBCLO	113
bcHNMI	102
bcAXBE	100
bcASDM	94
bcBIQU	115
bcECBJ	62
bcANGO	84
bcCUKB	109
bcBZSS	129
bcBHRZ	98
bcBVPN	92
bcBCXZ	101
bcCTKZ	111
bcHVVJ	75
bcFSSL	77
bcCRUL	100
bcDAFB	88
bcAIJB	66
bcCQET	120
bcDVMV	52
bcARJV	77
bcAGQO	76
bcBMJP	63
bcCOVB	110
bcCPKC	101
bcFWIE	123
bcEPUP	129
bcGUOD	49
bcBXYN	76
bcESHZ	71
bcAIVJ	100
bcAAMR	110
bcERKJ	89
bcFWSC	76
bcGARA	61
bcDAPM	87
bcAVTY	100
bcAFGC	89
bcCPLK	79
bcATHG	2747
bcEONJ	2250
bcEKAZ	1934
bcHMNC	1652
bcBBBK	1560
bcBEPK	1406
bcFEXS	1531
bcGVCO	1085
bcHIOP	1133
bcCMJA	1193
bcFUDC	1077
bcFOUK	1000
bcDJNG	709
bcCWYZ	602
bcCGKU	545
bcIIHB	601
bcBIBM	310
bcBIXV	375
bcBAQB	380
bcFMIO	378
bcCPKA	254
bcHSJK	224
bcGAYB	225
bcEKOD	356
bcCMCW	286
bcDBLM	262
bcGLKC	194
bcDURZ	251
bcBYPC	192
bcDHZR	184
bcFJPL	194
bcCQNG	252
bcGAAE	200
bcHWJL	147
bcDKKP	183
bcBISO	193
bcBWPU	153
bcAECJ	160
bcHDFC	180
bcGDFN	202
bcDDJT	145
bcBZSM	172
bcBWCN	188
bcHCDP	155
bcGPEN	112
bcGQRG	154
bcHQZE	127
bcFCNO	141
bcHVVB	133
bcHOQV	149
bcBTIE	139
bcABEI	169
bcFABN	155
bcDFLM	143
bcAGHY	127
bcAVCC	128
bcCRAH	143
bcBQFI	115
bcGGWR	111
bcHNQW	117
bcACJE	149
bcBDRR	157
bcHAUK	74
bcFYSS	117
bcHGVB	121
bcCGLF	107
bcBVPU	84
bcAFXJ	110
bcHRBT	52
bcGRQM	130
bcFONE	116
bcCHWF	110
bcFPIN	82
bcGGRQ	89
bcEUZX	107
bcDGXA	114
bcGGHT	80
bcCFUV	95
bcAQYJ	97
bcDARV	103
bcAXJT	102
bcGHZK	108
bcFEAO	71
bcGRFM	71
bcFZDA	81
bcCCSA	80
bcEBKR	81
bcESYY	86
bcDFJI	76
bcCNKE	90
bcHWBO	75
bcAVMF	73
bcAAYO	37
bcAWSB	102
bcDOTF	62
bcHGNR	115
bcEUWC	78
bcFIIK	89
bcFAVG	71
bcFQOY	84
bcERJH	82
bcIAKI	91
bcFKFO	63
bcGHEH	76
bcBSWC	2822
bcIICE	2086
bcFVJJ	1799
bcFJZJ	1771
bcAQLV	1581
bcGEZA	1263
bcAVCN	1831
bcCGHU	1215
bcCCMH	1114
bcGWSP	884
bcAUIY	855
bcETGF	756
bcBHNY	613
bcBTEU	554
bcGWUF	476
bcGJRD	347
bcCFWZ	434
bcGJAR	296
bcGRWL	392
bcHBFR	382
bcHVEF	256
bcDNNT	346
bcIEVA	280
bcDMHD	264
bcCGJG	233
bcDRUJ	325
bcGKKX	298
bcDUZF	168
bcFSDO	178
bcGHFF	192
bcCCWA	228
bcDTCB	191
bcIAKV	227
bcAQNT	195
bcHRTS	123
bcHWID	107
bcEHRC	130
bcDWGK	109
bcBCAI	216
bcDUCM	112
bcBOKQ	202
bcAQSW	110
bcFQLX	171
bcAFYV	132
bcGBTY	148
bcEYKN	149
bcBVCJ	154
bcDPVE	76
bcEABW	119
bcETGB	159
bcCAXS	142
bcBWVA	74
bcBKCX	94
bcHMVS	126
bcIBPT	90
bcEUHL	119
bcHMAB	119
bcDGSK	156
bcDWGE	52
bcBUIT	131
bcFEBL	115
bcBMYX	121
bcFGHX	160
bcIHUQ	97
bcCSBN	88
bcCMJK	137
bcAFCJ	131
bcGAQW	90
bcAPGM	123
bcBZHE	102
bcBOGC	106
bcDOKD	111
bcHCDF	132
bcGTEE	81
bcHXWZ	37
bcGGVY	76
bcBOPY	110
bcGUQK	84
bcBXRJ	102
bcCGWV	82
bcBACJ	95
bcIFHA	46
bcDYDL	85
bcDJTB	47
bcBZJF	90
bcADQE	90
bcGJGH	108
bcAZNV	102
bcBIKJ	90
bcFQOZ	91
bcFCHR	90
bcGVLX	86
bcHUGM	76
bcDPMT	52
bcIIZQ	62
bcAJWA	83
bcDTEQ	99
bcCLPS	80
bcBKKK	92
bcBCFI	88
bcAMHJ	79
bcFROC	71
bcGKDC	78
bcBWNY	31
bcHWYI	2569
bcBELT	1916
bcEKDZ	1814
bcCWRT	1570
bcFNPC	1456
bcFEQE	1365
bcBCDG	1428
bcFOSJ	1116
bcFIRS	1134
bcEWOY	965
bcGTQG	969
bcHGAL	667
bcDYDZ	894
bcCLAC	460
bcEYIK	508
bcBEZE	479
bcEQDC	345
bcCBHQ	415
bcAEXZ	307
bcGESQ	312
bcAXGL	276
bcDGIN	328
bcALRS	282
bcFHOG	257
bcHQCM	56
bcBHUI	194
bcHVHC	245
bcECOG	284
bcFVMP	184
bcCNUB	198
bcCEAW	231
bcBLVV	230
bcBFCH	201
bcEZWQ	174
bcEURC	143
bcBTGC	125
bcBLXQ	144
bcEGIL	179
bcCAPP	198
bcEFCK	189
bcHGOJ	160
bcCEQR	160
bcCDJC	130
bcGALQ	128
bcIIUI	101
bcCHWB	164
bcFCXL	114
bcCUDB	118
bcFXDY	187
bcAZEF	181
bcDFFE	111
bcFGKA	130
bcBJHK	170
bcCGXK	128
bcCTRP	178
bcGLKN	107
bcFFPQ	104
bcABDW	173
bcDWSO	63
bcGLCW	104
bcEMYD	138
bcFYTG	122
bcENDG	109
bcFQPT	88
bcCTIT	123
bcAWLV	73
bcCBDA	101
bcAMDK	125
bcHUNI	115
bcHIWM	97
bcFXPI	92
bcDGTW	125
bcGQXH	88
bcDEXF	86
bcBAVG	137
bcAOMS	100
bcHQBQ	99
bcGLKL	83
bcCOUA	93
bcGLNC	66
bcEROP	80
bcDATO	104
bcBCKN	100
bcCAIW	95
bcHAFJ	97
bcBTLL	66
bcCGYW	79
bcDEUO	96
bcAVFU	86
bcEOLF	100
bcHHTN	83
bcFZFH	78
bcATSM	80
bcFVPF	76
bcABXM	114
bcHUOU	90
bcETYD	69
bcDJEO	61
bcHSWU	73
bcBHZW	84
bcFNRW	72
bcHREN	74
bcHBPW	87
bcDXRT	94
bcBEFI	2512
bcCUHR	2122
bcEADU	2281
bcBSYI	1688
bcBIXI	1496
bcGFTJ	1368
bcBPDU	1299
bcDOIW	1140
bcHTHX	1110
bcAPSA	896
bcHKQE	856
bcGFSQ	747
bcGBCA	692
bcFGVV	782
bcCFRB	625
bcFCXJ	563
bcCCAK	520
bcBPDF	318
bcCRWJ	441
bcEGPC	375
bcHIAE	298
bcCXHP	245
bcIFTN	251
bcDTMC	328
bcBKYG	229
bcCGRH	171
bcAEFX	184
bcAIHH	258
bcCNZQ	214
bcHJEE	194
bcHGNM	153
bcGWUG	155
bcFZZB	218
bcBUYF	186
bcAPQY	181
bcAPCL	172
bcDVDR	176
bcEHFU	192
bcDWKV	139
bcDQWL	114
bcDERI	198
bcAGPR	168
bcCUKD	119
bcAFIM	107
bcDBVF	158
bcEUMA	128
bcBYQT	139
bcAOEJ	145
bcCNCM	86
bcCMJM	173
bcHAYP	175
bcHBFH	133
bcESDV	110
bcCAQT	123
bcCRVG	124
bcFBOW	132
bcAXMH	136
bcBVSM	100
bcBKFF	111
bcAHHN	144
bcAVQU	127
bcHTLO	114
bcEJII	118
bcCHXY	107
bcDQUS	142
bcHWZV	91
bcFNSD	129
bcCNFF	93
bcDFZO	137
bcBZKY	88
bcHTDQ	95
bcELGL	56
bcBWGN	105
bcHCMC	104
bcGNXT	120
bcCEQE	97
bcHRQS	62
bcBOCO	102
bcEPWS	39
bcETWI	80
bcFDGK	98
bcEAZI	101
bcAQBF	73
bcFLBR	101
bcAGYO	105
bcAXMG	55
bcAIPN	117
bcHPIW	109
bcAUOL	101
bcFZMH	63
bcICOC	80
bcFTRG	77
bcIBOR	79
bcCFJE	76
bcCBFH	91
bcBZDB	70
bcGFZE	93
bcCYQG	95
bcCCYM	83
bcAWBZ	64
bcABFI	91
bcIGYC	87
bcDMKE	95
bcFZHL	75
bcFXID	2871
bcGWKC	1939
bcDDKA	1783
bcIBBI	1389
bcEBGS	1804
bcFUEU	1608
bcHTCE	1056
bcBPTO	1121
bcAFRW	981
bcBIDE	1121
bcCKAP	852
bcGODZ	879
bcCCCX	641
bcDHFN	762
bcENRP	579
bcDNLW	641
bcGUNL	491
bcAKQB	393
bcEVKB	280
bcENPW	352
bcCWFP	216
bcFJXN	316
bcAEDV	214
bcHXTF	234
bcEUTD	263
bcEJLW	237
bcHQUE	204
bcDLBB	253
bcAFOZ	224
bcEUWX	193
bcEDIZ	221
bcIIHE	165
bcFISI	207
bcEAQA	196
bcDREV	204
bcAVLH	240
bcANPH	199
bcGXNM	121
bcARAF	171
bcAQJP	133
bcGESF	170
bcBVRS	139
bcCHTW	164
bcEUZW	142
bcBENI	134
bcGXWW	112
bcGYYC	122
bcAJFU	150
bcGUQO	171
bcABKE	77
bcBCLL	114
bcCWFT	105
bcFJTS	146
bcDDAS	120
bcAQRM	107
bcDRMU	141
bcFMGG	133
bcCBVQ	105
bcDFJK	62
bcBASU	124
bcBCOV	110
bcCRFF	120
bcDORV	129
bcGBAB	108
bcEDDN	147
bcHLAY	121
bcBYYJ	95
bcAKOX	245
bcHWST	69
bcIHBZ	89
bcBTHW	105
bcDXXA	127
bcGFLA	89
bcATXF	105
bcHVYL	75
bcHMFN	118
bcANKY	94
bcAQTI	81
bcAOAP	84
bcBDVJ	109
bcBPAK	110
bcHEVM	100
bcCHJT	62
bcEPGJ	108
bcHIEH	84
bcHRVH	75
bcDIQW	101
bcAYWI	93
bcCQZJ	96
bcFRKM	82
bcBNSY	93
bcEISW	45
bcASNC	94
bcIEWJ	97
bcCVCQ	70
bcIBYT	82
bcCKEE	55
bcFPVC	97
bcCNTH	59
bcGVDG	69
bcDXAG	64
bcHWZQ	90
bcEDST	89
bcHHHZ	94
bcGAMI	2677
bcCVHO	1790
bcCBGP	1582
bcBNET	1632
bcIFXC	1314
bcDOEC	1340
bcAPLT	1223
bcEMGF	1215
bcCJQA	1235
bcCSYN	1017
bcBANS	1004
bcCXMX	631
bcAOQK	620
bcBJCT	618
bcHXYV	509
bcCIOD	572
bcGWJZ	494
bcEQYW	406
bcFABF	306
bcCQXU	361
bcCLJB	275
bcCIGR	247
bcEBLO	298
bcCFDG	257
bcAUBT	299
bcBKOR	270
bcAZMV	238
bcEJOL	219
bcGTHI	290
bcDBVR	228
bcAGAY	177
bcDMWW	247
bcATOA	171
bcBZIL	173
bcDSIB	150
bcIBDV	181
bcBOTG	154
bcAWID	127
bcGWUM	129
bcAVBT	176
bcCRBZ	179
bcEKYE	189
bcBEAX	144
bcCCDD	139
bcAGPW	157
bcCGAD	137
bcALBO	111
bcBAQP	147
bcFXSY	131
bcGCSD	142
bcDTUU	158
bcGEWO	113
bcHXSK	166
bcEBGX	157
bcDATE	170
bcEYUL	84
bcBHVB	113
bcFHCO	82
bcDWJV	94
bcFKTI	100
bcEYUW	117
bcCKML	101
bcCHRC	138
bcCOSV	93
bcHBQH	96
bcAOTL	126
bcGTBG	123
bcFSKM	120
bcAEWA	115
bcDDNZ	100
bcGJCD	128
bcGWSE	78
bcAEIM	117
bcAWFW	97
bcDUVY	98
bcBRPC	83
bcDSRG	110
bcAVMR	125
bcCNWE	85
bcCXVM	108
bcENSN	120
bcFGZS	108
bcHPLX	75
bcFUHC	72
bcIHQK	89
bcIAJR	97
bcDWUO	63
bcEMNS	109
bcARCT	56
bcGBGK	93
bcAVJR	83
bcFJAR	109
bcFIYF	100
bcFKAE	56
bcGSJI	62
bcFIWQ	78
bcFVZL	32
bcBOEO	71
bcFXBP	94
bcFXWI	88
bcHSGW	74
bcGROK	94
bcCYOO	92
bcENIZ	80
bcBAVH	2704
bcCCLD	1887
bcIALO	1599
bcEKLK	1574
bcGBIG	1413
bcHXSO	1462
bcGMNB	1154
bcHJAU	1278
bcFAVW	1076
bcHBGA	887
bcFSVE	857
bcBULV	724
bcFQSF	577
bcEFPE	556
bcGMBR	550
bcHWMR	480
bcGTMK	393
bcCTOR	468
bcEXBH	416
bcCKUH	268
bcIIQI	199
bcHYAJ	82
bcDWWU	279
bcBXRO	65
bcDQNI	72
bcFSCL	142
bcHNVP	234
bcDDIX	199
bcCGER	173
bcFEKI	261
bcCYNH	216
bcDUYD	193
bcDIUB	44
bcAZKT	165
bcDNVG	223
bcICLQ	182
bcGQSU	128
bcHWED	114
bcAFML	162
bcEBMQ	165
bcDWER	168
bcAOOU	160
bcGLMP	160
bcAQNJ	140
bcGOFA	189
bcGESP	124
bcBHNX	93
bcAHWZ	128
bcHTJF	133
bcCCDW	143
bcEYUF	132
bcEOTU	170
bcCIXS	122
bcEQUH	101
bcARLV	139
bcAORV	138
bcCPYN	103
bcHLBR	122
bcIEUT	134
bcEYKH	107
bcAVJG	144
bcCJPM	116
bcDKRF	143
bcFLUL	101
bcEYKD	68
bcENDN	94
bcGSBM	107
bcFCTR	119
bcAFKC	119
bcDSGE	69
bcAFXT	92
bcDSQG	139
bcAGID	90
bcHVVG	106
bcAJHU	96
bcHXAV	106
bcFYPB	114
bcCCVY	102
bcBEBJ	81
bcEELX	90
bcCAEI	104
bcFDQW	93
bcICII	93
bcHBUF	83
bcFBID	118
bcHWRA	73
bcAHRY	90
bcDMMX	110
bcHAVD	103
bcGFFP	76
bcGERD	86
bcBSNT	71
bcGKTF	77
bcCDPM	96
bcDBJC	61
bcCWWN	71
bcAHMD	72
bcAMWN	58
bcFKBI	83
bcDBND	79
bcGYHX	81
bcDUSW	73
bcEQOJ	79
bcHRQF	3029
bcFQZT	2048
bcECGZ	1753
bcFMNC	1581
bcHAYF	1507
bcENLN	1391
bcBBIW	1353
bcIAVQ	1369
bcFWOI	1313
bcFSXW	1196
bcASRV	738
bcFBEQ	992
bcDDKR	659
bcBGKB	590
bcHIYV	479
bcCPXD	304
bcBVLF	380
bcBZFO	404
bcEXGM	466
bcFZBJ	323
bcDVQU	218
bcEYSK	229
bcHDHM	310
bcETIJ	231
bcDDQE	194
bcCVVJ	227
bcALDK	239
bcCKLB	180
bcAXFC	209
bcHMHG	215
bcGXQI	172
bcDTRD	144
bcHDMR	252
bcCNTO	153
bcDTJV	178
bcFMKW	122
bcFLCZ	223
bcIIMQ	112
bcEPKS	200
bcCNHV	172
bcBEDT	161
bcDAPD	103
bcEXRZ	151
bcHNYL	174
bcEGWJ	211
bcHHFH	136
bcAGGX	157
bcGGGK	146
bcEGTG	151
bcHCID	85
bcGERL	108
bcFHGW	128
bcERGW	118
bcEWWK	99
bcDCAF	105
bcGOSM	99
bcESJU	119
bcHCDU	119
bcEASN	132
bcCVXC	85
bcEBBB	157
bcCPEE	129
bcACCK	88
bcGJAT	111
bcGULA	114
bcFGHV	128
bcATLY	99
bcCJWH	91
bcATSK	83
bcIBRM	87
bcAONA	122
bcARHD	108
bcFGVP	120
bcFXBE	101
bcIFOB	125
bcGPST	80
bcDPMH	98
bcGEPX	120
bcBRKW	97
bcAKBM	91
bcHMUQ	84
bcHTMD	86
bcAHSO	82
bcDNBP	102
bcCRFB	107
bcFPNZ	103
bcHWWZ	72
bcAJPM	92
bcDUYO	73
bcIIAK	82
bcEEZD	99
bcCGTQ	70
bcEUZD	75
bcEYWP	73
bcIGJO	84
bcEGFK	85
bcEAQV	84
bcBEVF	116
bcFEWI	72
bcBJAN	72
bcDMUE	92
bcBLOQ	70
bcBLDN	61
bcGCIN	3113
bcDESA	2236
bcDGSZ	2082
bcFEHS	1820
bcDVIK	1312
bcADTO	1441
bcCIXA	1389
bcDSZO	1203
bcBDVG	1176
bcEXWZ	941
bcCGWT	794
bcHGZF	720
bcDHIA	649
bcEFCM	642
bcFYQC	519
bcCRXX	494
bcCZJC	437
bcHFSN	474
bcEBWG	309
bcEQUQ	319
bcBTJT	245
bcAWPO	324
bcGKBI	316
bcHXQM	293
bcELHV	323
bcCVPT	155
bcCMKH	337
bcBECM	271
bcIERG	212
bcCJYL	163
bcBLBQ	178
bcHTFJ	215
bcFEPF	245
bcGBAA	205
bcALPE	73
bcGJHI	189
bcGCYN	179
bcBXAL	156
bcFBVD	158
bcATCB	103
bcGFQQ	153
bcEQRB	157
bcICHJ	167
bcCPMH	150
bcHAQL	126
bcDVVD	134
bcIJZR	127
bcEBJJ	149
bcDNBN	154
bcALVJ	107
bcHOUP	110
bcAXSJ	69
bcAWAD	182
bcCCJF	138
bcFJIK	119
bcICED	144
bcGGMN	101
bcFNYI	99
bcEYNM	113
bcDUSE	126
bcBDTB	117
bcBONU	127
bcGHOG	131
bcCOLN	99
bcEFGF	100
bcBOWA	130
bcGWOU	102
bcAUBK	125
bcCQMJ	150
bcERUX	101
bcCRYI	100
bcHHAU	130
bcADBJ	111
bcDKQS	116
bcEEFT	96
bcDMZS	116
bcBEWM	116
bcDKHI	92
bcBONV	124
bcFYXF	110
bcDZTY	122
bcCNSZ	74
bcFWSM	102
bcGAQK	71
bcCSQK	75
bcGBEN	90
bcCGFL	60
bcCXYB	99
bcIEJU	99
bcARBA	92
bcIIGI	78
bcEZXB	108
bcAMQH	84
bcGOFD	89
bcEZUR	100
bcAJQV	91
bcCIAK	78
bcGUMU	100
bcADPX	85
bcEISQ	75
bcEATF	77
bcARIF	97
bcIGWY	68
bcBSYB	2647
bcGCSP	2202
bcGWVX	1926
bcATGJ	1227
bcCRFL	1527
bcCTHV	1348
bcDPMW	1221
bcBWYV	1070
bcEEOS	1018
bcAPIW	807
bcGXVS	719
bcBUZJ	659
bcCVCE	466
bcBCYU	464
bcDTWJ	525
bcARTO	479
bcFQXS	314
bcFKFQ	379
bcHIHB	435
bcDWME	287
bcDYHG	361
bcCQCC	294
bcBWFH	261
bcHUUA	294
bcDYTB	304
bcHASP	253
bcHLFV	263
bcCGIJ	214
bcBDEJ	92
bcDSEI	226
bcHBGV	203
bcCWHL	163
bcFMDW	198
bcFRXD	167
bcGACR	135
bcBQHX	49
bcFMBD	171
bcCXAT	139
bcDQSD	168
bcEYRM	83
bcAMVM	127
bcBYXW	188
bcDAYK	95
bcGVHB	125
bcFTRX	122
bcCOQZ	124
bcAPSX	148
bcAHSF	173
bcIHDF	100
bcFUFI	181
bcHMRA	84
bcCDOC	137
bcFNTJ	113
bcFNVQ	152
bcFDFM	141
bcEQLS	115
bcCATO	81
bcCYOR	124
bcHGXB	102
bcDQOA	107
bcAHFO	84
bcFBBW	120
bcIFWF	74
bcFMEA	107
bcAFQB	133
bcFSWC	112
bcGEHJ	103
bcBMGW	95
bcFTWZ	107
bcCGKX	100
bcIJKM	86
bcGZUF	112
bcEJUE	99
bcAIGC	112
bcGFDX	84
bcBNLQ	70
bcGHOU	95
bcGAHT	95
bcHKWX	99
bcHTFH	90
bcBKEF	65
bcFFTA	93
bcEAZA	92
bcAWQB	116
bcAVLP	84
bcHTPD	102
bcAUAD	99
bcDCAE	100
bcCMKF	90
bcHOSF	92
bcAKDG	81
bcDUYP	75
bcHJLY	103
bcDIWN	101
bcGSSA	89
bcCJZY	79
bcIDRC	86
bcDVRC	44
bcFKZG	105
bcHNKU	86
bcBZGE	76
bcGDJY	100
bcESQP	69
bcFCVX	2831
bcGTNR	2553
bcFZTN	2080
bcHMBW	1713
bcGYWD	1071
bcAVFD	1456
bcCFFI	1309
bcDHVK	1335
bcECVM	1084
bcDOPV	847
bcFNNQ	993
bcAHDP	846
bcGGQD	500
bcFIJL	586
bcDPAO	649
bcGIIC	441
bcASAJ	463
bcDNPV	126
bcHDYC	380
bcCKFY	245
bcCNEC	382
bcDRHA	284
bcARTC	277
bcHUFP	242
bcDYOW	246
bcCEYS	262
bcBOEA	208
bcHJIT	204
bcGGED	168
bcENJZ	176
bcESOB	212
bcHMOB	156
bcCJAZ	169
bcGVNL	95
bcACLF	211
bcEBQG	203
bcEMIH	193
bcCSUX	203
bcGBBF	176
bcGJAM	172
bcHDOD	148
bcANEA	152
bcGELO	106
bcAAXE	148
bcHVBF	43
bcCIJK	149
bcGIBP	151
bcAMLP	128
bcEZWT	131
bcHYYE	161
bcDEFQ	134
bcAUWE	137
bcGRSX	159
bcDTJW	120
bcBZMN	80
bcHMSV	115
bcGJYV	82
bcCWSP	91
bcBNQR	151
bcDNUY	91
bcCSIW	90
bcIJVW	103
bcFJIE	109
bcEIFD	84
bcBBAG	125
bcBMCY	109
bcHEOO	78
bcDSJC	130
bcIJZE	104
bcHASO	109
bcEEBX	103
bcDZIV	101
bcEMCX	116
bcAWYB	116
bcHSKC	90
bcBQHP	77
bcHRVQ	88
bcHAZZ	114
bcAUQM	108
bcAXAN	106
bcCALH	69
bcEUVP	64
bcDMLE	97
bcFWBT	74
bcGOIW	112
bcFWFO	60
bcARNB	85
bcGUHT	104
bcHADO	83
bcAZVT	93
bcFXIN	93
bcCJAM	92
bcDWNV	56
bcDRXZ	95
bcBLCV	78
bcDWSK	73
bcEMHH	85
bcCQOU	113
bcHKXJ	85
bcGAKH	61
bcDYVN	110
bcHANW	66
bcHPPB	78
bcHKJQ	2724
bcCVMV	1998
bcFXKY	1758
bcEHNT	1423
bcAGBD	1547
bcBMDG	1244
bcBZHQ	1212
bcHQDX	1208
bcCQBG	950
bcBWWF	845
bcCLZM	776
bcHLOA	752
bcFHUN	718
bcEVWR	668
bcHZPB	80
bcDKRE	405
bcHFLK	451
bcCIVH	321
bcCLNI	329
bcEKXK	367
bcBOVE	367
bcHWPN	218
bcHNVK	313
bcFTTP	148
bcERAU	203
bcDMZK	121
bcIDJD	202
bcFPIP	210
bcGZDS	158
bcFGXX	211
bcEYYJ	156
bcFBJO	186
bcFRJV	86
bcFCUK	179
bcHJPX	157
bcCBTM	181
bcEKLA	165
bcBMTN	145
bcEVBV	166
bcALVD	137
bcGDVT	140
bcBJMO	118
bcAQWW	121
bcACGN	155
bcIGYN	158
bcGVEU	119
bcAEPO	141
bcFPKU	126
bcCBQA	125
bcBYUX	143
bcHCJZ	126
bcCJVM	138
bcENWT	135
bcDOPI	128
bcCTNJ	140
bcGWNC	113
bcGQCN	104
bcCJWT	51
bcHEBN	97
bcAZAN	88
bcCPKH	142
bcGXWX	93
bcEXHN	127
bcEJLG	89
bcCMOO	122
bcENOF	74
bcFJSX	87
bcFTFZ	118
bcDUHF	128
bcDAQY	121
bcFLOL	71
bcFTOC	115
bcCSVF	99
bcEEEY	98
bcIFZL	79
bcCTUD	127
bcGZUV	109
bcAKWB	85
bcECQH	106
bcHRWF	93
bcGIWG	103
bcDVAC	79
bcBKWI	87
bcDOHP	54
bcHNPS	89
bcBEIL	97
bcHAFA	72
bcFBYL	85
bcFGJX	84
bcEALK	87
bcACXW	100
bcFJNF	80
bcGKIF	100
bcBRLW	88
bcEKWA	107
bcIJSF	110
bcEXET	59
bcANTS	88
bcFLPG	74
bcGRWK	59
bcABTA	99
bcIBCH	68
bcDDLL	89
bcFKJR	2435
bcEKLB	2316
bcALFD	1838
bcGJYE	1439
bcABFQ	1606
bcHRIU	1308
bcCPIO	1380
bcHIFW	1088
bcEGCS	833
bcFTGR	1010
bcDUDM	1022
bcFLAF	973
bcADDQ	797
bcDGHB	817
bcAGMQ	597
bcGDFA	459
bcDCEV	451
bcGTNU	465
bcHWVE	276
bcAGBS	266
bcAZJA	121
bcBYSX	225
bcFYYA	301
bcBEOI	207
bcBZPE	224
bcBLBT	225
bcEMHR	284
bcAEDS	193
bcEJSI	212
bcAVAA	201
bcFBMG	190
bcDJKZ	208
bcHPVU	184
bcAPRP	176
bcFGUQ	201
bcHHKV	179
bcEYVC	163
bcGLOE	150
bcICFH	178
bcIFPA	156
bcAFYM	130
bcBMLR	151
bcGEGE	175
bcGCRE	156
bcIFTQ	115
bcEJIH	113
bcBLZB	104
bcIJAX	132
bcCEUI	147
bcBVHF	143
bcECQB	148
bcHVPO	108
bcDMRV	167
bcBCGD	124
bcBPRM	153
bcGOAU	68
bcGJXP	153
bcAVJC	135
bcEVPE	147
bcFOSK	131
bcDCNH	127
bcABVV	121
bcGEKH	142
bcFELZ	127
bcBWKQ	91
bcFLUX	110
bcDCGY	128
bcEYFC	102
bcGXXQ	93
bcETWM	139
bcIAJI	92
bcFZTV	76
bcCZUH	81
bcECWI	109
bcBXXY	98
bcCHUH	101
bcCWEZ	74
bcBYNG	93
bcFKOE	103
bcAZEI	103
bcBDDG	122
bcGFUC	62
bcDTNM	104
bcHCLI	69
bcHDPV	98
bcARIU	111
bcCBZH	88
bcDVXZ	51
bcBUFS	51
bcAQOP	88
bcFGQB	88
bcGMMN	98
bcDKWB	57
bcAPLR	67
bcGGNV	85
bcCACK	116
bcFMUF	86
bcHMUX	77
bcGRCQ	67
bcCBUS	112
bcGXZU	68
bcDCZF	78
bcAZDD	58
bcIGQA	2691
bcCLKT	1953
bcEKAV	1574
bcHFWZ	1923
bcBRPB	1481
bcAHYS	1195
bcEZJU	1295
bcHOXL	1130
bcGRVX	1146
bcHDLP	849
bcHOTD	707
bcCPHI	789
bcCEGT	548
bcCPZQ	515
bcGXWJ	497
bcGUJK	506
bcHLQO	467
bcCVNG	396
bcABBT	378
bcFVIS	261
bcAKFE	281
bcHSAT	290
bcADXL	307
bcGDRH	260
bcGHPG	179
bcFYVR	219
bcHKZN	212
bcCZTS	209
bcAVYI	203
bcGWCV	201
bcBAYY	214
bcIEJW	146
bcBHOK	189
bcDMVW	227
bcAXQM	212
bcANWV	201
bcBCSD	89
bcCTLD	153
bcIEYF	162
bcIFCE	161
bcGAWY	166
bcGFCH	161
bcANJF	153
bcCSMM	164
bcDZUY	187
bcHGVW	144
bcIEQK	142
bcBQIZ	89
bcDTRV	175
bcGTLR	89
bcGUFE	161
bcEBFR	154
bcBXWZ	104
bcGPYD	103
bcFRCA	133
bcFENI	122
bcBZDQ	85
bcBKHO	120
bcEJUN	118
bcEGFQ	118
bcDYFV	145
bcGQCF	148
bcCMYL	69
bcGFCO	91
bcIKAX	126
bcBBSX	50
bcFVKR	95
bcFBHK	132
bcBESH	118
bcEVYP	139
bcHBWC	106
bcIISS	87
bcEUCF	55
bcFCEM	114
bcICDZ	94
bcFIQN	113
bcGLED	89
bcATEC	74
bcAGOK	104
bcGVAX	87
bcFEPK	102
bcERRA	97
bcDKRV	103
bcELZY	122
bcICLV	102
bcCFKG	101
bcBVNY	78
bcGLCA	88
bcHLTH	74
bcDQBU	66
bcECOQ	122
bcHDEW	100
bcDENI	109
bcASPF	80
bcAFHC	53
bcCXGI	54
bcDYBR	97
bcDNMD	103
bcFWRA	88
bcCNNU	77
bcHFZC	93
bcFTKS	62
bcAAHV	95
bcHWCB	2168
bcAZUB	2314
bcIHHV	2029
bcAFGU	1615
bcEXZS	1596
bcEKEO	1764
bcALOH	1275
bcFPCI	1129
bcFDYN	1414
bcALTE	906
bcALYU	754
bcEVWJ	848
bcHBGW	673
bcHDNJ	509
bcFGPG	568
bcBJPA	358
bcDHGQ	430
bcAKSM	437
bcBCGR	367
bcFOAA	365
bcDOCI	363
bcBCAG	319
bcEDLS	276
bcGVND	244
bcATKQ	258
bcIJBF	198
bcIBBQ	176
bcDLIV	148
bcBVWE	199
bcCLPJ	240
bcGQUB	152
bcFJBU	190
bcCWTF	168
bcBMBJ	159
bcDSIW	162
bcEHDN	197
bcFMGB	159
bcERFH	143
bcIFGO	149
bcCIVC	178
bcEDMX	200
bcBXDF	137
bcBRCZ	144
bcBTVX	172
bcCSTI	143
bcDUPZ	180
bcCCVT	153
bcCRCS	140
bcDDJB	148
bcCUMR	155
bcCXSS	113
bcAVTS	127
bcDTZB	101
bcBLMS	94
bcCLJJ	127
bcCYDH	118
bcBHQB	131
bcHAME	114
bcGLIV	111
bcGJPW	96
bcEXVC	150
bcGLET	98
bcCXVP	122
bcFEJG	124
bcCNLB	85
bcFXFF	104
bcBTCQ	102
bcBLSD	112
bcCMEW	83
bcBVGR	109
bcEOUB	105
bcCSGF	98
bcHFNW	149
bcELGB	132
bcHTJI	85
bcEZAW	115
bcDGWJ	81
bcCWSJ	84
bcHGPZ	108
bcFRRZ	98
bcAKZF	92
bcHEDY	106
bcEZBE	101
bcBKRU	97
bcGIYS	105
bcDDSM	78
bcCOFQ	76
bcHUND	74
bcGHGZ	60
bcDRCR	77
bcFIZB	102
bcFEUJ	110
bcAWFO	85
bcAHNQ	89
bcFOLA	76
bcCXOU	109
bcHCDK	95
bcDBXQ	97
bcAJVX	83
bcFKVL	90
bcAWMP	89
bcCXFF	58
bcBOWP	94
bcDITL	2323
bcBOCX	2409
bcBAMS	1737
bcDJJQ	1482
bcGKXS	1343
bcCFJL	1180
bcAPLZ	1230
bcGGGB	861
bcFHKZ	977
bcHKJZ	871
bcEVFI	892
bcBUDK	933
bcAAQU	610
bcCSTT	551
bcEDUC	662
bcAIVV	349
bcCYLN	480
bcIIOQ	364
bcBOEL	400
bcGLVQ	343
bcBJDO	379
bcCALC	316
bcEBBF	296
bcDTCN	271
bcHHPJ	243
bcAVDW	306
bcEGLH	276
bcGMYH	172
bcCUFJ	250
bcFBIV	210
bcECNX	94
bcFBYJ	202
bcAJNG	108
bcHRTL	172
bcIHZX	201
bcGVDR	107
bcDGNO	172
bcAHLB	133
bcGKBB	144
bcCFIV	168
bcFOSM	89
bcBPVZ	166
bcBXYQ	171
bcDOIZ	167
bcGYRA	116
bcEYUX	127
bcEXVR	170
bcFXVO	134
bcBPSZ	135
bcARHL	172
bcCIAF	118
bcAFXN	144
bcEAKG	144
bcEHJI	133
bcHRML	143
bcCPNX	143
bcBNIV	122
bcBUEA	136
bcEQPH	122
bcEWPS	140
bcGTDL	131
bcEXFG	126
bcIFSY	99
bcEVHB	113
bcBMME	70
bcDONC	126
bcGUDE	125
bcCTAF	105
bcGKWK	74
bcCUSP	144
bcBSFJ	51
bcFPLA	131
bcIEZR	101
bcDIPF	103
bcGNGN	101
bcBADQ	118
bcEYWN	97
bcBWSI	87
bcHYWQ	90
bcCXGR	77
bcEYYN	58
bcBVSF	73
bcDCBX	122
bcDKLS	109
bcCFBK	80
bcGXRD	59
bcCSTX	90
bcGIAW	85
bcFRHI	94
bcBCAV	100
bcFJVN	95
bcAQTT	66
bcHDHW	93
bcCGVG	70
bcHYAH	77
bcEATO	92
bcCDTU	76
bcGYYS	66
bcAKJK	108
bcENVL	77
bcESNG	76
bcBZRM	74
bcEYTP	74
bcEUXT	2823
bcDCXI	2022
bcAIBV	1931
bcBLEW	1437
bcCAHT	1355
bcHKRO	1593
bcHYTM	1708
bcDXLW	1181
bcFMEI	1067
bcFSEQ	1099
bcGPIH	715
bcAUXY	783
bcFZTM	654
bcGTPN	695
bcHTWL	501
bcCVWC	482
bcFARG	544
bcAJPP	376
bcGNVC	310
bcHIAK	311
bcHWVO	255
bcCETG	310
bcFWWV	15
bcCCCI	302
bcFZDS	261
bcCBTW	237
bcAITC	266
bcFUOP	207
bcHEAF	224
bcHMFF	184
bcCJCK	211
bcFJRA	209
bcCUYB	196
bcGSWU	182
bcGBGW	142
bcAXQA	174
bcEHNZ	168
bcCTRN	139
bcFQWD	166
bcEFPB	184
bcAGKK	157
bcGKDV	158
bcHNQZ	154
bcHJRA	141
bcFVGI	129
bcECRA	174
bcIFVM	148
bcFYYF	112
bcFJOC	140
bcGPZL	159
bcFVMF	124
bcHQVI	103
bcFXPZ	116
bcCSHD	119
bcDVGU	91
bcCMVK	145
bcCVIS	103
bcASNN	129
bcHVFF	53
bcBKFI	117
bcHBXG	115
bcBRDL	85
bcARPR	104
bcHVNZ	107
bcBKGB	87
bcCLND	100
bcAWAC	99
bcGQZP	93
bcDJFP	116
bcHLNY	88
bcDEEK	130
bcCBFF	116
bcHHZY	41
bcAVIA	122
bcDLDX	115
bcACVL	114
bcEZXQ	117
bcDZQB	90
bcAPXK	90
bcFBNH	95
bcFKFZ	113
bcFJQU	60
bcIFWG	72
bcAISY	102
bcFERM	107
bcHGMF	112
bcGKYN	96
bcBETM	96
bcAQWZ	84
bcBBTF	93
bcEPHU	64
bcCFLN	100
bcEVBY	95
bcGLYA	94
bcDEEH	98
bcDRRX	73
bcHNQR	65
bcBREJ	65
bcIGJZ	92
bcFMMW	87
bcDDGD	86
bcICQT	62
bcBSEZ	81
bcHPNX	2510
bcDWQL	1954
bcHIPT	1790
bcIIVC	1244
bcAXFE	1384
bcBTLX	1313
bcHBJL	1255
bcFKCA	1104
bcFNFS	1042
bcCXEJ	951
bcCMNN	915
bcFDAY	712
bcBIML	687
bcHJNC	609
bcHBIH	561
bcBUFR	528
bcHKGB	406
bcFGDI	490
bcEYGZ	369
bcGLAQ	331
bcHPLW	349
bcHNVX	279
bcHFAY	233
bcFQUC	313
bcHBXI	234
bcANRQ	274
bcBPBQ	252
bcAVOI	195
bcANBQ	244
bcCOYL	188
bcBNQX	226
bcACKX	222
bcDFCD	122
bcEDWM	190
bcGXPJ	161
bcAFOQ	116
bcATTY	134
bcGVMW	132
bcHHBO	142
bcEWYK	125
bcCCSY	168
bcBCDL	146
bcBWUR	133
bcHRWD	119
bcCTBE	158
bcDMUG	115
bcFUHW	160
bcGGBW	122
bcCWIV	109
bcFURV	150
bcBYDO	102
bcDOTO	155
bcFVOC	101
bcCKLZ	98
bcAEXL	137
bcFKBG	85
bcHVWQ	109
bcHGPU	118
bcAFLJ	104
bcDYWR	128
bcAWXB	111
bcAHEM	128
bcGSTA	141
bcEIJU	94
bcCLNU	105
bcCJFB	104
bcICQU	91
bcHBKL	106
bcBHZX	108
bcAHUT	78
bcEDJB	99
bcEIEN	42
bcBORO	111
bcAMBU	90
bcGUKP	63
bcAVKH	103
bcAIHJ	122
bcFWRT	121
bcBUNW	103
bcFFOQ	106
bcGLJO	75
bcCKAR	91
bcFMOW	97
bcDEPW	95
bcICMP	94
bcGUJQ	100
bcANMJ	94
bcDVPZ	112
bcCLMW	86
bcGUIU	89
bcEHQS	95
bcCKNT	47
bcATOI	70
bcFJWS	71
bcBLPK	62
bcHOHY	85
bcHSGG	76
bcGUYQ	49
bcAEUJ	93
bcEGSH	102
bcCPSS	90
bcBPWG	96
bcIHBH	92
bcHZCN	2673
bcEFYU	2540
bcAHAY	1828
bcFGGO	1849
bcDHDE	1432
bcGNVE	1479
bcBHOV	1265
bcGJDM	1251
bcFYNQ	1281
bcASPI	919
bcCXTF	818
bcHRVA	665
bcEULM	508
bcIAEC	527
bcHQTP	573
bcDPUK	486
bcCLKI	456
bcFZJW	332
bcCZXZ	292
bcAMNS	408
bcHYJK	389
bcERRX	271
bcHQEJ	306
bcBLLO	158
bcHIUA	309
bcBPSS	212
bcCAPY	213
bcHCIZ	251
bcDUUM	223
bcHBXC	177
bcCZUN	199
bcCWDF	144
bcDMVZ	212
bcHTEG	196
bcHFFN	190
bcHTHE	189
bcBGVK	223
bcCIYB	158
bcDJYZ	188
bcHHUR	138
bcBICB	147
bcCWBM	113
bcBTDQ	114
bcBSIK	177
bcEADS	131
bcBWVU	138
bcCRTV	149
bcHDBD	146
bcAMAC	134
bcBRQT	132
bcBMIG	120
bcACKP	114
bcCWKS	107
bcDONN	157
bcAOUH	149
bcBWUN	88
bcCIHN	107
bcCLIB	94
bcHKGC	108
bcALRC	108
bcBNPQ	133
bcDDUU	139
bcCXLH	92
bcBTCO	120
bcECGV	109
bcBVBC	107
bcGYNP	66
bcCXKF	95
bcGEFH	184
bcAWRN	138
bcCILY	64
bcGVOS	73
bcFSAJ	71
bcEGEH	89
bcIAIT	88
bcGBUE	123
bcDOXY	80
bcAJNC	93
bcIGAD	78
bcBLWI	99
bcFKYK	101
bcHHVM	87
bcASUS	109
bcADHF	109
bcEORR	80
bcACHO	135
bcEHLW	104
bcAGHH	86
bcCTTE	108
bcGBYG	91
bcAFFH	94
bcBVGY	64
bcCCMZ	100
bcBTCA	86
bcESBN	77
bcADRH	91
bcAWKY	67
bcFNPY	75
bcGUXQ	46
bcATQI	71
bcHBII	85
bcBYZE	68
bcGTMZ	92
bcIJIW	2809
bcGGKG	1844
bcAVLV	1707
bcFSRT	1548
bcFIJH	1191
bcCYEF	1318
bcAKQS	1331
bcBJGZ	1084
bcHFZB	1078
bcGFJU	788
bcFTYE	786
bcDHKD	872
bcAYDG	471
bcDPAI	512
bcGBWB	450
bcICOP	359
bcCRJM	480
bcEOCH	580
bcAQNH	293
bcERGH	232
bcBUGD	309
bcAXDV	231
bcFPON	272
bcBVHI	224
bcFPNH	326
bcFOZP	275
bcADWF	303
bcCDGC	229
bcFNZO	221
bcEFFN	166
bcHTMO	160
bcGWOM	181
bcHKYM	129
bcGUHR	175
bcAHSE	64
bcCEQS	169
bcEHJJ	227
bcHXYT	150
bcAMJN	122
bcDAJI	151
bcFXXL	136
bcHLFZ	170
bcGKYJ	114
bcDFNG	183
bcFXST	170
bcECOF	184
bcEVDV	150
bcGYBF	71
bcFORK	132
bcFHZX	116
bcAVJN	166
bcIIHW	78
bcEUFB	140
bcBMPS	133
bcDELK	165
bcGZSP	77
bcBJZS	104
bcEWBM	121
bcFHIN	127
bcGMRB	58
bcCIBV	115
bcHNJN	71
bcIETM	125
bcCUZS	111
bcFIZZ	102
bcFHIV	113
bcAWIB	119
bcHMPS	91
bcARQD	123
bcFEGV	140
bcCBBL	46
bcDLWR	71
bcCTON	62
bcCFEP	103
bcCZWI	116
bcCRPP	72
bcCOMK	88
bcHVMH	80
bcDVKJ	93
bcHLYX	58
bcFAAC	120
bcFYSC	89
bcAEEB	80
bcBPYR	113
bcCCHN	72
bcEASW	121
bcAPEG	120
bcHPZJ	115
bcEQPB	105
bcEVMS	87
bcIHDE	75
bcBKDG	94
bcDJOC	103
bcGYJJ	77
bcCFMP	88
bcCMJW	104
bcEJZH	79
bcDYBG	102
bcELKV	69
bcDOTL	85
bcGKOG	70
bcIENO	74
bcECFH	68
bcFWTI	2748
bcEDDP	1726
bcDTAX	1714
bcIKCG	1573
bcCMEP	1585
bcERON	1369
bcFHQZ	1094
bcAUHV	1015
bcCDLL	1159
bcBXML	1133
bcGOSA	700
bcFFZX	667
bcGDCS	685
bcCNGE	738
bcGLGB	502
bcBECS	451
bcHLRE	401
bcADQX	462
bcIHHE	347
bcGTWT	395
bcHFTH	328
bcEUDX	226
bcDQTS	274
bcIFTG	222
bcCFHI	254
bcAXET	236
bcDCQY	249
bcDALK	243
bcAXLM	277
bcCWSV	237
bcFWPS	155
bcAGJZ	49
bcFWAJ	146
bcGBHJ	216
bcBUCJ	177
bcGJOE	135
bcGPMS	172
bcAIXB	175
bcHGRV	163
bcEWED	176
bcERRC	155
bcIFIQ	177
bcHQSG	141
bcFNLB	162
bcGLHO	129
bcIBJB	125
bcBXMC	140
bcDPRI	145
bcEUUM	132
bcGQTB	144
bcGTID	125
bcAYFD	42
bcGBDA	114
bcDBPU	141
bcBLGT	104
bcBOGA	113
bcESBV	116
bcDUNR	59
bcFMAG	157
bcFYTS	119
bcIIGQ	105
bcAMVW	126
bcDGEW	136
bcHJQJ	88
bcBPID	116
bcCJIO	91
bcARKI	134
bcHCWW	97
bcFLKV	143
bcERMX	103
bcBLVP	94
bcCBXX	80
bcBVSR	89
bcGTJR	115
bcGZDW	94
bcDBRL	115
bcCKCU	71
bcDAMN	60
bcDVXP	77
bcGETM	125
bcFRRJ	82
bcIIGB	75
bcDTGK	98
bcARWL	56
bcBUBX	98
bcAVEG	115
bcHVXH	85
bcDQGD	88
bcGUJX	76
bcAPUV	95
bcHKPZ	101
bcCZXS	105
bcFNCW	92
bcGQDY	104
bcAFRL	95
bcHWTA	68
bcAASH	76
bcCJAF	73
bcCPKJ	78
bcGFYJ	76
bcFCRQ	65
bcALDP	64
bcFODH	90
bcDGEK	3010
bcCIXN	2085
bcHFFP	1702
bcDYEJ	2135
bcHFPA	1552
bcBJNE	1370
bcEBAI	1340
bcBCXY	1032
bcGBJB	915
bcIHBB	771
bcFAZP	886
bcFCPG	854
bcHXVE	513
bcCDUF	544
bcEQYH	509
bcBBAB	474
bcIJSU	454
bcADFL	375
bcGIWT	295
bcHJZW	321
bcADIY	320
bcCBGE	312
bcBQFD	215
bcEGHV	264
bcFBQU	292
bcFPHG	223
bcFQKV	63
bcBTAY	208
bcFKSQ	201
bcHMKL	243
bcEDCA	177
bcCHPE	210
bcAEZL	190
bcCQTE	111
bcCARI	131
bcBMAB	147
bcEAKZ	201
bcFFRF	131
bcHTGI	169
bcDBKA	165
bcCVMW	134
bcDBPE	181
bcFHHH	149
bcEVGX	147
bcCLKZ	138
bcIBXW	137
bcDFSG	175
bcCMEU	149
bcBVBP	118
bcATNK	146
bcFJRN	102
bcHRAN	160
bcELEO	170
bcGULN	164
bcHDGY	129
bcHQYZ	109
bcIIFY	95
bcDCLZ	157
bcEEYK	99
bcGRDA	93
bcAUUY	112
bcCJAA	98
bcBXYG	112
bcDAJU	126
bcADCC	110
bcDAJP	127
bcIGIT	108
bcEYPB	107
bcALZO	120
bcFTMZ	110
bcIJQZ	105
bcDWJC	76
bcARQM	87
bcCUOV	107
bcANSU	83
bcIEUS	110
bcHNSO	92
bcBHTS	53
bcDUJZ	78
bcFKGF	107
bcHMHJ	97
bcAAFY	113
bcCVOI	90
bcBWMP	63
bcAREE	89
bcANRP	84
bcFSLC	111
bcDDNO	73
bcGCPG	68
bcBLEF	43
bcGKPR	92
bcAUTZ	76
bcCNKB	82
bcAFJC	87
bcBSLA	102
bcFPHX	63
bcAPSH	70
bcELWF	88
bcCIML	49
bcDLOZ	63
bcAODQ	67
bcIFPQ	71
bcBAJY	38
bcEDEX	2154
bcAQNQ	1775
bcGAMN	1707
bcASAV	1619
bcGNSB	1385
bcHKGR	1275
bcFUXN	1373
bcFPSI	1391
bcIBSV	1031
bcCGJW	935
bcDQBS	926
bcGKWV	683
bcBAXX	562
bcDAZZ	569
bcGBXT	479
bcDMLN	496
bcDLZE	453
bcCQMR	365
bcCNOJ	287
bcCHIL	292
bcFEVM	329
bcHWZE	201
bcGPBF	205
bcFFRX	288
bcCRYW	208
bcAEHM	262
bcGCEU	135
bcBJKV	258
bcEOMH	230
bcDVWV	232
bcAKKV	186
bcFILU	157
bcGYHV	169
bcAMHG	165
bcCKJK	133
bcIBNC	153
bcDIWT	139
bcCNQP	115
bcCAXU	145
bcBRQW	172
bcELOS	119
bcDNHO	140
bcDFJG	128
bcDMEF	131
bcGMUA	188
bcCLFX	133
bcIDMH	139
bcHESL	152
bcDAAE	136
bcEVWS	117
bcHELU	116
bcEWOU	145
bcEALZ	126
bcAPUC	116
bcCTET	132
bcCCLI	109
bcCGAG	118
bcDRNH	133
bcCNOE	88
bcGTAT	137
bcGRDR	109
bcFPZY	151
bcAUUP	116
bcBVQV	67
bcCHIK	104
bcCEKL	141
bcHJFD	95
bcDNFR	112
bcICHA	101
bcEYRJ	85
bcEQNI	133
bcEJBA	112
bcFUZZ	96
bcGGEA	72
bcHRBX	97
bcFWHZ	157
bcHBBE	91
bcGSTP	78
bcBIXJ	92
bcFPQO	123
bcCRVJ	101
bcDONR	119
bcEMEX	94
bcCLLT	97
bcCNDT	90
bcHZTB	50
bcAJUW	113
bcDIFF	70
bcBZMW	54
bcFFYI	119
bcGKDB	103
bcENEE	87
bcHNON	80
bcEYHQ	90
bcFKIE	62
bcCCCW	83
bcFGYS	104
bcFZAH	70
bcFRRD	86
bcELYS	92
bcHZHM	76
bcBUMQ	65
bcAMNA	62
bcEWDY	2988
bcCYII	2024
bcCVMP	1740
bcIIXG	1080
bcGGTW	1208
bcGFML	1097
bcAUFA	1119
bcDRGY	1167
bcEJAP	1134
bcCQBK	809
bcGGML	718
bcFNJR	695
bcGRFP	475
bcBGHX	638
bcHEMO	496
bcEQHH	334
bcHIHP	468
bcDTLO	323
bcCJDS	325
bcBUYO	263
bcABVQ	405
bcHGSZ	316
bcCQSC	329
bcDBGO	249
bcBXZA	243
bcCHTH	208
bcIEST	247
bcHMAU	250
bcDNCY	220
bcDOCO	147
bcEYPO	181
bcGUMR	193
bcGJEX	210
bcEYOZ	172
bcDAHW	183
bcHTLR	151
bcEALE	202
bcHDCS	181
bcAKRY	154
bcFXOS	152
bcAVQY	112
bcCOVH	147
bcCCMK	169
bcCZXU	196
bcGHBA	175
bcFYQH	156
bcFILA	138
bcCCMQ	145
bcGGEV	109
bcCWEQ	94
bcBRCD	142
bcFGWT	161
bcGKJA	129
bcAAXO	113
bcAGRI	101
bcFHGY	123
bcCRUC	97
bcEZEK	136
bcCVHM	106
bcFTUY	110
bcDOEB	105
bcDFBC	133
bcCVRA	75
bcBMOC	120
bcDUIY	149
bcAWXX	108
bcCCPA	135
bcBSMF	122
bcGLCT	74
bcEACG	95
bcCWPC	138
bcFGPQ	110
bcHIDW	116
bcAQSF	87
bcABMO	149
bcHAJJ	100
bcFQGV	116
bcBLXU	103
bcFCNZ	95
bcCABT	103
bcCCAR	104
bcGHQB	113
bcIFJH	94
bcAOJM	85
bcCWJE	69
bcHVOA	107
bcDEZW	107
bcHFTY	91
bcALSU	108
bcDSVG	76
bcGKGU	83
bcGUKA	92
bcFWMP	76
bcACOX	90
bcEMEV	114
bcGVKM	70
bcEHSW	50
bcHFOW	108
bcIHFE	88
bcAGBG	85
bcEYSD	75
bcDOSG	79
bcBQKR	55
bcCPNP	2729
bcHWOF	1582
bcEEBF	1647
bcAWHQ	1483
bcCWRS	1384
bcCDJV	1312
bcHYVL	1197
bcEYOP	962
bcCSKI	1174
bcCORT	882
bcCQIN	956
bcEAHK	1095
bcCRPR	653
bcGCAT	543
bcDVLY	636
bcIBND	389
bcCTZD	456
bcDNFX	444
bcCJGP	401
bcHZIE	252
bcCNKP	233
bcFHBH	268
bcHLIY	239
bcDCFM	300
bcBUUA	233
bcFNYH	155
bcCBIX	229
bcFSQS	237
bcGBSR	228
bcFQOT	210
bcATPK	204
bcEGLF	202
bcCUCX	225
bcCINZ	175
bcCVGC	145
bcIDWC	182
bcCAWP	55
bcDUWG	183
bcESCG	147
bcANCY	166
bcHCWQ	150
bcIBFG	141
bcEVKC	143
bcFJMD	139
bcAUMR	173
bcAZQH	158
bcDOHD	88
bcBHWM	137
bcAVFN	170
bcCJFL	135
bcFNTC	125
bcGCNK	140
bcBAZQ	147
bcBMVO	60
bcATQP	101
bcCWII	75
bcGVAZ	131
bcBWSV	93
bcHFWX	120
bcAZBX	115
bcARIK	136
bcEICB	88
bcFTTD	98
bcDMXW	112
bcBYEV	127
bcGUNE	107
bcFSWO	107
bcDGKI	129
bcGREJ	88
bcFUYQ	107
bcEJOS	69
bcCRDI	126
bcIHQQ	90
bcAQRW	82
bcGUIP	100
bcDTFD	115
bcEOWU	145
bcAYOJ	95
bcDDQL	39
bcEWQZ	111
bcEQPE	104
bcGHDR	85
bcACUH	112
bcAULI	113
bcBAGM	89
bcAKRZ	95
bcEJUD	99
bcDJUM	57
bcFGWX	113
bcAOBE	79
bcIBXV	98
bcGYEZ	85
bcCRDZ	86
bcGTLH	109
bcADAX	92
bcHHBZ	74
bcFOFH	83
bcBSPC	136
bcBJOX	88
bcDEXI	103
bcGMHJ	88
bcHPGY	64
bcCZCV	81
bcDDLB	2563
bcGSEF	1899
bcHZAL	1543
bcHAEU	1489
bcCOCA	1615
bcIIGL	1231
bcEMJO	1422
bcGLDE	995
bcCXDB	928
bcASWA	862
bcBQNO	1038
bcIJLE	735
bcAJTC	613
bcEIQW	713
bcBGTF	439
bcDUVQ	348
bcCKQV	444
bcHCPZ	444
bcEPMU	473
bcBTKQ	359
bcDBBY	336
bcCFFE	279
bcGCEZ	311
bcERRO	221
bcEGSK	268
bcHJLF	204
bcHWEA	139
bcGFPF	178
bcESCD	253
bcHRKD	227
bcCAAC	242
bcBYIJ	223
bcFBGR	178
bcHTHH	169
bcCWSQ	164
bcIBWI	144
bcAJQJ	174
bcFLRT	154
bcAHQS	131
bcDSQK	175
bcDMVT	175
bcCOWI	89
bcCZRD	134
bcCPSG	144
bcFPQN	181
bcCDEY	169
bcFXEI	165
bcBVPM	112
bcAIQW	174
bcHVWV	137
bcEKHJ	163
bcFEMI	155
bcBWWD	91
bcBVFV	104
bcGHNP	122
bcEBGF	148
bcGXOP	98
bcDUQZ	78
bcCURO	108
bcAXIK	125
bcARZH	112
bcEINZ	99
bcAMZJ	99
bcGKAJ	89
bcIBGF	96
bcDLHJ	122
bcCHMH	85
bcHCYU	131
bcCHJS	86
bcBOZI	105
bcHCDW	103
bcECNC	133
bcERRM	84
bcDCDX	102
bcEPKO	125
bcHWFO	63
bcCFLD	120
bcBTKG	105
bcEVIX	98
bcCHJA	100
bcETWN	97
bcGFDZ	77
bcCEDG	78
bcGIFS	84
bcCCLB	79
bcBXWW	82
bcCNDW	90
bcEYLN	88
bcCVMQ	69
bcHFKP	66
bcFUGA	55
bcIJAR	93
bcEIQB	86
bcCTEP	86
bcFWVZ	69
bcBNKV	61
bcAPJP	84
bcHMLR	76
bcDXDJ	95
bcHWXM	54
bcDZJL	70
bcAJUM	97
bcCWBE	59
bcHTFZ	2544
bcIAWR	1814
bcGBAL	1661
bcCRTY	1443
bcCSIT	1544
bcIGVR	1220
bcDWVL	1197
bcCBFS	1074
bcARZF	1073
bcFXET	866
bcCYVC	867
bcEIFU	774
bcEDSG	701
bcEPJX	654
bcFGQJ	180
bcCOZY	198
bcFIVE	446
bcEUJO	313
bcHLXD	454
bcDIOO	334
bcDUPM	326
bcAWYL	308
bcCONX	277
bcHWEJ	127
bcBMVH	225
bcHVVA	233
bcEYSM	212
bcEMIY	189
bcGWTW	176
bcHFGQ	191
bcCBGU	178
bcBTJR	214
bcDWBT	154
bcGLMJ	152
bcDEKG	236
bcFSDQ	165
bcAKOT	160
bcGBSB	143
bcATKM	169
bcHAAI	118
bcCVWT	117
bcBEPD	147
bcGUYB	145
bcBASB	135
bcGAUR	241
bcCZVZ	170
bcDUKC	182
bcGDAE	128
bcCYJO	138
bcFNKC	151
bcFHHG	144
bcEEGN	121
bcGKCK	128
bcDUJR	116
bcEIAX	123
bcCURZ	145
bcDOFN	127
bcAOCS	90
bcIAKL	130
bcEMKR	116
bcCAHD	134
bcBADO	136
bcHJEI	81
bcCQEG	126
bcFKED	112
bcDRII	119
bcAPXI	118
bcBWUM	86
bcGACB	105
bcCFRQ	103
bcHOQN	102
bcAEBP	95
bcCIXH	100
bcDQNB	84
bcEHZR	92
bcEKDW	66
bcEDZP	126
bcEXVO	99
bcBHRW	77
bcDLMM	99
bcBTSE	73
bcBJLQ	101
bcCZUP	95
bcHWYX	68
bcIFVX	67
bcFYQV	105
bcAPKL	96
bcGFUV	81
bcFSXF	93
bcFLEI	78
bcCOTO	93
bcGHOP	87
bcBJLO	93
bcCHUG	78
bcFLEK	80
bcEJWM	68
bcCWJG	93
bcAGUL	80
bcCURH	97
bcAEAO	69
bcGUSG	67
bcEZZT	88
bcBHZG	67
bcGQSF	2431
bcAEGE	1975
bcGOYP	2069
bcHORH	1751
bcACHP	1682
bcCISU	1246
bcEGNN	1201
bcDCCG	1121
bcCIPK	990
bcFAEI	947
bcGMUE	835
bcGVUO	626
bcGNRZ	628
bcHSAK	570
bcGZWQ	483
bcBXSO	527
bcGTIV	208
bcBXWK	310
bcESDB	332
bcGXWM	329
bcDWMQ	299
bcGECF	296
bcFMKF	273
bcGFQM	204
bcFDVT	242
bcHUJL	251
bcEXMX	197
bcGAPP	231
bcAGYP	211
bcEZKG	162
bcIEXY	189
bcEFST	142
bcCVHV	185
bcCFIC	162
bcEWXP	95
bcHCZU	185
bcDTPF	171
bcCNVV	144
bcDQGV	210
bcENGU	19
bcAWRW	140
bcFCJO	164
bcHEEM	159
bcEARP	190
bcBPRI	179
bcFXWK	164
bcICON	142
bcAXFL	147
bcCZWK	173
bcDQAQ	143
bcDADP	137
bcFFCK	134
bcALPG	145
bcBBBW	149
bcGTFE	142
bcAWDB	117
bcHRWO	94
bcAIXE	117
bcDVCW	96
bcHMQH	68
bcCLHY	82
bcEXDG	104
bcGSEH	114
bcDSPA	118
bcEEZN	109
bcBFIZ	116
bcAMMG	104
bcETUJ	80
bcHCMP	103
bcAEJT	76
bcCJCW	84
bcAEHK	107
bcAXTQ	55
bcCINL	72
bcBEWP	106
bcHXGF	72
bcIGKP	49
bcCHDM	103
bcFWMT	41
bcBXWN	106
bcASQW	73
bcCFGE	98
bcDQQQ	91
bcFVST	82
bcDLDL	94
bcHDSH	81
bcAQKS	90
bcCWKQ	65
bcADPB	99
bcCFGN	72
bcEADM	87
bcCAJW	98
bcHYBD	84
bcDWCU	91
bcIGLK	80
bcCECD	74
bcEYZV	117
bcHHSY	96
bcEFLP	72
bcEKHK	95
bcHLRT	81
bcCETJ	79
bcAJHA	88
bcAFSK	3101
bcCASH	1863
bcBQLO	1496
bcEPBM	1573
bcEBNN	1573
bcHLCZ	1512
bcHSPG	1184
bcGKAT	1048
bcGZCW	749
bcDZPV	1006
bcAGKE	892
bcENBS	685
bcFDCE	682
bcDBFW	491
bcCGTV	358
bcEDUP	419
bcFWCM	301
bcHNVB	431
bcAOJY	331
bcGFED	299
bcAGMW	365
bcDDXC	339
bcBFIF	233
bcBTBC	244
bcAIOW	255
bcGYWC	140
bcBVCU	224
bcEIMK	258
bcDXTM	176
bcAFNM	217
bcFJLW	181
bcBIVY	220
bcGREY	141
bcAUCG	145
bcDYRW	242
bcCOZZ	130
bcBEMB	163
bcAZBF	180
bcFKJT	196
bcFRGE	182
bcFOLV	145
bcFTDB	158
bcAUXZ	157
bcFHTV	129
bcBWNX	62
bcAZIV	139
bcFJYQ	70
bcFLTK	145
bcBELV	147
bcCNHB	81
bcGKGS	131
bcFJXP	160
bcBJTF	150
bcDGOR	164
bcFPFH	131
bcIISO	102
bcGNMH	131
bcAPWO	126
bcDKLJ	124
bcDLCK	132
bcIDWH	107
bcHCBS	117
bcGTPW	121
bcEOAQ	118
bcBGKA	113
bcECNK	129
bcATDA	106
bcBWPF	67
bcHWAQ	86
bcFIIN	90
bcAXVG	90
bcCCUI	52
bcFJEF	117
bcEXLL	132
bcEHZU	78
bcCDPR	102
bcDNIZ	110
bcBFUW	104
bcGYLX	59
bcGURY	52
bcHCCY	106
bcHEKX	95
bcBUWE	96
bcDJHR	90
bcDNKE	105
bcAKVN	80
bcHFON	107
bcETYP	80
bcABTF	114
bcIGZO	81
bcCWTA	72
bcEEGR	108
bcBUGO	104
bcDJCM	78
bcAFNL	86
bcGJYW	68
bcBYGN	79
bcAJBQ	85
bcFWFT	57
bcECPU	78
bcDEZX	69
bcCWDD	66
bcEYGU	86
bcDLCF	2625
bcHXVQ	1913
bcAENX	1696
bcAOPH	1492
bcBXIN	1321
bcEYZC	1442
bcADAQ	1679
bcHGFB	1330
bcAUTE	1009
bcCWSY	874
bcAQCW	760
bcHNDF	659
bcHNBY	602
bcCJNW	554
bcBWCY	428
bcBWKY	426
bcFATB	393
bcAVBN	419
bcDBYY	386
bcEDHR	339
bcGZNP	331
bcHUQV	225
bcGRFZ	252
bcEMZJ	212
bcCFTF	270
bcDUTD	246
bcBTVL	247
bcCFVV	227
bcDKPB	191
bcFKEN	174
bcHPLG	182
bcESYR	139
bcFPDT	175
bcBQJD	161
bcEHRM	184
bcHZDC	190
bcCDBF	140
bcCDZU	166
bcCNQF	130
bcCRPX	171
bcCGKM	180
bcFQWJ	100
bcARKB	186
bcALNL	175
bcFTUP	99
bcHHGW	159
bcIEWX	144
bcEHUX	100
bcIHYU	129
bcCTWM	171
bcADWS	148
bcCJSM	142
bcFZLI	138
bcCYLD	78
bcESFR	120
bcBPER	69
bcDTDG	111
bcHKUN	143
bcBXXI	133
bcGXUV	72
bcGHZX	91
bcHHDZ	105
bcCTEW	106
bcAOWB	122
bcDYBX	160
bcDBRX	124
bcEQWK	127
bcDJYK	93
bcEKCW	119
bcDVEY	94
bcCICZ	99
bcEIKL	85
bcEIII	97
bcGRJX	101
bcFGFH	105
bcEAKL	84
bcBDVN	103
bcHSAW	72
bcCXBT	64
bcESFA	91
bcBIBX	95
bcAJIW	90
bcHLNT	68
bcDPZD	79
bcAWHN	102
bcBXVL	57
bcCNKO	72
bcADQR	100
bcAOEH	83
bcDVGJ	102
bcBVNX	77
bcCNHQ	81
bcCCJY	75
bcCHMA	69
bcCRGU	68
bcHWBK	60
bcFTNV	75
bcDSIV	84
bcECKH	82
bcCSLM	100
bcGEFY	72
bcAKJR	84
bcBBIM	79
bcBLKY	2251
bcFXPD	2093
bcAFUA	1858
bcCIDS	1319
bcDDSY	1372
bcFZAU	1434
bcHCGP	1271
bcALYK	1281
bcDVWR	1096
bcEQTR	852
bcEVZH	735
bcHSID	690
bcGYUA	552
bcCDMM	612
bcEXAT	558
bcBQJQ	355
bcAIFK	332
bcAYFX	300
bcBNLM	413
bcHTDB	348
bcAEVZ	332
bcHKFA	276
bcAZNW	92
bcGPLT	163
bcHWYP	125
bcBOZR	268
bcHLFD	208
bcCWTN	238
bcFBRI	226
bcBLZL	185
bcABQV	265
bcIGWL	147
bcGUJM	171
bcBJSB	201
bcBVAI	203
bcHHLM	198
bcHSQI	184
bcIHNF	160
bcGPRL	170
bcBNXJ	201
bcCLLW	176
bcCJFS	153
bcHESB	146
bcHDIZ	168
bcGHIH	136
bcCTLR	126
bcDQVW	152
bcEANE	172
bcGFJF	129
bcALZU	125
bcIEIQ	88
bcCNGQ	128
bcEVYL	152
bcGIXF	76
bcBCFM	144
bcEDBP	117
bcFWZZ	120
bcGAEN	105
bcHZFJ	118
bcDYUP	142
bcDCEA	133
bcEDSI	134
bcHFAO	123
bcBKPT	38
bcEOGD	135
bcDKSZ	108
bcBVLC	113
bcCWYN	104
bcCFBO	97
bcFUVT	94
bcHFUH	93
bcFECJ	101
bcEKWU	111
bcGUHH	114
bcCVTW	111
bcHHVA	89
bcDCZT	110
bcIIKG	72
bcGYAV	71
bcHRFM	103
bcAAKO	102
bcGQZV	106
bcGZWJ	77
bcGCWL	77
bcCKJG	84
bcBTCY	72
bcCZKO	101
bcFJEM	81
bcEFJJ	65
bcAAWW	67
bcFKTU	82
bcEYGY	85
bcAVMT	88
bcDSVT	54
bcAXEL	66
bcCZZQ	123
bcCXRE	97
bcBMII	69
bcAQBK	71
bcGWSO	84
bcGWSS	79
bcFUAR	102
bcHFYF	90
bcHENQ	2642
bcGUNI	1782
bcHJKR	1639
bcHXAX	1203
bcCYGU	1364
bcAUIU	1227
bcABEC	1339
bcBJKM	1297
bcCAHS	979
bcFPUR	1021
bcDASS	860
bcEBYG	718
bcAOXU	618
bcBYYE	512
bcGBTD	654
bcCLCK	324
bcDNSQ	535
bcCIAG	438
bcBOTI	392
bcEWLL	453
bcGHOV	351
bcAGPY	311
bcCWID	169
bcFWYX	237
bcAVIU	253
bcHPYX	164
bcEAHI	108
bcHQWO	237
bcFCMV	191
bcHGYR	64
bcCLJK	210
bcHJRI	174
bcGFCK	150
bcEKIR	197
bcCRLQ	185
bcEZFM	184
bcGTMT	181
bcAXPO	175
bcCWBD	123
bcFHHI	195
bcHEED	169
bcAYHN	143
bcBEYS	164
bcGQSI	141
bcBVFI	155
bcBEYJ	147
bcBWIE	104
bcDVQV	135
bcFJKX	116
bcIILI	131
bcFLWY	151
bcCIXB	160
bcEMBU	181
bcDXBG	123
bcEZRH	143
bcIHRT	110
bcAQEE	71
bcEDES	115
bcCQKQ	131
bcFFIX	98
bcEMBJ	115
bcFHXK	95
bcGLLE	119
bcHURR	126
bcGEPC	104
bcAFGP	113
bcFEJB	105
bcEJXL	105
bcDLSF	120
bcHUMQ	82
bcIHYP	73
bcAXAK	103
bcDRYZ	91
bcGASJ	103
bcAFRA	85
bcHLKC	57
bcGYXZ	83
bcBBRF	78
bcGOIR	114
bcCAPF	85
bcCDEE	93
bcHZGY	78
bcHRPP	98
bcCOME	73
bcEEQQ	95
bcGJVR	75
bcBCNN	107
bcFGEN	96
bcEIEY	59
bcFTKO	93
bcDKYZ	99
bcHZZZ	90
bcGMZW	91
bcHZFO	86
bcFGAI	44
bcDCCM	107
bcECJC	104
bcGBNS	116
bcARZG	67
bcIAKN	96
bcARMT	81
bcBNHN	78
bcHGVF	75
bcGCUB	2063
bcGQDH	2136
bcDSPF	1951
bcAXRK	1732
bcEZHS	1542
bcARND	1330
bcBYTX	1198
bcGRVC	1048
bcHPSQ	944
bcIJKU	872
bcAEOT	800
bcCFXM	659
bcBZFU	504
bcIIHY	559
bcFGVB	499
bcHSCU	318
bcCPJT	340
bcEJVI	309
bcAMCQ	417
bcECYD	273
bcGCFZ	329
bcBXWO	252
bcFCLN	74
bcEWQI	67
bcBRGE	204
bcGBNL	284
bcEWIC	266
bcAOQS	214
bcBAAH	203
bcICZY	206
bcGBBG	173
bcCTGC	200
bcFPLM	211
bcAQWH	80
bcBGCU	185
bcBVCO	188
bcCHSD	170
bcBHSM	178
bcFXFY	71
bcBTLE	136
bcIBAW	183
bcBAEA	172
bcCDOO	148
bcBIAZ	144
bcHBOY	147
bcAAFS	89
bcCRFZ	121
bcBPVR	143
bcFJSL	157
bcEYWK	92
bcGDGI	124
bcGKZY	109
bcHFZX	145
bcGTLK	159
bcARZJ	92
bcEYME	128
bcHDGC	127
bcIGRT	102
bcDJSZ	63
bcAKNF	105
bcAANV	129
bcEVJI	117
bcFAWC	112
bcGSJF	105
bcCLMS	93
bcGIPW	109
bcADUX	116
bcFBHI	107
bcHBKS	116
bcGHAW	112
bcEMBK	135
bcCXEB	108
bcBELI	87
bcCLAW	106
bcFATO	54
bcDYCX	103
bcBVVZ	77
bcBADZ	112
bcAAEM	128
bcHBFK	85
bcDQCZ	80
bcBDSJ	77
bcBONB	89
bcGDHS	68
bcFRBZ	101
bcBGCD	107
bcCPVI	78
bcCIYS	97
bcDRWR	99
bcBXJC	78
bcBTWH	68
bcEMYB	80
bcEAUN	59
bcBXAG	65
bcCWBR	70
bcAUCT	61
bcBGJB	85
bcEHZZ	77
bcCUDK	82
bcAHAO	74
bcIGNM	69
bcFGJA	86
bcACHI	78
bcFICR	2972
bcGEXE	1704
bcFFDD	1882
bcHFWU	1540
bcIEYP	1392
bcDGEQ	1417
bcCGDS	1245
bcCQIA	1483
bcEBQU	1210
bcBYOD	789
bcANYW	820
bcANBW	851
bcFKXO	757
bcDNXG	655
bcGMUP	463
bcCLDI	439
bcEEYN	396
bcAYZB	309
bcCIUX	324
bcDIKD	356
bcHDNF	256
bcFQQS	321
bcEMMX	287
bcBPCV	326
bcGOIZ	284
bcBWTN	192
bcFBDR	262
bcAOHK	182
bcHAFS	226
bcICDW	246
bcEKAC	193
bcAJXS	196
bcHJJL	157
bcGEJM	151
bcCGEJ	116
bcEEDX	209
bcGGNI	133
bcFJIW	162
bcHIIF	124
bcDLZZ	129
bcABIH	142
bcDRJR	139
bcBUEU	163
bcGZUN	186
bcDGJZ	151
bcDJSX	147
bcAKUM	151
bcCOVC	136
bcDLBQ	143
bcBOKV	155
bcFLUF	149
bcHEFB	169
bcAHGH	174
bcFWOZ	139
bcCZMY	76
bcCDHN	124
bcBZVD	119
bcBJBQ	76
bcCZIS	85
bcAJLC	82
bcGKPH	115
bcAUYJ	174
bcFEUQ	134
bcCIOJ	115
bcBAUT	103
bcGFEI	99
bcATWI	99
bcDDTR	81
bcCHCO	108
bcFQDU	92
bcAJJF	93
bcEFSE	87
bcAVJM	131
bcEUFY	89
bcGLFB	95
bcDQUR	127
bcCKJB	74
bcHBWQ	102
bcDNAW	102
bcEPRW	88
bcBNFR	76
bcEANO	83
bcEQOA	133
bcDMXL	116
bcFGCV	119
bcAGHV	95
bcFXEE	89
bcADHJ	67
bcDULZ	103
bcEPOI	72
bcCXDJ	60
bcDNNB	82
bcDVYM	87
bcDNZH	90
bcEYOI	72
bcDNIV	83
bcBOOH	97
bcEGOY	92
bcDPUQ	81
bcGRSJ	90
bcIAFM	69
bcFKHS	75
bcCXDZ	57
bcATRU	1968
bcBXVM	1825
bcHWYL	1435
bcHUMN	1746
bcHVVI	1301
bcBODK	1445
bcENXU	1235
bcCHON	1050
bcHLJY	1034
bcDIZM	842
bcHJDI	741
bcFVCZ	773
bcHGBK	838
bcBQKX	472
bcIAGV	501
bcGLQU	481
bcDZGV	541
bcEMND	474
bcCWEJ	197
bcBUXE	403
bcDQGT	371
bcCPJG	315
bcHKIS	185
bcERYE	253
bcHTQK	239
bcDEAA	149
bcGHDG	245
bcAFBF	253
bcABDU	202
bcHAIN	138
bcENEN	220
bcDDLZ	165
bcACVR	198
bcCEUD	130
bcCLXR	176
bcBFTM	197
bcAXJS	139
bcEVHC	168
bcCSYP	176
bcAPAO	151
bcBVMO	132
bcCWAG	104
bcIBSX	165
bcFXSG	132
bcDUXO	154
bcCZLE	143
bcGNRX	114
bcFXVU	126
bcCRMM	166
bcBLTT	87
bcFITF	46
bcAORA	110
bcAXDE	125
bcAJKL	117
bcFXWH	117
bcANRR	113
bcFYYB	133
bcAQCN	112
bcCCRY	120
bcAYRH	66
bcDWCK	108
bcFVSG	115
bcCCRX	103
bcBNKR	101
bcEYOF	106
bcFPWB	117
bcAWPC	103
bcGGQF	85
bcHIJT	119
bcEHQJ	103
bcHBOC	104
bcDMIM	113
bcGGUK	96
bcAWON	55
bcHDEJ	108
bcCQQD	123
bcICOM	114
bcGFSK	50
bcCJBW	108
bcFVHV	89
bcAEKO	82
bcGVNO	97
bcAZBZ	66
bcGCZI	235
bcBMZH	78
bcAEQT	78
bcAPRQ	90
bcHZDM	78
bcGUYY	79
bcFIXO	79
bcEEHU	98
bcAKEK	92
bcDEVH	83
bcFVZF	50
bcBZMG	96
bcFBFK	80
bcACWY	88
bcIDNL	74
bcERSY	87
bcASJU	84
bcACLM	85
bcGBQK	73
bcEUKJ	54
bcEUFE	2475
bcASCV	2084
bcIBDI	1647
bcBKIR	1755
bcEYHL	1582
bcFUXX	1585
bcAVQK	1491
bcGVPD	1197
bcHRDZ	1041
bcBXEO	852
bcFEYP	943
bcCSXE	750
bcGSMM	541
bcFRZZ	605
bcGOKC	433
bcBURI	519
bcFFRV	482
bcBKDW	335
bcCXBD	323
bcAXWX	272
bcEGAP	193
bcCUQA	282
bcGYBD	238
bcHSIV	256
bcHJIH	103
bcAUHL	161
bcBWTL	102
bcDDBB	198
bcCGUU	211
bcIIPM	156
bcHCUF	167
bcAXRA	195
bcCEBR	162
bcBFCY	214
bcAHGZ	184
bcEBFO	206
bcCWGR	143
bcIGBY	172
bcEFTV	173
bcCIFI	112
bcGYKP	142
bcGBDH	83
bcFTLA	172
bcBZQQ	137
bcDINI	121
bcHHOM	151
bcFTLP	117
bcBWRK	98
bcCUPK	126
bcCTIP	108
bcFQKB	155
bcBZUQ	124
bcGXZW	128
bcCPUE	132
bcGTPI	112
bcCVUQ	120
bcEYPE	113
bcAQYI	124
bcBWVW	115
bcAUFX	127
bcFTWY	104
bcFRPF	73
bcDQFG	139
bcFILF	82
bcCESS	120
bcARRE	104
bcCMBI	120
bcGENA	143
bcHJGO	106
bcBYWK	108
bcCSTD	80
bcHSNS	109
bcIGVG	102
bcEOMU	89
bcHKHA	82
bcBLTG	83
bcBKIB	93
bcFJOE	104
bcDWZO	102
bcHBZG	103
bcHKFI	114
bcDYTP	70
bcCRPI	90
bcDPDN	114
bcBEXV	88
bcFHGN	95
bcDZEB	82
bcGMMR	64
bcDLVO	104
bcFGCU	99
bcHGAA	117
bcBQUK	72
bcFYXX	65
bcFWIX	72
bcEZUN	97
bcASPL	78
bcIGAS	70
bcEQOC	103
bcFVAW	97
bcDVXY	71
bcBLKN	50
bcDZBV	24
bcFJAL	83
bcEQXE	2689
bcBEZX	2516
bcGRBV	1636
bcCOUD	1302
bcASYS	1236
bcFITG	1359
bcBRDH	1269
bcGESY	1019
bcIEYY	1171
bcDTPB	1234
bcANOE	846
bcEADQ	1045
bcFABR	592
bcEAYG	750
bcGQHT	379
bcFSOA	409
bcFGRV	506
bcEYPZ	379
bcFIBB	441
bcEOCE	329
bcCOMU	180
bcAAKN	310
bcFNWB	152
bcABFU	96
bcHVWC	301
bcGFSF	222
bcDAFH	289
bcCLLC	232
bcGQSW	168
bcGVUC	211
bcCTIS	186
bcFYQE	220
bcHNRG	202
bcEBFJ	230
bcGEZZ	162
bcCHVZ	176
bcCEBC	199
bcFPEF	129
bcFNZD	122
bcFEIH	151
bcCYWH	169
bcIGXX	138
bcCPPP	119
bcBODB	134
bcCCEI	153
bcDAPA	164
bcGJLW	111
bcEEIR	141
bcGTFI	118
bcBLIZ	123
bcFYZT	126
bcAGIB	134
bcCVRR	113
bcAFFX	120
bcFJSF	118
bcDNKR	114
bcBVIU	104
bcGPWH	107
bcHHWU	133
bcDMAX	77
bcCBFI	110
bcAJSI	146
bcANFE	121
bcHEZQ	108
bcDZNH	79
bcAJKE	97
bcCGFB	41
bcIITG	68
bcHLLH	92
bcBLZV	101
bcFUOB	101
bcAOJS	153
bcCOML	85
bcBSXU	73
bcAIAW	96
bcCTAV	103
bcGYRQ	76
bcFFDU	108
bcICFB	104
bcGVDC	81
bcDZSQ	131
bcDQJQ	112
bcDWKN	62
bcCFNO	80
bcCEZE	87
bcEAYF	87
bcBNAF	76
bcDFGI	78
bcCALP	95
bcIBBN	73
bcGFNW	67
bcFMFR	103
bcGUTJ	62
bcABHD	98
bcGMTF	92
bcCFFO	61
bcAFPY	79
bcCDFC	95
bcGRNM	67
bcDQZL	80
bcHTLZ	89
bcCYEW	84
bcAFQZ	73
bcCACM	2646
bcHICX	2123
bcAIPW	1724
bcGBZF	1709
bcDBKB	1561
bcHLEM	1190
bcEFKK	1119
bcGPKT	1065
bcBNJR	1085
bcDSMX	1090
bcAXOC	97
bcBZCM	694
bcDOKE	636
bcAELY	655
bcDGSW	670
bcAFDH	392
bcIFMM	437
bcECIP	497
bcANMG	299
bcCVYZ	302
bcBMRC	412
bcAXUP	261
bcGJXQ	276
bcDOWK	91
bcFGLD	229
bcFKDD	284
bcBZZD	270
bcDBVO	268
bcGBOZ	232
bcADGO	180
bcGLJL	152
bcDDGV	205
bcBWAX	150
bcCAZY	185
bcHBIJ	185
bcCKWD	169
bcEXMJ	189
bcBXCT	122
bcEIFT	138
bcCDCK	153
bcFGWG	188
bcALXD	153
bcGLJT	139
bcCEOO	158
bcFEUX	192
bcALXC	145
bcEFQE	130
bcFIAU	113
bcGCTP	135
bcCWEG	86
bcHQNI	103
bcBTUD	114
bcCUHH	147
bcGYAP	96
bcDVYA	151
bcIBHC	115
bcEKNE	126
bcCQDA	109
bcCDNH	127
bcCRAI	129
bcHHKA	141
bcFIMI	101
bcHGSR	118
bcGDSB	99
bcFCNM	102
bcASMI	127
bcCZQN	109
bcGGUJ	84
bcBAOA	100
bcEJKZ	109
bcFVJO	80
bcAREN	87
bcCAQU	97
bcCAKG	95
bcFTVX	95
bcHGFI	104
bcAYXG	107
bcDEAS	96
bcGQAG	74
bcIIWH	76
bcHHYW	90
bcBQSZ	77
bcCEZY	86
bcHYCJ	83
bcATRV	83
bcCZHU	94
bcADEF	105
bcFWOR	76
bcFRQZ	85
bcEEAB	78
bcDXLM	62
bcAMCN	97
bcAJCP	73
bcEHTO	64
bcCOVF	58
bcBOMF	84
bcFCRY	65
bcBOYD	96
bcANWR	64
bcBEZN	72
bcFZLG	90
bcBWEA	82
bcCEBG	96
bcHYUO	2364
bcAFHW	2162
bcIAMC	1480
bcGSEL	1604
bcHGYA	1439
bcBZZP	1441
bcGZDX	997
bcEIWW	1087
bcFDJY	1023
bcBBBP	968
bcDFBW	757
bcEKZW	735
bcCPGV	600
bcHIUK	860
bcGDDE	552
bcFQTI	452
bcEAXA	540
bcAXIT	416
bcGCBV	337
bcGNZC	283
bcHRSV	248
bcFGGL	333
bcAOXZ	348
bcCNQB	178
bcGHDN	351
bcASFF	195
bcCVMY	188
bcCBKE	197
bcBZRX	151
bcAJAU	179
bcBVZV	193
bcDNOU	204
bcDUPC	169
bcFQUD	212
bcAAKL	200
bcCZAB	193
bcFJZV	95
bcGMUZ	166
bcGFGM	176
bcBWTF	91
bcANVV	158
bcCECC	135
bcGOXY	135
bcEOYY	138
bcCUNP	145
bcGVKW	158
bcHDHB	141
bcALES	33
bcCOFX	137
bcCGIW	136
bcEKIB	108
bcEOOW	119
bcECED	116
bcBVLR	76
bcHAWQ	116
bcEMCM	122
bcECXS	132
bcGAFE	98
bcGMEM	149
bcHDMU	94
bcFJHC	99
bcCWXR	118
bcBWAJ	102
bcAGSZ	108
bcGUXB	122
bcGCRA	142
bcCKXT	89
bcBEQK	100
bcAFAC	106
bcHHVU	88
bcABKM	95
bcAPUD	110
bcDJDO	99
bcGKIZ	96
bcEMTB	123
bcCJDW	98
bcDAFG	124
bcGMLK	113
bcELXC	96
bcAWGI	108
bcFHXX	63
bcHDRS	77
bcBMJD	64
bcBNTC	114
bcHZUA	83
bcBYRQ	74
bcCZSQ	86
bcIHME	96
bcCCFY	75
bcBUBC	98
bcAWQZ	64
bcCVVA	67
bcAGDA	75
bcAUPA	97
bcDWWA	85
bcIHPR	39
bcHKLK	79
bcBWTV	70
bcAPQA	84
bcGVFS	66
bcGAIC	62
bcDDHO	77
bcACPG	74
bcGJSA	1959
bcEFCZ	1913
bcBUER	2387
bcFNIS	1650
bcANSH	1337
bcFSNT	1358
bcASQM	1341
bcEXPP	1221
bcFQBU	1226
bcDOWH	1045
bcCQTM	928
bcFSHD	922
bcEXDR	723
bcEIXP	504
bcCCLH	485
bcGLMA	380
bcFRUN	434
bcFXSV	369
bcDPGN	303
bcAVKK	335
bcCTKS	247
bcBEFR	297
bcELWW	277
bcFZSN	197
bcGEFD	253
bcHBUC	168
bcECTN	261
bcBGIA	241
bcGXZQ	180
bcCOQM	216
bcBLXA	168
bcAMMA	178
bcGRBK	186
bcAKVE	135
bcIGEF	171
bcDXZT	211
bcELHL	212
bcEVVZ	151
bcDSCI	187
bcACAD	204
bcHLGU	168
bcCKKE	137
bcAPKJ	185
bcDDEM	182
bcHAYM	161
bcEJJZ	151
bcAURD	161
bcFWKG	153
bcAZHV	143
bcAQKH	119
bcHMFP	136
bcEMXX	190
bcGIDF	112
bcCWFV	104
bcEVRW	143
bcFAYK	108
bcCILW	105
bcGLCR	106
bcBWLW	92
bcFZLA	100
bcHVCS	98
bcEQQP	122
bcATVX	98
bcGCMF	98
bcHROA	104
bcFNVW	114
bcDMHR	100
bcFSXV	134
bcDBVS	129
bcBZLG	71
bcABUC	110
bcFPUK	101
bcDDBD	91
bcHPYF	53
bcHWZA	86
bcCBTB	117
bcGCWH	284
bcCWHO	72
bcAGRN	87
bcFIYD	99
bcANZQ	98
bcFLJU	94
bcFGPI	104
bcGIDP	71
bcHQTE	102
bcBGCY	41
bcIFSO	91
bcDBEF	88
bcHWOT	81
bcBAHF	75
bcBJRS	89
bcECDU	29
bcGJBQ	63
bcEUWH	57
bcFRJA	79
bcAHZM	101
bcECRC	94
bcANWF	101
bcHCXZ	78
bcBHZU	75
bcABOW	87
bcCHJG	81
bcDCPS	97
bcFMHX	1903
bcHBHQ	1964
bcFYVV	1929
bcEAMD	1663
bcEMCD	1485
bcAPRY	1454
bcARPI	1331
bcAFLN	1032
bcAHLH	1053
bcDPDO	1163
bcERIL	799
bcDXFT	725
bcBDXO	682
bcDCZY	747
bcDVGV	361
bcATSC	375
bcHNVS	453
bcHAAJ	405
bcAZVD	311
bcHXSE	327
bcESDS	278
bcDNLR	296
bcEKBI	285
bcBPVL	265
bcGPBZ	220
bcGYRS	63
bcAGWP	223
bcFKCM	220
bcFCQX	173
bcDFUE	252
bcGUQE	213
bcHQRG	207
bcFGPH	202
bcHPGZ	184
bcICCZ	187
bcCPIR	186
bcCYQZ	172
bcIEOO	167
bcCXKD	138
bcCHYW	113
bcHCFF	137
bcEKXM	187
bcBOVK	174
bcAEWX	162
bcEJYF	88
bcDTEP	168
bcFGXP	157
bcAJMY	110
bcDPAT	153
bcASKY	159
bcGSXB	133
bcHRPB	138
bcBTMB	158
bcAHFG	127
bcGGGA	137
bcGZEL	96
bcDVIY	115
bcFUFY	118
bcIHYV	98
bcBYUR	114
bcEZQO	126
bcEGJQ	131
bcCSPL	115
bcBUJO	97
bcDRAB	87
bcHHFD	121
bcIFNX	137
bcDPWJ	134
bcGSXE	116
bcEEFI	117
bcGUZI	65
bcCKTQ	93
bcBCWH	81
bcBOUO	93
bcEQNZ	113
bcFBPK	130
bcAIKQ	103
bcFWHP	115
bcBJYA	102
bcDJYO	106
bcBYQS	81
bcHMJP	106
bcATEA	66
bcCGPE	81
bcACOA	63
bcACEB	91
bcIERQ	77
bcELSU	72
bcCWCG	47
bcCQAC	84
bcEUHR	75
bcHUTV	86
bcDSBQ	97
bcASDO	74
bcIHJF	88
bcHRGO	77
bcFERH	84
bcELCU	104
bcEBWI	62
bcAAFX	101
bcEMNE	70
bcCCPX	50
bcDPCV	92
bcGXYN	2013
bcHGHH	1959
bcIEMW	1929
bcBTRV	1544
bcAXFX	1592
bcFVHZ	1325
bcGPQX	1130
bcBZKK	931
bcFHUQ	1046
bcCYAN	849
bcDLTC	847
bcGCLK	884
bcBPPK	561
bcEGXT	479
bcGEQN	491
bcCRUO	483
bcHTDZ	497
bcBCAM	445
bcGMPG	396
bcGYMF	334
bcAATM	271
bcCSIX	83
bcIELS	248
bcFIEO	189
bcGSFI	279
bcHEUP	244
bcHWTN	74
bcAHCG	241
bcFECX	219
bcANVI	214
bcHEDG	186
bcDFAH	233
bcHZCV	151
bcHGQF	201
bcHZCJ	189
bcENHL	135
bcCKBL	172
bcENSU	183
bcIAFR	146
bcCIWK	153
bcGCZG	215
bcFZAP	166
bcGWMX	164
bcAGCV	140
bcIKAS	135
bcGRCF	118
bcDREC	156
bcBVVK	148
bcBFKG	129
bcDZBU	40
bcHVGZ	136
bcAOWW	129
bcAXGK	100
bcHTKM	88
bcAWZS	94
bcCLMZ	134
bcADLT	126
bcBAUZ	117
bcBWUL	110
bcGNVL	135
bcBNXD	129
bcHCSM	125
bcFFVP	139
bcAZSP	138
bcDNDY	68
bcEPTW	114
bcABBN	91
bcHRAD	123
bcDMSW	133
bcFKWD	115
bcDXQO	84
bcDVJV	81
bcEVGO	120
bcAZFQ	65
bcCJDC	112
bcFNRU	122
bcEQTP	103
bcBMJS	67
bcFXXM	100
bcACJF	110
bcDJEG	49
bcCSTN	90
bcCHFF	98
bcIJLK	93
bcHYXD	84
bcABJH	74
bcEZRI	102
bcGMOY	100
bcAWWU	84
bcAVMU	100
bcEIRG	85
bcDVCM	49
bcFCUJ	69
bcHOZZ	79
bcEGAE	85
bcCBCM	65
bcFUQW	106
bcFKQR	99
bcFUPV	74
bcDEPZ	96
bcEXFB	67
bcELXV	88
bcAXLX	95
bcEWFD	2729
bcGODW	2046
bcEXJD	2337
bcBWER	1461
bcABUJ	1750
bcCFLV	1522
bcABRT	1488
bcFUZW	1018
bcCZKQ	1249
bcACVJ	995
bcEKUN	1070
bcELIY	702
bcFOOJ	735
bcIELN	517
bcBQJX	474
bcHENW	435
bcBEHY	384
bcCKUV	343
bcFMQN	373
bcCYPI	320
bcDQJF	295
bcBOAK	228
bcBUNK	269
bcGNGQ	264
bcEIMG	246
bcBOPR	102
bcGOVO	155
bcBRNL	244
bcCWEW	90
bcCBWA	171
bcCCCG	176
bcENRM	130
bcBSUJ	255
bcGNZP	184
bcDUKJ	189
bcHAZO	215
bcAVCS	179
bcCVPF	137
bcEZXY	203
bcEBRV	153
bcEHHV	155
bcBDPO	163
bcCAFM	150
bcADOY	182
bcHUOA	99
bcDWQI	148
bcCCWD	126
bcEDRI	156
bcIAFQ	101
bcGLHU	122
bcDRAH	116
bcDXSC	149
bcADPQ	121
bcEUER	131
bcELZK	141
bcDSYW	166
bcIJTZ	129
bcBNJK	157
bcHIZE	104
bcCWYQ	109
bcDBTH	143
bcIIKW	85
bcFOWH	126
bcCCIM	119
bcANHB	141
bcCHSO	106
bcBOKD	141
bcEXBB	132
bcHNPX	138
bcCXXR	144
bcGCPI	111
bcHFDR	55
bcBRGW	114
bcAMWA	87
bcEOAP	128
bcCQEQ	157
bcENOJ	100
bcFPJN	93
bcEUDC	101
bcALLU	101
bcHMUG	79
bcGMGJ	95
bcCBYI	79
bcBODR	79
bcFGPP	76
bcHWPX	54
bcIGBZ	76
bcHKFO	86
bcGQHG	104
bcEFNK	62
bcFXXS	69
bcCOPF	64
bcGCBZ	70
bcGYTS	56
bcGDRD	77
bcFJWJ	116
bcAMHW	83
bcDMDN	80
bcEINY	73
bcBFFG	119
bcBYSV	88
bcHDWH	91
bcHIVJ	70
bcIAVX	2459
bcCOWT	1732
bcAPEY	1641
bcDAAW	1465
bcENTV	1499
bcCABS	1292
bcFXLS	1415
bcEEBO	1213
bcHMQS	1081
bcFFXC	822
bcBERA	899
bcGOPD	746
bcICZE	646
bcGEIP	387
bcBDIW	361
bcIBUA	506
bcCMPC	427
bcFIRJ	493
bcCMSR	298
bcBETS	278
bcECEV	248
bcBPYA	247
bcBCHB	274
bcHFQM	388
bcDTEV	266
bcFBMF	248
bcCVCP	234
bcHMOJ	258
bcAYCC	178
bcFSAO	227
bcIANB	172
bcBYEF	162
bcDAUX	208
bcCITB	137
bcBSMG	218
bcHKOX	209
bcGHSD	166
bcDAPQ	200
bcFDIC	148
bcCSZY	150
bcFKOU	130
bcHROW	150
bcEEET	103
bcCONA	156
bcHLFJ	170
bcAPYP	118
bcAPYM	129
bcIJUM	146
bcAPAH	133
bcCYJC	138
bcBLIA	98
bcHZFR	59
bcGVKD	120
bcDLZY	102
bcCWBQ	88
bcAHJB	148
bcAHQN	62
bcGHVQ	134
bcCVJY	111
bcBBHY	118
bcFKBY	120
bcCJHV	94
bcDSYV	140
bcCNCE	103
bcFJOQ	84
bcFJAI	118
bcAIVF	120
bcHZSQ	104
bcBWFQ	106
bcDXWV	120
bcHPJO	89
bcDXIO	116
bcDHAH	124
bcHHMA	117
bcCZXY	95
bcBPDG	92
bcEKLM	51
bcCYKF	99
bcDEJS	111
bcHMSU	81
bcAWOZ	36
bcEKQZ	76
bcGNIG	96
bcGEJJ	110
bcCCBW	61
bcHZXO	112
bcAGBI	109
bcFJSD	90
bcAGOH	96
bcAZGN	64
bcCQJW	75
bcCFUD	73
bcDOUP	92
bcAVPW	79
bcEXQO	97
bcDDEE	84
bcEXCY	106
bcGSET	78
bcCLPL	96
bcFTTO	75
bcFWSV	106
bcDENK	88
bcDASJ	74
bcFULI	2415
bcIJHN	1897
bcEZJZ	2091
bcCFFH	1477
bcFOFG	1483
bcEIUI	1229
bcFMZZ	1376
bcDGUX	1274
bcAQZC	920
bcFXRG	818
bcELXO	650
bcBYMC	685
bcDBNR	779
bcGGAC	458
bcBTPZ	500
bcFKGZ	345
bcCEXF	454
bcAWSM	419
bcHYAV	351
bcFOUH	225
bcDSWU	305
bcHADS	309
bcAMTW	267
bcEIWH	260
bcFOBZ	275
bcENIX	212
bcBUKV	147
bcESML	232
bcCWDT	149
bcEIZW	189
bcHTLX	199
bcGEDK	177
bcDXMS	169
bcDMDY	156
bcGMTM	157
bcAEEJ	186
bcDXFK	128
bcFNAC	139
bcAIXL	167
bcBSZK	140
bcIHTA	132
bcGVJE	142
bcHSXO	163
bcEBHO	118
bcAOCI	137
bcHFPM	175
bcGMZX	170
bcFRLQ	127
bcEUWL	106
bcGTBQ	168
bcIGBK	105
bcGLHY	123
bcCVMO	83
bcEDKN	164
bcICSL	146
bcDSXJ	127
bcIGDP	104
bcAJRB	117
bcFIUE	136
bcGKHK	117
bcFGID	167
bcCUYX	106
bcDEEJ	118
bcARPM	127
bcBMBR	113
bcGKPI	112
bcDVOG	110
bcAUKX	119
bcHQON	61
bcBTGV	79
bcANVF	109
bcHUYJ	91
bcAIZK	113
bcCJER	85
bcAWYX	95
bcDENV	113
bcIAMV	87
bcHICH	92
bcFJHQ	111
bcAZTG	119
bcGORN	61
bcDHOP	76
bcGYKJ	96
bcEMCZ	84
bcACZH	88
bcAORK	73
bcGFTM	88
bcDDWL	92
bcCUAS	90
bcBVLN	79
bcCLXY	118
bcFWJO	94
bcECJK	92
bcGUWP	73
bcHLFH	84
bcBZDE	105
bcAPBO	80
bcIDSS	71
bcGKXY	82
bcHPCU	82
bcGQBY	76
bcBNCX	82
bcEIXU	78
bcHDFI	2039
bcEQTW	2073
bcHRVK	1788
bcIEYU	1612
bcDCHB	1359
bcFOHQ	1314
bcFROK	1107
bcHYXT	977
bcDFRE	1162
bcEWMZ	937
bcCIHS	907
bcHGIA	798
bcCLNB	524
bcHOEX	491
bcICPC	431
bcBIFI	636
bcHKMC	448
bcGQWS	302
bcCNSM	322
bcHIDE	284
bcGLJK	273
bcCASY	268
bcDMWG	302
bcAAYW	189
bcFIZA	231
bcEXMP	293
bcBZPF	160
bcBTHH	161
bcHVHF	212
bcIBDQ	200
bcFKRZ	178
bcCWIZ	128
bcAYPS	148
bcAVVP	222
bcAKVB	198
bcCVCL	147
bcGZZH	79
bcERZA	173
bcDLTL	164
bcBNVS	158
bcEWEV	200
bcAWRA	146
bcBIQR	193
bcAEYC	149
bcHEOF	154
bcFGFN	110
bcBFEE	179
bcBKYZ	116
bcAPVO	133
bcHJTH	102
bcEIKO	112
bcGXVQ	98
bcDVJS	105
bcAXSB	104
bcFXRQ	123
bcEBDI	142
bcGVRA	113
bcGUIV	141
bcAOXV	114
bcAXSN	122
bcFUYG	135
bcDBWL	136
bcHMNY	73
bcCPLJ	109
bcESRG	88
bcCZVJ	106
bcFMHY	95
bcBFDT	122
bcAAJI	137
bcDACN	131
bcHGMH	114
bcHOYU	67
bcDQKA	73
bcGFSZ	69
bcCTEI	119
bcFUBR	95
bcEARM	106
bcEYML	98
bcFJXY	108
bcFGZK	158
bcEIBV	82
bcFSFB	74
bcHSNF	91
bcAPIP	102
bcCOPU	86
bcFUXL	73
bcEBYW	101
bcEILL	78
bcANMW	85
bcFJMP	63
bcACQQ	106
bcAIBA	77
bcFUDQ	95
bcFDDQ	94
bcAIQK	89
bcEPAE	97
bcGJTJ	79
bcDAJT	89
bcATGX	75
bcEUES	104
bcETYN	80
bcGLLS	69
bcIDEU	72
bcGOJV	2374
bcEMJA	2175
bcAXTP	2125
bcEAXT	1522
bcCWVX	1375
bcGSJB	1323
bcBHXR	1136
bcGYUU	1036
bcIACI	1058
bcELLB	200
bcDZBM	795
bcHBGN	745
bcEKHN	504
bcBEFN	597
bcFLZH	444
bcCHKR	473
bcCSNC	421
bcCICL	20
bcCCJD	326
bcFYSV	101
bcDHBW	250
bcEOPI	339
bcGRPB	274
bcFWNS	304
bcDVRE	131
bcBDQZ	214
bcCJQE	183
bcFPCS	229
bcGZBR	191
bcBTCC	147
bcIESS	114
bcEORM	268
bcEZJB	157
bcCUWS	171
bcEHKC	170
bcGFGB	197
bcGPSQ	161
bcFQQO	128
bcDZCJ	141
bcEXYX	182
bcCFRX	142
bcHTQF	174
bcBPLL	131
bcDEHF	143
bcHNMU	191
bcCDVJ	132
bcAFLP	115
bcEMDU	146
bcBXMP	133
bcAMNJ	141
bcAVGW	167
bcBMQF	94
bcCJGX	143
bcEBXD	105
bcHQXT	125
bcAEJL	139
bcCNPM	75
bcDIDD	137
bcIDTX	93
bcCMNK	174
bcGQLV	148
bcHWGK	87
bcHLNK	126
bcAAKA	100
bcEBPJ	148
bcHNVR	118
bcCDND	93
bcADLN	127
bcDXAB	112
bcFRLV	101
bcAVWD	107
bcBPJV	141
bcFWMQ	102
bcBQNP	67
bcDVRA	90
bcFXYH	92
bcGLKT	95
bcDKNV	111
bcEEYZ	101
bcDUCH	107
bcCCEP	90
bcAHCE	57
bcFDVE	84
bcESRA	58
bcGLOI	72
bcAFHE	113
bcADXD	97
bcFFUQ	100
bcBVVM	78
bcFKOZ	78
bcCXJS	67
bcDUWO	91
bcCWVF	71
bcEDWW	88
bcAMGL	81
bcERCR	87
bcCBQS	39
bcBGJT	81
bcHBKC	100
bcFKPL	58
bcBDWZ	99
bcDSMG	102
bcFEME	70
bcAWIS	2496
bcGPTM	2068
bcFRPO	1699
bcGDZC	1482
bcBFWS	1575
bcFMCV	1463
bcDRKM	1543
bcEAWO	1248
bcELEZ	1026
bcENDD	826
bcANFL	722
bcBLNH	658
bcCYCR	669
bcEKUC	676
bcGLAC	419
bcBFZK	630
bcCXCV	322
bcFHFF	302
bcAVLT	256
bcHEUT	332
bcCSMV	299
bcCVAU	258
bcFGXE	295
bcEBPK	293
bcBPTL	223
bcGVBU	204
bcFEPC	236
bcGOGU	229
bcECSX	251
bcCHJB	228
bcBXTY	245
bcFWCG	141
bcCASD	156
bcBFTJ	190
bcEWQU	193
bcCCFN	173
bcBQUP	155
bcBMWS	114
bcGADY	161
bcGCIX	159
bcGFTU	112
bcHPJZ	115
bcAPSR	113
bcERGG	143
bcEUTZ	136
bcIICW	44
bcATOY	113
bcARZX	127
bcEZSA	125
bcATYC	136
bcDUMQ	140
bcFAWV	112
bcAZDX	105
bcCCHC	113
bcESQW	102
bcENZO	146
bcDLKY	109
bcFQIG	100
bcDAUL	115
bcFCPN	42
bcAFCG	73
bcFLYW	118
bcCKXD	103
bcEHFO	105
bcDWBI	70
bcHGGK	109
bcEGRL	114
bcDSBC	133
bcHIHA	96
bcHKMD	116
bcCHSR	4
bcHVFC	70
bcHGEP	95
bcHIGW	114
bcFQQU	106
bcBVPY	98
bcHDOA	97
bcARSM	118
bcFNHP	94
bcAERC	128
bcABPU	74
bcCKBY	80
bcEXRO	77
bcAHRQ	84
bcHZCI	90
bcFPJD	76
bcDDRB	72
bcAWFI	82
bcHNKV	100
bcDWGQ	83
bcCUXU	38
bcAGDE	77
bcBZMH	90
bcAJLN	87
bcAJTG	103
bcHITT	77
bcDFLW	82
bcAXBR	80
bcFQFL	83
bcAOPT	82
bcHVDD	74
bcEHYB	82
bcBJPB	94
bcGVFY	2059
bcDMJC	2102
bcFLUS	1626
bcFOEW	1567
bcGQXX	1363
bcAXUF	1341
bcIFUF	942
bcFPGZ	968
bcBXMO	964
bcDKZT	864
bcAZRO	1100
bcBXTZ	952
bcHGJZ	677
bcHMGH	563
bcFCQL	603
bcBWAU	332
bcCAQS	446
bcGDGC	243
bcHWNM	149
bcIDLQ	336
bcAQSM	272
bcBUNH	202
bcAVIH	269
bcDBSE	308
bcGPRU	248
bcIJWX	222
bcARUC	187
bcGTEG	226
bcCWOG	185
bcHWTU	147
bcIAJD	233
bcCSTL	196
bcFGTR	202
bcDIVO	198
bcBWTS	159
bcEBKV	205
bcFZHY	155
bcCMMZ	169
bcGTKE	183
bcHETR	164
bcHBFG	143
bcCUQR	102
bcBBBE	161
bcCFQG	108
bcEIXA	169
bcCRUM	192
bcAQFH	105
bcAIID	148
bcDVKX	165
bcDWOH	48
bcFUID	159
bcBBDV	10
bcBCRX	95
bcCUBS	134
bcHOWS	123
bcCLKS	105
bcAYJR	107
bcGZWP	118
bcAOHI	138
bcBSVG	73
bcCFVD	145
bcHEIR	114
bcCMIB	144
bcBMCK	92
bcBOSL	112
bcICOL	100
bcCTLS	134
bcCXUT	125
bcFLQW	101
bcCWEH	70
bcEZUM	124
bcDNML	112
bcBFXF	106
bcATTM	68
bcIAQO	113
bcDWCI	69
bcIINF	68
bcAHXQ	99
bcHSME	83
bcCCKB	80
bcBMOY	77
bcEKZE	110
bcAXCD	107
bcDLEK	101
bcAOXK	121
bcDDKX	93
bcFJAP	97
bcBPWE	96
bcAVMI	63
bcHZEL	72
bcGGTT	78
bcCOKQ	91
bcFHDU	104
bcIBQU	66
bcAZCX	76
bcFFYF	113
bcGBCN	72
bcHXBJ	54
bcEFVL	79
bcBYLK	73
bcFMSA	96
bcEDJG	72
bcIJWB	84
bcFGXG	2173
bcHRTV	1775
bcAMEA	1935
bcFMPT	1707
bcFGGT	1509
bcDTGT	1281
bcAKRA	1539
bcASHN	1016
bcAHKP	1118
bcIAPS	1080
bcCJRI	697
bcFNKZ	667
bcCRKK	664
bcESPA	649
bcDSZR	650
bcIBMZ	470
bcHIDN	464
bcABUY	416
bcBMKR	226
bcBNEL	298
bcFNRI	287
bcCVXL	285
bcIDES	288
bcHRPD	203
bcEUCO	228
bcFVAR	233
bcIINH	118
bcFPUT	194
bcBVEM	209
bcCRSE	163
bcCMJL	266
bcHTJE	150
bcHCMA	202
bcBKIS	200
bcEPWK	108
bcICNZ	169
bcAKGG	196
bcATZO	134
bcAOCA	142
bcFGRF	153
bcDQTA	180
bcICRB	171
bcCZGN	126
bcDLDG	150
bcCZIP	164
bcEECB	156
bcAEBF	177
bcHWQW	114
bcBEVH	139
bcIGCO	127
bcEXZC	166
bcCWDN	44
bcCAEX	126
bcFZTA	62
bcICXC	141
bcEEBD	136
bcDVWC	110
bcIBNE	104
bcHLHH	100
bcAFET	121
bcIDPY	119
bcEGUO	117
bcALVB	86
bcACTX	119
bcGZZO	107
bcEWHM	110
bcCNUP	96
bcFHKN	129
bcCWVB	95
bcIESX	108
bcHFJF	102
bcFHSF	95
bcEUDG	122
bcIGNL	98
bcHMKM	130
bcGFFJ	112
bcHICG	90
bcFJWN	82
bcEHNA	90
bcEZRA	107
bcASPP	103
bcBPRY	103
bcCLNY	81
bcASXF	64
bcGZEF	87
bcDJBT	108
bcBHXV	80
bcDFBZ	54
bcFAFM	104
bcCNIH	78
bcBHWS	78
bcHEQC	100
bcBYPM	66
bcCNWL	71
bcIBAJ	78
bcAEGD	84
bcARNP	80
bcBEHA	83
bcBYFU	85
bcCNQI	80
bcCATD	78
bcHXXE	82
bcEIPD	70
bcGIVK	2646
bcIGDN	2020
bcBXFW	1491
bcBZSE	1960
bcFMDD	1463
bcCPIY	1314
bcAHQH	1574
bcHQOA	980
bcGEJF	871
bcBCHX	963
bcFWGK	812
bcELII	749
bcGEHB	484
bcAHSN	501
bcAONH	503
bcCFDX	395
bcHOCV	401
bcDLYQ	384
bcBWPB	267
bcDNTR	280
bcESLM	147
bcHPOZ	321
bcGLEG	240
bcELTS	196
bcBREX	284
bcHSLD	207
bcAJIQ	202
bcGMSU	285
bcFWQR	242
bcBWOC	184
bcBPZS	182
bcFYVJ	158
bcFTKY	189
bcBLFL	160
bcGCVB	158
bcAAIO	111
bcHHML	143
bcCCAF	140
bcIJVP	60
bcAYIG	110
bcDZYL	156
bcBEZM	155
bcFXKF	157
bcHOKV	143
bcGRGK	111
bcCCUG	120
bcGBNB	131
bcCXTC	144
bcEBLY	154
bcHZZI	127
bcCZOY	133
bcEDQB	140
bcCQXA	152
bcGFDM	134
bcCWPR	143
bcBJPY	82
bcASRL	151
bcDHWJ	115
bcCQUX	126
bcIJMC	125
bcBOFY	135
bcFGRR	406
bcBYBH	111
bcGGRM	113
bcFZUC	139
bcGGXT	76
bcHDME	95
bcEASK	117
bcHFPU	134
bcCPCZ	96
bcETAT	112
bcAESF	105
bcEOIW	92
bcAWOX	91
bcGFKK	99
bcBYPJ	117
bcBYVX	91
bcGCGD	103
bcBXJT	94
bcHQHA	87
bcBGUD	96
bcAUTP	90
bcGQZG	56
bcGAPA	80
bcCBMS	95
bcAGIJ	49
bcCMBU	78
bcBKGP	83
bcAYYF	93
bcHANH	83
bcBCPW	64
bcGFWP	64
bcCTNR	83
bcAWWX	90
bcBXED	31
bcAFSE	94
bcBFAY	98
bcGDLE	79
bcAQMJ	71
bcEVKJ	64
bcDMDL	59
bcABCI	66
bcFBSD	89
bcESBB	2035
bcBSJK	2411
bcBVVD	1532
bcHKJD	1526
bcAFLB	1264
bcCGJL	1305
bcABIT	1473
bcCEJP	1259
bcAPJW	955
bcGIZR	916
bcBRIF	900
bcCJEG	818
bcGVOX	572
bcDXUL	715
bcAULV	469
bcFMOB	410
bcDUWM	369
bcGZLU	389
bcHYBA	259
bcFWMJ	438
bcAITE	325
bcBEQT	247
bcALHD	280
bcGLOR	247
bcAYSW	275
bcAXHH	236
bcBSYC	232
bcGFXT	192
bcHADW	252
bcHHUN	217
bcCVRN	156
bcHLVN	210
bcEJYL	170
bcADWL	219
bcDQME	208
bcCKHL	141
bcBUEY	236
bcFJEK	141
bcHLHW	173
bcGEBI	175
bcEIDX	157
bcGUEG	174
bcDUHO	189
bcGRUE	129
bcIJXB	139
bcERMP	132
bcICKC	160
bcHZGL	129
bcATHZ	114
bcCYMS	121
bcBOKH	162
bcCAXH	150
bcAUAO	118
bcHDRM	144
bcEAHD	139
bcHDDD	102
bcDPVA	142
bcBWQM	89
bcDQGP	111
bcEAWT	109
bcCGIU	126
bcBCNU	125
bcFXNV	120
bcDOIM	58
bcFPTG	116
bcAZEN	85
bcHIKK	113
bcGIYA	126
bcAMSV	80
bcDALR	126
bcHUTW	78
bcGCWG	298
bcCFOR	61
bcCTHJ	106
bcFMKR	78
bcDAOG	85
bcCFPO	95
bcASOZ	104
bcFJJM	78
bcCISM	83
bcGLBF	81
bcCMBP	117
bcAXRI	114
bcGCDS	79
bcCDJP	80
bcHLEQ	97
bcBEHJ	89
bcDWWS	79
bcGMLR	51
bcCBTH	103
bcDBPA	81
bcDPEU	73
bcECYC	81
bcGWUL	91
bcBDFQ	87
bcELOF	59
bcEADX	89
bcASUP	59
bcIJOI	49
bcDSWK	82
bcGUGE	94
bcCUUO	76
bcFMQJ	80
bcFMES	2570
bcADLM	2127
bcANJG	1562
bcEECW	1433
bcHIXL	1179
bcDVDC	1242
bcDFHV	1159
bcAFYN	1353
bcHMPP	1011
bcCKRQ	776
bcBQDC	790
bcCTSE	729
bcBQAY	578
bcFLJJ	588
bcDQTX	602
bcHUNZ	396
bcARHE	316
bcADAO	427
bcCDGB	294
bcDWZL	301
bcGQYS	242
bcCMPO	315
bcAWYV	255
bcHZHN	240
bcFATV	293
bcHOYN	244
bcAOJK	222
bcBBGC	266
bcAOLP	200
bcEAIP	192
bcCWWO	183
bcHQGL	216
bcHKPI	203
bcAZAR	128
bcABVI	139
bcFORH	172
bcIADA	161
bcALIE	59
bcAUZR	133
bcASDZ	182
bcCJIS	130
bcBKDA	95
bcEFPO	139
bcFXVD	131
bcARBO	175
bcDFHO	140
bcDCPA	163
bcBOUP	105
bcBVEL	150
bcFZSD	149
bcHMSX	144
bcGHTU	139
bcHXAT	85
bcHWBL	91
bcHJXF	109
bcASDC	139
bcAWNA	153
bcBFTQ	126
bcESKH	100
bcFWUT	123
bcAMSX	107
bcHXSL	111
bcDSBG	132
bcDBUV	134
bcCXAA	108
bcBGUK	101
bcCTXZ	121
bcCHQY	121
bcAGOY	98
bcGNLG	127
bcERNH	86
bcAMEI	61
bcAMMF	107
bcAEFV	85
bcGOUU	81
bcBEDC	101
bcBJYH	108
bcBWRB	89
bcCEHB	122
bcENBT	94
bcBVGB	72
bcBBCA	95
bcBTMC	89
bcGSIW	79
bcGSTY	106
bcBLNU	84
bcDQXS	84
bcCFCN	69
bcFVXC	73
bcGRAQ	94
bcADAK	95
bcHDRB	75
bcGHOJ	99
bcACEQ	75
bcBGUX	98
bcFPSC	113
bcHKQK	83
bcIIJE	63
bcBXHT	81
bcBOUU	71
bcBVYE	72
bcCSQV	100
bcCSKU	100
bcBJRV	2301
bcBTVR	1729
bcBZYS	1699
bcBTKT	1384
bcHKEI	1571
bcHAOO	1389
bcHJDC	1079
bcCTQF	978
bcHBLD	1080
bcHNAH	812
bcGVCG	657
bcETFI	719
bcDASU	574
bcGPLV	618
bcBPWY	407
bcDUJK	491
bcAMJJ	375
bcDMIP	276
bcAVBG	423
bcEKWR	273
bcBVWS	299
bcAFIE	305
bcHXZJ	253
bcDYBV	98
bcDGYY	303
bcFQJT	120
bcBUOS	240
bcIHUI	208
bcBTHR	218
bcHUHF	170
bcCMWR	180
bcBAXR	240
bcGWKD	205
bcBPXB	238
bcEUPO	181
bcHNVD	158
bcEAPD	160
bcBWJU	121
bcBVSI	142
bcEWOL	101
bcIANM	145
bcIITF	105
bcEWZR	137
bcHXBE	126
bcFYUD	130
bcBSPN	143
bcDQVS	140
bcHSHW	131
bcFUHF	152
bcHZFC	107
bcIHVH	113
bcANXE	123
bcFUSB	119
bcGUVR	106
bcBBEZ	144
bcGRSW	88
bcFTQV	81
bcHIIZ	127
bcDLKQ	125
bcCNWG	93
bcBCCC	119
bcAALE	130
bcBWVH	55
bcDETV	111
bcGHXY	101
bcHBAG	116
bcFKFN	120
bcFMEH	100
bcDPQF	40
bcBDLV	110
bcCTLP	104
bcFQOO	111
bcCIKR	103
bcDXIH	83
bcDRYR	111
bcHWOE	81
bcCNXA	88
bcAFVQ	128
bcHMTY	95
bcGXZZ	36
bcBHUH	94
bcDAGZ	117
bcERHB	83
bcAAQJ	99
bcCZSD	95
bcFODK	95
bcAKTP	85
bcDKIS	93
bcHLRZ	51
bcCQPL	113
bcBQQS	97
bcCNMS	67
bcDBVN	96
bcCQZM	72
bcCSCK	69
bcHJDQ	80
bcIATY	63
bcFBST	75
bcFACT	87
bcCCJL	79
bcAUMU	65
bcCBUG	64
bcGXYU	64
bcFFLR	2474
bcAXAV	2011
bcCOGW	1851
bcIIHS	1702
bcCXUI	1540
bcALVW	1394
bcDMKR	1563
bcHAOU	1038
bcIFWC	837
bcERHU	865
bcIDXI	746
bcDJVH	724
bcBZOR	522
bcGMBB	511
bcCHEY	466
bcAWCY	476
bcGGNL	368
bcGSEP	425
bcCDHY	416
bcDETP	357
bcHJAZ	173
bcBBKF	287
bcFEDC	346
bcAYCA	146
bcCYMU	195
bcAABW	202
bcIJHI	261
bcCPOH	151
bcDSFU	226
bcEHSO	207
bcDPDB	195
bcBNQF	215
bcDKTQ	182
bcAUOQ	192
bcEAEU	251
bcERRB	212
bcBARN	161
bcHQYP	128
bcHICM	177
bcDZKN	176
bcAZPL	187
bcDIYS	152
bcEGMC	167
bcALZT	151
bcHHOL	126
bcGCSE	110
bcBDTP	179
bcBRPP	113
bcDFSH	147
bcIHDR	100
bcEXCG	135
bcHMTT	104
bcCVLY	117
bcCXSV	144
bcCYDK	154
bcHDYY	148
bcCUAN	178
bcCGLQ	123
bcAGVB	107
bcFHFZ	125
bcAWYY	82
bcBCOM	93
bcBUCG	120
bcFUGY	103
bcHIPJ	98
bcBLNO	104
bcFRCS	94
bcAYZF	109
bcFSON	98
bcGEDP	119
bcFCIE	121
bcBPJU	130
bcEIXN	97
bcEHWO	62
bcFXXZ	125
bcDPAR	97
bcCRZX	106
bcCWQO	107
bcEXBI	110
bcHMKE	112
bcCXIW	73
bcBBKI	109
bcAKZN	93
bcCNSR	73
bcDRRJ	89
bcGSKP	98
bcEJTZ	81
bcBGUC	91
bcHGPQ	98
bcIFYU	86
bcESMI	77
bcATXE	101
bcGAUY	72
bcCHZV	181
bcHLEX	80
bcCPAV	95
bcABDA	93
bcALJN	94
bcAGLL	78
bcCQJI	85
bcABTX	85
bcGVOM	79
bcEWXX	88
bcENDZ	2195
bcDDTZ	2190
bcHMSI	1911
bcANFT	1740
bcGWPY	1488
bcCIIV	1215
bcFPEV	1040
bcEBEO	1133
bcETHX	904
bcHMSP	1022
bcBGLN	898
bcEAFC	633
bcHQOQ	525
bcDRAM	510
bcAOZQ	522
bcFLIQ	522
bcEBPH	503
bcGXQM	367
bcEIWC	287
bcAQYE	311
bcDCPM	257
bcGRCR	265
bcDOJQ	332
bcGAFO	253
bcDZXL	241
bcDMQH	204
bcCNLN	216
bcIJWG	256
bcHDPB	155
bcCEYN	130
bcCIVF	218
bcGTBE	224
bcGCYF	221
bcCXHX	187
bcCVMM	153
bcBUEX	158
bcCRDR	124
bcEHNX	170
bcHOYA	143
bcDUKM	206
bcBOZW	104
bcCICA	142
bcHXBL	130
bcHDKP	153
bcCBSX	131
bcIAIF	123
bcCOSO	83
bcGUQB	179
bcEZOA	132
bcHHSI	145
bcESJY	83
bcAERL	157
bcCSID	107
bcDGSE	148
bcEVLF	127
bcDKTB	141
bcHKQS	115
bcASSB	131
bcGTDR	122
bcHEJK	117
bcHDTB	133
bcCFCW	101
bcAQFP	58
bcFCXA	120
bcBUCH	120
bcEXMC	141
bcBDNQ	108
bcEPMR	128
bcDCJK	63
bcBJED	114
bcGURM	95
bcIDWV	89
bcFMFY	93
bcHDOU	97
bcECBH	92
bcBAZI	91
bcBQED	87
bcGAKI	86
bcGPMY	99
bcBPMA	87
bcHQYD	87
bcCZPC	82
bcEWLZ	46
bcCOQC	77
bcAPIM	92
bcDBZT	96
bcCWXK	83
bcAIOZ	112
bcDQYI	96
bcENLA	84
bcBYVI	79
bcDLEU	121
bcHLNZ	79
bcFVQU	62
bcGWNX	103
bcACPE	70
bcCAAL	106
bcATBH	68
bcERGS	57
bcAHAA	97
bcBLFR	47
bcACNG	81
bcAQJO	82
bcCSBI	2634
bcDMWO	1828
bcHCYM	1568
bcHGCO	1522
bcCDZT	1220
bcDUGR	1621
bcFLFU	1500
bcESGZ	1141
bcEFBF	1174
bcBKMR	1016
bcDKRB	843
bcCGSD	643
bcBUJH	621
bcDSYH	628
bcGZWW	446
bcCIDM	246
bcFXOY	316
bcGTLV	338
bcHPVA	370
bcCCOE	370
bcGNQT	332
bcAVDG	289
bcDPZH	85
bcFKBZ	141
bcCVUF	148
bcAZWF	225
bcATJL	205
bcHGXZ	214
bcFLII	239
bcFWEP	137
bcCHSJ	203
bcAJID	149
bcIARW	116
bcCCJP	168
bcBNPO	182
bcGTDM	226
bcCOOS	170
bcFTBR	171
bcGGUP	172
bcAHCS	116
bcBJWL	186
bcEXVA	185
bcAUZK	160
bcBYMW	158
bcGGVJ	127
bcBUCY	115
bcBQGX	127
bcDGED	183
bcCPIE	140
bcFHIX	175
bcDNGZ	162
bcEBIZ	95
bcGWTC	144
bcFEJR	133
bcENJO	119
bcDEHN	131
bcEFDZ	149
bcFVWB	74
bcAWQI	146
bcAWUC	124
bcBMPP	121
bcBZSC	120
bcDNFV	122
bcHHEV	123
bcCNPQ	110
bcBTOA	111
bcEZIT	120
bcGHGO	90
bcCYQD	116
bcAUVE	93
bcAFNB	118
bcFCIA	101
bcIJKR	119
bcGQBR	80
bcHFCW	99
bcHEDC	134
bcAAIW	111
bcHTET	86
bcDDCQ	88
bcGGKF	87
bcEXNL	131
bcCUOF	65
bcIJXL	99
bcHSEQ	81
bcCVIU	100
bcBMLQ	87
bcCACX	90
bcBNKA	91
bcFTOH	101
bcICUU	93
bcAORQ	104
bcCAJO	83
bcBEDS	80
bcCADG	110
bcBAFJ	83
bcCHHV	73
bcBMNI	56
bcACIM	93
bcCMYW	53
bcDSXR	62
bcDOWA	49
bcDZDH	38
bcFFTS	77
bcDDLS	2172
bcBPNO	1861
bcHWZZ	1510
bcAIQF	1685
bcBIXM	1515
bcBQRD	1539
bcCHQH	1321
bcEMCS	1376
bcHVFT	846
bcBQRM	909
bcDGKS	1001
bcHOZO	658
bcBFZI	580
bcBKAQ	539
bcGEBB	353
bcCICD	484
bcICHK	389
bcGELZ	291
bcBAAM	417
bcAQHT	309
bcAQKV	259
bcEDGP	186
bcDOEO	285
bcDWRE	292
bcHCSU	273
bcBPSV	271
bcHZWL	170
bcCXNZ	195
bcGERM	200
bcEIOM	195
bcARYP	214
bcHTPK	161
bcGVGP	181
bcACGH	174
bcHMST	113
bcDIRC	160
bcFENP	186
bcCTBW	177
bcCGTU	80
bcATSV	169
bcBDUP	173
bcHCPU	174
bcGUNF	168
bcHSTW	122
bcFCKR	181
bcDOAS	187
bcGEHM	178
bcDOPZ	140
bcCWEK	118
bcAFJW	112
bcAVNK	121
bcIGCW	106
bcFFGY	138
bcCDAB	126
bcHTOI	115
bcCSEE	112
bcHCQP	146
bcANOX	129
bcCWLK	108
bcAQHX	115
bcFOXN	122
bcEMCW	152
bcCYHF	110
bcCCBD	120
bcAAFD	135
bcBTKB	123
bcICMT	96
bcEXQQ	128
bcDRHS	110
bcFUFO	125
bcHAUX	72
bcEUCC	100
bcGWDU	102
bcGHBU	85
bcAGCQ	110
bcHGSW	79
bcBKOP	76
bcEYKI	111
bcBXRW	98
bcAELB	46
bcHVDE	67
bcHHDJ	67
bcDYAH	99
bcGRFN	74
bcCTQQ	108
bcDAKA	100
bcFNQI	107
bcCVOX	72
bcGEDO	106
bcCYEV	105
bcBJYC	54
bcATVT	77
bcBZZG	73
bcEIPV	97
bcCITW	82
bcAUCZ	65
bcADQU	67
bcERLM	68
bcCILV	71
bcBMQC	75
bcAHTO	75
bcBDHS	65
bcIEYQ	73
bcIDIZ	2117
bcAIYJ	2102
bcCMUS	1471
bcFSGH	1579
bcFSEG	1392
bcEQLW	1605
bcBZCQ	1231
bcFNJW	1267
bcGATW	1005
bcFHRV	834
bcCIOR	752
bcAKOQ	763
bcBIUH	640
bcGDPB	505
bcAFUQ	427
bcHOLB	366
bcASSA	531
bcGHYR	464
bcGKII	341
bcBTKD	253
bcEZJH	331
bcGYRM	254
bcEJSX	287
bcCCGS	266
bcBQSE	241
bcCMNY	250
bcHWLY	193
bcAELL	147
bcHRED	143
bcBQOL	161
bcCTLA	187
bcFAJS	201
bcCWGK	122
bcBMCP	154
bcAMWE	175
bcCKEB	166
bcDHLW	160
bcDDYQ	195
bcAFDM	188
bcFRDS	121
bcFDJU	118
bcGMNC	197
bcCLFD	134
bcDFEC	160
bcIGHX	147
bcHADD	148
bcGJBX	143
bcCTMB	153
bcFQFA	174
bcBDCB	115
bcBINC	155
bcEECO	147
bcIADK	96
bcBBCH	111
bcBTWX	115
bcDJGB	106
bcCSUA	121
bcDXBP	111
bcDJZK	117
bcFHGP	137
bcIJWY	135
bcGCFN	91
bcDAEE	90
bcBVYW	92
bcCMGN	142
bcFUZN	59
bcAJNO	81
bcAMKX	106
bcBMNS	72
bcHRZT	90
bcFGOA	98
bcEEXG	120
bcHSXS	104
bcFQFE	100
bcFGOW	63
bcFVDG	62
bcFBTF	109
bcEJIL	93
bcGGYE	76
bcFDGS	104
bcCJME	110
bcHNXX	91
bcFWOC	107
bcARCH	106
bcCQBA	81
bcFOAQ	81
bcAFVF	96
bcCKRL	99
bcCRYN	62
bcGGAU	88
bcFFEV	118
bcETQI	110
bcCIQU	82
bcEJZF	77
bcEDBJ	81
bcDREO	74
bcEKGO	84
bcGSUV	50
bcFEFQ	88
bcGPVE	74
bcERNN	53
bcHUWE	59
bcCEYK	74
bcCTOY	2335
bcCTMZ	1916
bcEEHQ	1552
bcHBZO	1437
bcATDX	1089
bcBEWZ	1562
bcDBMW	1256
bcBWUX	1173
bcBWIZ	1040
bcAVKM	992
bcECBE	688
bcIEWD	916
bcFLKG	619
bcDZCC	463
bcHPXR	462
bcDXSW	459
bcARTA	496
bcFPZA	430
bcCCSO	348
bcEHZI	249
bcAGGO	363
bcHYWS	206
bcDWLN	238
bcHDPF	161
bcGPYY	211
bcHSHC	224
bcBAEZ	189
bcBYSE	204
bcALZE	227
bcEEBL	195
bcEYPD	212
bcEVFU	135
bcAGDC	220
bcESOA	165
bcHSFG	151
bcHZTD	153
bcBFLX	194
bcEAWQ	174
bcDOIE	162
bcEWMQ	225
bcDYYG	179
bcDCLC	165
bcERJT	140
bcGUVH	136
bcAQHL	133
bcDOVF	147
bcFJWA	170
bcHFMG	170
bcGZZX	167
bcACHY	151
bcBVDL	128
bcFQCR	110
bcFMXI	139
bcHOSL	122
bcCATX	105
bcAQLD	135
bcGFVH	110
bcHTPA	142
bcGTHM	126
bcCWAP	96
bcBJVH	103
bcDWBQ	52
bcEVOW	128
bcGHNM	128
bcCPXZ	95
bcIDQX	105
bcGAOX	95
bcAXCU	87
bcFVRT	92
bcEDNT	128
bcHMIN	122
bcFUZA	105
bcBWJW	78
bcCYVO	98
bcGWYC	88
bcCITH	84
bcIHFZ	78
bcAZWY	95
bcBQNW	80
bcBJRL	67
bcDKGE	80
bcFFKK	93
bcDJMV	109
bcGKFD	91
bcFTIX	64
bcATWV	90
bcCPMX	96
bcGRLR	74
bcIENL	94
bcGBWF	88
bcDWAZ	80
bcDVWI	80
bcHOPG	83
bcDVJJ	77
bcGFAI	62
bcHOOI	89
bcHARY	81
bcFROB	61
bcBLLC	52
bcDOQC	97
bcHFGE	92
bcBALQ	85
bcFWSX	87
bcDEJQ	2262
bcHMPE	1857
bcAUET	1464
bcBQYX	1373
bcDEHC	1428
bcAEVD	1321
bcHALZ	1258
bcHPAY	1055
bcCQHD	1045
bcHJOV	733
bcGZAZ	601
bcDSSU	1065
bcGRUQ	580
bcBWHL	416
bcHNWO	438
bcGECX	498
bcGHYN	498
bcHOSP	292
bcGXXH	304
bcGXTR	230
bcCTMV	332
bcCNTE	238
bcFMRP	246
bcARWM	101
bcANWT	249
bcBLKA	176
bcEALJ	240
bcDNCR	256
bcEBBI	220
bcFSUF	208
bcFAXP	168
bcEKFY	163
bcDAEJ	214
bcIJPH	188
bcDNHY	167
bcAIVB	216
bcGZAU	90
bcCPZC	68
bcGPZT	158
bcGJLO	127
bcCNTP	92
bcELZM	133
bcETKQ	140
bcAHKX	175
bcDFFI	134
bcHFTT	203
bcAOFC	111
bcAQOG	139
bcGLFZ	121
bcCCRT	126
bcCRCP	165
bcDWUQ	77
bcBTUP	138
bcERNV	131
bcIJSJ	133
bcICBK	86
bcHDKT	131
bcCTIW	112
bcHGKR	166
bcFJPC	92
bcFHDH	99
bcFDBF	93
bcFMKS	91
bcAMID	82
bcCOAL	119
bcACPF	120
bcAYKZ	66
bcEVUD	132
bcGVOB	98
bcENKT	81
bcGXQV	71
bcEXTV	145
bcERGE	112
bcENPL	127
bcHAZY	94
bcHUMC	76
bcEUZJ	108
bcCRGX	103
bcCHCL	82
bcBPIP	89
bcIJXE	109
bcHABT	74
bcDNET	90
bcEZXJ	96
bcCJFA	81
bcHGRF	99
bcGTHL	94
bcGYZT	64
bcBLDQ	82
bcGTHB	84
bcGNSA	96
bcANSB	94
bcHGGI	75
bcDZZN	89
bcHAFI	74
bcEEEK	101
bcCSEH	58
bcGCXT	72
bcAQUI	83
bcBGPO	93
bcDWFS	38
bcDOOK	55
bcGZWX	80
bcDBXA	2305
bcGTNH	1751
bcAOUM	1663
bcDWJI	1377
bcFBCP	1527
bcAZTS	1290
bcHWAU	996
bcBOLA	1192
bcDJUW	1074
bcADOP	969
bcEMNF	910
bcCPZT	631
bcCYNZ	649
bcEBCP	514
bcAMUP	378
bcHMBQ	556
bcCIJQ	324
bcGXUN	270
bcBVMS	296
bcGQKY	148
bcDJFK	258
bcESAD	213
bcFLYB	293
bcARWA	241
bcHZLL	236
bcHNMV	241
bcDVUN	104
bcAVJP	196
bcGLEZ	177
bcELPR	181
bcGVDO	144
bcBZNS	168
bcCNVH	158
bcFSZK	196
bcIHWW	160
bcBVSW	148
bcCSJL	178
bcAWPL	83
bcGWMM	159
bcAESM	179
bcHDIY	180
bcGQLX	107
bcBHTL	150
bcAJUQ	154
bcAWPN	131
bcIHAQ	144
bcGLGF	108
bcIBDJ	136
bcHDDK	140
bcIIBT	138
bcCCEU	156
bcEOQB	169
bcAEON	178
bcDRIY	154
bcCANA	99
bcGJAJ	148
bcHCII	128
bcGOGK	105
bcFHRM	104
bcBTET	116
bcCKHX	109
bcDVDN	93
bcHBTI	45
bcAKPA	103
bcGKKM	95
bcIIHR	80
bcAXVK	96
bcECTV	128
bcDQZQ	128
bcDDJN	112
bcFBAN	106
bcIAQA	118
bcIEFY	125
bcDMRI	158
bcBFCJ	123
bcAIOS	119
bcBZPC	81
bcGHHB	107
bcFFSG	102
bcDEJE	113
bcHYWE	81
bcHEGA	103
bcEKDX	102
bcCWOM	92
bcBVIJ	59
bcFONQ	104
bcAJIS	95
bcHVEO	86
bcCXNY	76
bcDTFW	88
bcCCJB	79
bcGMRI	74
bcADYZ	100
bcFWSW	124
bcHCIP	71
bcDSHZ	88
bcEEFY	99
bcHIEA	71
bcCLMY	74
bcCHPQ	64
bcFCKP	71
bcASKH	70
bcBITL	116
bcGFHJ	2342
bcDGHX	1670
bcFGDF	1721
bcAEIW	1453
bcEXFY	1211
bcGJRN	1175
bcDAFE	1305
bcDZCX	1076
bcBZFJ	859
bcDJRD	919
bcBYDU	775
bcGQRQ	593
bcBDUN	838
bcHTKD	582
bcADFY	606
bcHHOR	445
bcEXZA	504
bcBZHD	202
bcEKII	415
bcABAI	307
bcAMAI	281
bcAUJX	178
bcFDRF	248
bcGODD	243
bcCNHG	263
bcBATV	289
bcIEGE	260
bcCHVT	207
bcGHEV	217
bcBPSR	155
bcGCGV	146
bcHYET	196
bcAIVM	174
bcAPHC	207
bcEXYK	219
bcBPFC	161
bcGRNH	45
bcCMJH	164
bcCJGM	131
bcGQPD	175
bcGYHZ	145
bcAAKT	167
bcCOMJ	157
bcCFVZ	158
bcAOGE	152
bcHYVP	131
bcDFJW	126
bcDBJX	144
bcFBTC	168
bcFUGP	125
bcFFKE	129
bcFAMD	126
bcADIW	150
bcIIJW	96
bcANMV	143
bcAAOL	141
bcGTDJ	116
bcBXTG	125
bcCTJM	145
bcEJYH	109
bcAXRZ	68
bcFAKK	137
bcBTYN	117
bcAUYM	126
bcGNJF	123
bcESSB	84
bcFKGR	102
bcBVZS	95
bcFJNY	113
bcAZPP	69
bcIFWB	81
bcBSML	112
bcBFUK	123
bcHAHC	117
bcEHXY	74
bcBKEI	126
bcHWDS	78
bcCTAA	108
bcAQYX	96
bcHLHG	98
bcDLBJ	92
bcATDC	92
bcCEGP	81
bcBKRE	108
bcBTKC	79
bcGJMU	80
bcGCIR	112
bcAOQT	96
bcEAXK	113
bcFVMY	100
bcHQFF	104
bcIENY	93
bcCDKA	64
bcHOOM	78
bcBOJZ	103
bcEAYU	82
bcBTIW	66
bcACHR	81
bcFJAH	86
bcGDUU	92
bcBFBY	94
bcBLLX	89
bcAYKS	70
bcDELP	2157
bcBVFP	1697
bcBOKY	1890
bcCIOZ	1455
bcIEOG	1363
bcBNDC	1371
bcCEYO	1318
bcFNDJ	1090
bcGOEY	1040
bcIATK	750
bcCKGW	728
bcETGE	588
bcGIUM	591
bcBGWY	569
bcCKEQ	366
bcBLZW	422
bcAUKU	388
bcBVIR	368
bcGAAD	347
bcBUOE	322
bcEEXH	371
bcESHG	291
bcCZWR	230
bcBVLQ	154
bcASJL	199
bcARSK	224
bcBNFQ	204
bcHFDK	212
bcCFZL	208
bcGAGC	199
bcATVN	172
bcBCYS	175
bcEXKP	229
bcEXBT	152
bcEEGW	173
bcHKKS	159
bcFELJ	156
bcAECR	165
bcAFKU	144
bcEFTT	151
bcDWCW	110
bcGMTV	162
bcBQPN	111
bcGVSN	155
bcAWTE	154
bcCLHM	127
bcAVIO	109
bcBWUY	96
bcAMGT	143
bcHWLM	86
bcAOPE	116
bcAEAP	135
bcIJER	147
bcBLYG	112
bcHQUF	110
bcABMJ	89
bcEBQV	161
bcAVNJ	132
bcFVQH	105
bcHWJM	93
bcGUOG	123
bcEQFV	52
bcAGKA	118
bcEPUJ	86
bcBSJC	117
bcAFZZ	62
bcAFFW	110
bcEZKI	111
bcAJVD	116
bcHKIK	86
bcGCCB	84
bcHTIE	81
bcGFES	99
bcFXFQ	102
bcIDSI	86
bcAZMR	105
bcHMNK	89
bcEYGA	106
bcATFB	57
bcATDH	64
bcECRD	109
bcELGW	100
bcCDBC	120
bcCLHO	89
bcCFWK	98
bcCUEW	113
bcGFNY	87
bcDUHB	108
bcEACL	94
bcCVLF	48
bcAXYC	73
bcCIEH	104
bcEGDF	77
bcCNBO	61
bcIGDS	83
bcAGHD	56
bcCXIN	74
bcGZXB	80
bcDWWJ	49
bcCAMK	57
bcFVOY	78
bcGRYU	75
bcAESG	94
