"cellID","Adora2a","Drd1"
"A_TTAACGAAGG_ATAGTACGGT_ATCGAAGGTA",0,0
"A_TAAGTTGGTT_TTCTCCGATT_ATCGAAGGTA",0,0
"A_TGATACAGCA_TATCACACGA_CACACATTAG",0,0
"A_ACTTGCTACA_TCCACTTGTC_CCGCATCATT",0,0
"A_CGTAGTAGTG_GACAAGCTCC_GCACGGCATT",0,0
"A_GGACGAACGG_ATATTCGCAA_GCTCTAACCT",0,0
"A_TAGTGGTAAT_GATGCAAGAT_GGCTACTCAC",0,0
"A_ATCGACCTTG_GTTCGCTTCA_GTGATTAACC",0,0
"A_CAGTACGGCA_ACCGTCCGTC_TAATGTCGGC",0,0
"A_GCTACTTAGT_GTTCGCTTCA_TCTGCTAACC",0,0
"A_GTGCTTCGAC_TATCACACGA_TCTGGTCTGC",0,0
"A_AATGCTTGTG_ATCTGGTCAG_TGCAGACATG",0,0
"B_TAGTGGTAAT_ATCGCTGCTC_AGCCTTCTAG",0,0
"B_AGGACATGAA_GACTACCTCA_CCAACAGCTA",0,0
"B_TAGGTTGGTG_ATCCGTGTGG_CGAACGTCCT",0,0
"B_TTCCTGTTGT_TTCCTATCAC_CGTTGTCAGC",0,0
"B_ACTTCAACAC_ACGAGACCAA_CTTATCAGGA",0,0
"B_TGAGCAATCT_ACCAAGCGAA_GAAGCCTAGT",0,0
"B_AAGCCGCATA_GACTACCTCA_GAAGCCTAGT",0,0
"B_TATTACCAGT_CCTACCTACC_GACCTTACTG",0,0
"B_CGTAGTAGTG_AGTCCACCGT_GCACGGCATT",0,0
"B_TTCACAGCTC_GTAAGGTTCA_GTTACCGCTC",0,0
"B_CTTCGAGTGA_CACTACCTTC_GTTGTGCGAA",0,0
"B_ATTGAGTGAC_AGTCCACCGT_TACGACGATG",0,0
"B_GACCTTCCAC_CTCTCTGTAT_TCGATTGGTC",0,0
"B_CGATATTGGT_ATCATTCGCA_TCTTCCAACT",0,0
"B_CAGTACGGCA_TGCGTACAGT_TGAGTCTCCT",0,0
"B_CGAGTATGTT_GAATCGGTTA_TGTATCCGCT",0,0
"B_CCTTATGCCG_ACCGTCCGTC_TTACTAGCTC",0,0
"B_CTTCGAGTGA_GATAACCACA_TTCCACACTG",0,0
"A_GACCTTCCAC_CAGCACATAG_AACAACCATC",1,0
"A_TTCTACACTT_TCTGGCTCAT_ACAGAGATGG",1.5849624872207642,0
"A_CTTCGAGTGA_CCTACCTACC_ACCACCAGTG",1,0
"A_GTGCTTCGAC_TACATACCAA_ACGGTGCTTG",2,0
"A_TTACTACGCA_TACTCTTCAC_CTACAAGTTC",1,0
"A_CAGTACGGCA_TACATACCAA_CTCGATATCT",1.5849624872207642,0
"A_GACCTTCCAC_TCCACTTGTC_GAAGCCTAGT",1.5849624872207642,0
"A_AGACGTATTG_CGTAATCAAG_GACCTTACTG",1,0
"A_TAGGATGACG_GAATCGGTTA_GAGAGCTAGT",1,0
"A_TGTAACTACG_TATTCCAACC_GATTGACTGG",1,0
"A_CCTGCCTATT_GTTACAAGTC_GTAGTACCTC",1.5849624872207642,0
"A_ACTACTGTTC_CTGTCGTAGC_GTGATTAACC",1,0
"A_AGGTTACGGA_GACTACCTCA_TAGCCGTTAG",1,0
"A_CCTTATGCCG_ACCGTCCGTC_TCAACGTCAC",1,0
"A_CGATCTCAGA_TCGTGCGAGT_TCTTGGAATG",1.5849624872207642,0
"A_CCTTATGCCG_GGTCTCAAGT_TGAGCATCTA",1.5849624872207642,0
"A_TTGTCTGACG_CTGTTGAGAT_TGAGTCTCCT",1.5849624872207642,0
"A_GCTGACGAAC_TAACTGCATA_TGCATCCAAG",1,0
"A_CCTAGTGTGT_AGTCCACCGT_TTCTTCACAC",1.5849624872207642,0
"A_CTCCTGAATC_ACCGTCCGTC_TTGGAGTCAT",1,0
"B_CGTAGTAGTG_TTCGCTATGT_AACAACCATC",1,0
"B_CGTTACATCG_GTTCGCTTCA_AAGCAGATAG",1,0
"B_ACGTATAACG_CTCTCAAGCT_ACAGAGATGG",1.5849624872207642,0
"B_TGTGCAGATT_ATATTCGCAA_ACCACCAGTG",1.5849624872207642,0
"B_TGATACAGCA_CCGTACCTAT_ATCGAAGGTA",1,0
"B_TGGCTTAACA_TCCTTAGGTC_CCGCATCATT",1,0
"B_TAACACGAAG_TCTCCTTGGT_CTAGGACAGC",1,0
"B_TTCCTGTTGT_ACCGTCCGTC_CTCGATATCT",2.5849623680114746,0
"B_CCTTATGCCG_TACATCGCCA_CTTCTTCAAG",1,0
"B_TACATAGAGG_TTAACAGTCA_TCTGATACAC",2.321928024291992,0
"B_ACTACTGTTC_TTCTTCTGAT_TCTGATAGGT",1,0
"B_AATGCTTGTG_CAGCACATAG_TGGATTACAG",1,0
"B_TACATAGAGG_AAGCCTGGAC_TTACTAGCTC",2.321928024291992,0
"B_CTGGTCCTAA_ATCGCTGCTC_TTGGAGTCAT",1.5849624872207642,0
"A_AGCAGGCGTT_TTCGCTATGT_GTGGTTCAAT",1,1