"cellID","Drd1"
"GGATGAGGAG_CTGTTGAGAT_ACGCACGTTC",0
"AGCAGGCGTT_TTCTCCGATT_ACGCACGTTC",0
"CGCACTTCAT_TTCCTATCAC_AGCCTAATAG",0
"GAGAGAAGTC_TATCACACGA_AGTCCAACTA",0
"TGACGGATAG_CTCTCAAGCC_ATGATAGGAG",0
"ACCTGAGATG_TTCCTATCAC_CCAACAGCTA",0
"CGAGTATGTT_TGCGTACAGT_CTACAAGTTC",0
"CGCTGTATCT_TGCGTACAGT_CTAGGACAGC",0
"CGTGTTCCAG_ATACAGCGAG_TATAGTCACC",0
"ATTGAGTGAC_CTCAGGTAAG_TGTTGTGACA",0
"TTAACGAAGG_AGGAGACGTC_TTGGATACGT",0
"B_GGACTATACT_GGTCTCAAGT_AACAACCATC",0
"B_ATTGAGTGAC_TGCTCTGACA_CGATCACTTA",0
"B_CAGTACGGCA_CTGTTGAGAT_CTAGGACAGC",0
"B_CTTCACCTTC_TGAATGTGAG_CTCTTGTATC",0
"B_ATTGTGGCAA_TCCACTTGTC_GATTGACTGG",0
"B_TTGGTCTCAG_AGATTGAACG_TCAAGAACTA",0
"B_ATGGCGAGGT_CTCTCAAGCT_TGCATCCAAG",0
"CGAGTATGTT_TACCATCAGC_ACGGTGCTTG",8.006084442138672
"GTGCTTCGAC_ACGTTCGCAC_CCTCAATGGC",8.195452690124512
"AAGTAAGCAC_CTCTCAAGCT_CCTGAATGTT",7.480749130249023
"TGAATCCAAG_TTCCTATCAC_GTTGTCTGTG",7.66838264465332
"TAAGTTGGTT_TACTCTTCAC_TGCACTGGAT",7.712053298950195
"CACCGATTAC_ATAGTACGGT_TGTATCCGCT",6.862371444702148
"TAGGATGACG_CTCTCAAGCC_TTCCACACTG",7.852352619171143
"B_CGATCTCAGA_TCCTTAACTG_CAACACACTA",8.181658744812012
"B_GTTAGTTGAC_TACATCGCCA_CACACATTAG",7.839847564697266
"B_CCTGCCTATT_AAGGTGTGGT_GGCGTTGTGT",7.929420471191406
"B_CGATATTGGT_CTGTTGAGAT_TTAGCCTCTT",7.900757789611816
"B_CCTGCCTATT_ATCGCTGCTC_CTTCTGATGC",8.240682601928711
"TGTAACTACG_AAGCCTGGAC_ACAGAGATGG",9.287321090698242
"TTACTACGCA_CTGACCGAAT_ACGGCAAGCA",10.10104751586914
"ACCTCATGAA_CTGATATTCA_AGCATGGAAC",8.562524795532227
"TTCACAGCTC_TGCTCTGACA_CCAACAGCTA",9.416996002197266
"GGATGAGGAG_TAACCACCGC_CGAACGTCCT",8.841958999633789
"GACCTTCCAC_TATCACACGA_CGATCACTTA",8.95291519165039
"ATCGACCTTG_ATAGTTGGAG_GCTCTAACCT",9.698488235473633
"CCTAGTGTGT_TATCACACGA_GGAATGTGAA",10.160240173339844
"TGATACAGCA_TTGACTCCTA_GGAATGTGAA",8.910123825073242
"AGCAGGCGTT_CACAACGTGT_GTAGTTAGCT",8.931009292602539
"CATTGTCGCA_CAGCACATAG_TACGTCTGGT",9.137282371520996
"GTCAATCGGT_TACTCTTCAC_TATAGTCACC",8.501447677612305
"TAGTGGTAAT_CACCGTTCTT_TCAACGTCAC",8.460948944091797
"ACGTATAACG_GAATCGGTTA_TCGATTGGTC",10.420868873596191
"CGAGTATGTT_GATAACCACA_TCTGCTAACC",8.822970390319824
"TTCTACACTT_AATCAGCCTA_TCTGGTCTGC",8.663958549499512
"AGCAGGCGTT_CCTGTTACTC_TCTTGGAATG",10.049065589904785
"TACATAGAGG_CAGCACATAG_TGAGTCTCCT",9.988277435302734
"TAACACGAAG_GATAACCACA_TGGCGGACAA",9.411108016967773
"TCGCACATAC_CCGTACCTAT_TGTATCCGCT",9.239599227905273
"B_CGATCTCAGA_TACTCTTCAC_ACGGTGCTTG",9.975899696350098
"B_ACTTGCTACA_ACGAGACCAA_AGCCTTCTAG",8.609960556030273
"B_CGAGTATGTT_CGTCCTGAAT_CAATCATTGC",8.98132038116455
"B_GAGTGCTAAG_TCGTGCGAGT_CACACATTAG",8.964353561401367
"B_GACCTTCCAC_CACTACCTTC_CGAACGTCCT",8.70950984954834
"B_AGGTTACGGA_TCGCCTAAGT_CTAGGACAGC",9.562246322631836
"B_CCTAGTGTGT_TTCTTCTGAT_CTCTTGTATC",9.529090881347656
"B_TTGGTCTCAG_AGTCCACCGT_CTTCACATGA",10.289316177368164
"B_CGCTGTATCT_GTTGATCGAG_GACCTTACTG",9.06082820892334
"B_ACCTGAGATG_ACCTTGTATG_GATTGACTGG",9.324641227722168
"B_CTGGATTGTA_TACATACCAA_GCACGGCATT",10.25092887878418
"B_TTGGTCTCAG_ATATTCGCAA_GTCGGTTCGT",10.719927787780762
"B_TTAACGAAGG_ATATTCGCAA_GTTGTCTGTG",9.431821823120117
"B_AAGTAAGCAC_TTCGCTATGT_GTTGTCTGTG",9.223177909851074
"B_TGTAACTACG_TAACTGCATA_TATAGTCACC",8.534052848815918
"B_CTGGATTGTA_GACTTCGGAT_TCTGATAGGT",8.967947006225586
"B_CCTGGTATTA_CGATAGCGGA_TGCATCCAAG",8.76496410369873
"B_CGATCTCAGA_CTGATTATGT_TTATTGGCAC",9.346009254455566
"B_GACATTCTCT_TATTCCAACC_TTGGAGTCAT",9.904707908630371